body_temp,ambient_temp,humidity,thi,status
33.8,30.22,79.0,83.116262,Needs Attention
34.12,24.84,89.8,75.6622568,Needs Attention
33.99,32.0,89.6,87.79248,High Risk
34.39,32.76,69.6,85.45575039999999,High Risk
32.39,21.2,77.3,68.641824,Good
31.49,23.79,52.6,70.4365046,Good
35.55,29.51,76.2,81.5682538,High Risk
33.07,27.74,65.5,77.39090299999998,Needs Attention
33.95,28.93,72.8,80.1733296,Needs Attention
32.5,25.59,54.8,73.07458679999999,Good
32.99,32.52,79.9,86.9391452,High Risk
33.94,32.11,54.6,81.8580394,Needs Attention
34.33,29.26,76.8,81.2651632,Needs Attention
34.96,33.51,60.3,84.8246647,High Risk
34.1,30.87,64.8,81.8420224,Needs Attention
33.82,25.56,88.9,76.7865116,Needs Attention
33.81,30.48,82.1,84.0223392,High Risk
32.98,25.16,88.8,76.09985920000001,Needs Attention
33.97,32.51,93.7,89.3912513,High Risk
34.52,28.8,65.7,78.965284,Needs Attention
33.81,28.26,93.0,81.91058199999999,Needs Attention
32.65,26.28,57.4,74.3124728,Good
34.67,33.89,84.0,89.921824,High Risk
35.57,28.38,69.1,78.8209742,Needs Attention
32.69,27.29,63.8,76.5184098,Needs Attention
33.48,27.59,82.4,79.3715184,Needs Attention
37.77,31.13,86.3,85.7709381,High Risk
34.71,30.46,86.0,84.608244,High Risk
35.48,30.65,77.6,83.576256,Needs Attention
33.56,30.72,76.6,83.5256048,Needs Attention
36.38,37.57,81.3,95.3447659,High Risk
33.4,27.37,78.6,78.5275918,Needs Attention
33.62,26.95,81.5,78.2196075,Needs Attention
34.87,25.74,77.4,75.80473239999999,Needs Attention
33.94,31.46,85.1,86.1180354,High Risk
34.62,33.52,55.5,83.932264,Needs Attention
32.8,28.54,73.4,79.6600764,Needs Attention
33.83,25.64,58.4,73.5412224,Good
32.54,25.7,78.3,75.84196899999999,Needs Attention
35.14,31.6,94.7,87.97984799999999,High Risk
32.81,31.97,69.3,84.2194579,High Risk
34.63,31.17,76.5,84.2147995,High Risk
32.59,26.34,84.1,77.5395206,Needs Attention
34.54,29.93,50.2,78.23931139999999,Needs Attention
33.78,29.47,68.7,80.39003109999999,Needs Attention
33.39,29.87,79.4,82.62011220000001,Needs Attention
34.05,32.49,40.2,79.79867019999999,Needs Attention
34.21,29.89,63.3,80.19016629999999,Needs Attention
35.0,31.72,88.2,87.0778696,High Risk
32.81,29.27,87.0,82.777951,Needs Attention
33.69,30.16,79.5,83.098528,Needs Attention
34.52,31.53,85.6,86.3182832,High Risk
33.99,23.17,77.6,71.7710208,Good
33.44,27.72,81.7,79.4908676,Needs Attention
33.11,27.12,71.2,77.2019456,Needs Attention
33.44,26.44,76.4,76.78935840000001,Needs Attention
31.61,27.9,67.4,77.877354,Needs Attention
33.82,34.98,90.2,92.9716404,High Risk
32.67,25.54,93.3,77.2360318,Needs Attention
33.83,32.87,91.6,89.6337308,High Risk
30.91,22.27,70.1,69.7695573,Good
34.2,27.66,63.6,77.02564240000001,Needs Attention
34.06,29.65,90.3,83.9098105,Needs Attention
34.3,31.34,81.5,85.31757900000001,High Risk
35.53,31.84,78.9,85.6782424,High Risk
34.41,32.17,67.4,84.1852542,High Risk
33.88,27.61,80.1,79.1042539,Needs Attention
33.09,27.15,62.0,76.09017,Needs Attention
34.79,32.43,82.6,87.27580819999999,High Risk
32.83,28.23,91.5,81.65394549999999,Needs Attention
34.14,23.9,94.6,74.514506,Good
33.82,24.47,83.5,74.40832549999999,Good
34.07,25.32,58.4,73.0970112,Good
35.29,30.99,77.4,84.0800974,High Risk
34.07,29.57,100.0,85.226,High Risk
34.28,31.76,64.6,83.0995904,Needs Attention
32.95,27.29,74.3,77.8537053,Needs Attention
32.2,29.63,92.0,84.131304,High Risk
32.99,31.5,82.4,85.72824,High Risk
33.3,27.76,100.0,81.968,Needs Attention
33.97,30.83,66.2,82.01106539999999,Needs Attention
34.44,26.35,63.1,75.0807815,Needs Attention
34.59,27.55,89.7,80.2536265,Needs Attention
32.78,27.47,60.6,76.3652518,Needs Attention
33.48,24.22,72.6,72.9442828,Good
33.66,30.95,74.2,83.494151,Needs Attention
33.94,27.12,87.4,79.23485120000001,Needs Attention
34.44,29.05,82.4,81.745128,Needs Attention
35.2,30.92,80.5,84.47539400000001,High Risk
33.61,30.79,70.2,82.5997342,Needs Attention
35.15,31.66,89.6,87.2154864,High Risk
31.94,28.61,100.0,83.49799999999999,Needs Attention
34.53,27.31,83.3,79.0309377,Needs Attention
33.61,28.68,76.2,80.26981839999999,Needs Attention
32.35,22.25,59.4,68.91263500000001,Good
30.71,23.21,67.4,70.94900460000001,Good
32.29,23.71,72.4,72.1462796,Good
34.12,25.01,68.6,73.7335914,Good
35.08,30.6,74.8,83.04951200000001,Needs Attention
33.62,25.38,96.3,77.2834306,Needs Attention
35.24,27.49,90.0,80.19049,Needs Attention
35.7,34.2,73.1,88.298898,High Risk
33.59,27.57,60.5,76.4932515,Needs Attention
33.45,31.95,91.0,87.95025499999998,High Risk
33.0,25.27,74.4,74.7423712,Good
34.98,28.18,54.3,76.5096226,Needs Attention
33.39,25.2,83.5,75.60308,Needs Attention
33.32,27.64,87.3,80.09292280000001,Needs Attention
36.4,32.36,45.9,80.65260759999998,High Risk
33.36,22.09,65.1,69.1203841,Good
34.78,30.74,73.7,83.0891262,Needs Attention
35.68,29.95,83.8,83.42321899999999,High Risk
33.88,26.62,68.8,76.15521439999999,Needs Attention
33.23,23.22,65.0,70.75527,Good
31.79,29.29,83.7,82.32637270000001,Needs Attention
33.63,26.88,69.4,76.61677279999999,Needs Attention
33.74,29.93,81.5,83.0378205,Needs Attention
33.27,29.09,61.7,78.8088447,Needs Attention
34.81,35.41,58.8,87.1865692,High Risk
32.11,28.04,84.1,80.33192360000001,Needs Attention
31.26,24.91,78.0,74.558602,Good
34.97,29.72,86.1,83.3939308,Needs Attention
34.29,29.88,68.6,80.98570319999999,Needs Attention
32.62,34.44,65.5,87.16251799999999,High Risk
33.85,32.34,91.3,88.67065580000002,High Risk
34.78,30.43,56.7,79.9214719,Needs Attention
34.62,34.85,90.0,92.70985,High Risk
33.87,24.24,90.8,74.7398208,Good
35.67,26.44,85.3,77.84628680000002,Needs Attention
31.74,25.29,66.7,73.94654569999999,Good
33.26,27.44,65.2,76.91477119999999,Needs Attention
32.2,23.49,72.5,71.81934749999999,Good
32.96,31.54,59.5,81.917537,Needs Attention
33.97,28.11,63.5,77.6599515,Needs Attention
31.8,23.12,82.7,72.1301376,Good
32.31,24.94,82.8,75.1048168,Needs Attention
34.21,30.25,62.4,80.56654,Needs Attention
35.31,32.35,83.1,87.2342215,High Risk
35.76,36.99,80.5,94.2295805,High Risk
36.58,40.0,93.1,102.25429999999999,High Risk
35.5,30.66,81.8,84.2662812,High Risk
33.45,25.04,87.7,75.7817792,Needs Attention
31.86,20.47,80.7,67.6946971,Good
33.52,30.07,86.8,84.0840524,High Risk
34.76,25.75,59.6,73.82822999999999,Good
31.27,27.34,73.5,77.828851,Needs Attention
31.52,26.55,74.5,76.73395249999999,Needs Attention
33.93,28.44,72.1,79.3262876,Needs Attention
34.31,33.26,80.3,88.19840219999999,High Risk
32.53,29.63,82.6,82.7181362,Needs Attention
32.62,28.37,79.7,80.2673811,Needs Attention
32.04,24.86,72.9,73.95361059999999,Good
33.16,22.3,66.2,69.511374,Good
34.4,27.05,88.2,79.21741899999999,Needs Attention
35.13,28.78,79.2,80.8520224,Needs Attention
33.68,36.07,62.8,88.9617404,High Risk
32.57,29.52,72.7,81.0615296,Needs Attention
33.19,32.93,54.1,82.8739787,Needs Attention
34.46,27.0,75.4,77.54221999999999,Needs Attention
33.13,24.26,72.6,73.0054324,Good
33.0,25.14,68.1,73.8742366,Good
33.33,26.1,94.0,78.28766,Needs Attention
35.35,37.51,61.1,90.6352239,High Risk
32.03,25.71,83.5,76.43777150000001,Needs Attention
34.83,32.35,100.0,90.23,High Risk
32.81,25.39,87.9,76.3908319,Needs Attention
33.36,32.73,74.6,86.31591419999998,High Risk
34.52,30.54,61.4,80.82124440000001,Needs Attention
33.19,28.37,58.7,77.3722581,Needs Attention
33.87,28.84,70.1,79.6507716,Needs Attention
33.06,26.38,66.8,75.5610216,Needs Attention
34.86,30.78,66.4,81.9701408,Needs Attention
34.89,27.18,71.1,77.2802302,Needs Attention
31.92,24.1,73.8,72.875542,Good
32.97,23.89,80.8,73.2065888,Good
34.16,29.69,60.1,79.41985310000001,Needs Attention
35.42,35.32,66.8,88.7146224,High Risk
34.76,29.64,73.1,81.3052716,Needs Attention
33.05,28.53,72.7,79.54709690000001,Needs Attention
34.53,30.14,97.0,85.785842,High Risk
33.19,34.22,77.8,89.2497284,High Risk
35.2,29.88,55.6,78.9991472,Needs Attention
33.12,27.36,80.0,78.69071999999998,Needs Attention
35.89,33.43,81.5,88.69679550000001,High Risk
35.74,30.72,73.5,83.026108,High Risk
35.48,35.14,60.4,87.1385144,High Risk
34.11,29.73,96.1,84.92382470000001,High Risk
32.4,24.1,62.2,71.76669799999999,Good
31.84,23.53,82.9,72.81590630000001,Good
37.25,35.6,77.4,91.346656,High Risk
34.48,35.89,82.2,92.8228642,High Risk
33.62,28.28,95.5,82.28762599999999,Needs Attention
33.51,27.47,81.7,79.0861601,Needs Attention
33.44,34.85,68.3,88.3261245,High Risk
32.34,24.57,88.3,75.0531569,Needs Attention
34.55,25.42,67.4,74.2137492,Good
34.29,31.57,77.0,84.92651099999999,High Risk
32.69,27.42,59.5,76.15345099999999,Needs Attention
33.19,28.98,62.6,78.7820652,Needs Attention
34.49,28.35,75.6,79.670974,Needs Attention
34.5,30.35,79.4,83.38622099999999,Needs Attention
35.92,34.63,54.6,85.2614002,High Risk
32.89,29.36,81.0,82.042384,Needs Attention
35.37,31.58,65.2,82.9404584,Needs Attention
33.24,20.8,90.4,68.835968,Good
35.09,28.81,70.8,79.70520520000001,Needs Attention
33.03,25.63,61.5,73.8706255,Good
32.57,24.12,75.9,73.1075092,Good
35.24,25.49,64.0,73.945364,Good
33.03,27.66,90.2,80.50582680000001,Needs Attention
34.09,32.66,75.0,86.27964999999999,High Risk
31.33,23.69,73.2,72.18896919999999,Good
35.18,29.12,82.1,81.81534479999999,Needs Attention
32.84,27.06,62.9,76.0744326,Needs Attention
34.86,27.69,59.5,76.53119450000001,Needs Attention
34.11,33.01,79.9,87.72364010000001,High Risk
33.3,31.15,61.8,81.752293,Needs Attention
35.96,34.35,61.8,86.30211700000001,High Risk
33.51,28.38,85.0,81.01457,Needs Attention
33.09,26.22,81.3,77.01599139999999,Needs Attention
32.37,28.1,60.0,77.17240000000001,Needs Attention
33.48,29.97,67.6,80.96602279999999,Needs Attention
34.23,29.71,64.2,80.0675818,Needs Attention
31.66,24.66,96.3,76.01380420000001,Needs Attention
33.29,29.36,85.9,82.7659376,Needs Attention
33.5,29.91,69.9,81.22941909999999,Needs Attention
35.77,39.07,81.9,97.9133467,High Risk
36.53,36.51,58.7,88.6960563,High Risk
32.75,25.59,66.9,74.4097129,Good
32.85,27.85,76.3,78.98465449999999,Needs Attention
35.0,23.15,80.4,71.980774,Good
32.84,26.64,73.8,76.7887168,Needs Attention
33.78,30.26,78.0,83.023372,Needs Attention
34.34,33.82,75.9,88.2531862,High Risk
32.87,26.08,73.0,75.83381599999998,Needs Attention
33.25,26.38,71.4,76.1045668,Needs Attention
32.81,20.41,69.9,66.9603241,Good
33.93,28.35,77.8,79.973837,Needs Attention
33.82,24.75,79.9,74.49929750000001,Good
35.66,26.88,77.4,77.6016688,Needs Attention
33.19,25.49,60.9,73.6063759,Good
33.96,28.62,63.0,78.323494,Needs Attention
33.29,21.97,79.8,70.04103939999999,Good
31.53,23.13,92.7,73.0062949,Good
37.65,37.52,76.8,94.2360064,High Risk
32.21,23.85,70.1,72.14586150000001,Good
32.51,24.61,77.7,74.0537503,Good
34.08,36.35,61.4,89.059011,High Risk
34.84,40.0,90.7,101.6471,High Risk
33.64,24.31,77.2,73.53114679999999,Good
37.0,27.53,67.0,77.278949,High Risk
33.46,30.37,73.0,82.409099,Needs Attention
35.4,35.91,68.7,89.98646829999998,High Risk
33.11,25.05,90.7,76.1135465,Needs Attention
34.4,28.02,72.6,78.7534948,Needs Attention
36.32,32.11,76.9,85.7580641,High Risk
35.42,30.74,81.9,84.4119994,High Risk
33.18,27.5,66.1,77.118425,Needs Attention
34.07,28.46,77.3,80.07828420000001,Needs Attention
33.17,23.5,78.3,72.354595,Good
33.49,28.05,56.4,76.617298,Needs Attention
32.5,27.93,78.0,79.336846,Needs Attention
33.17,29.93,74.5,81.9646715,Needs Attention
34.29,26.78,76.6,77.3463452,Needs Attention
35.2,30.89,75.4,83.5968494,Needs Attention
34.32,33.05,78.1,87.45612949999999,High Risk
34.06,29.62,91.0,83.963858,Needs Attention
35.06,30.41,60.8,80.5420872,Needs Attention
32.21,29.21,70.9,80.32419110000001,Needs Attention
33.3,29.0,83.0,81.7503,Needs Attention
34.94,26.11,80.8,76.7806112,Needs Attention
35.49,30.27,80.5,83.43087649999998,Needs Attention
32.61,28.61,100.0,83.49799999999999,Needs Attention
35.48,37.37,82.4,95.27145119999999,High Risk
35.88,35.29,88.6,93.1693706,High Risk
31.72,30.54,71.3,82.39876980000001,Needs Attention
33.25,25.95,63.1,74.5069055,Good
32.47,24.55,71.2,73.30870399999999,Good
33.18,33.76,83.5,89.612804,High Risk
33.98,30.05,79.9,82.9846505,Needs Attention
33.96,30.92,79.8,84.3612184,High Risk
32.28,22.02,72.4,69.5660552,Good
35.24,32.71,70.5,85.5435445,High Risk
33.14,30.82,72.8,83.0663904,Needs Attention
31.5,24.56,83.7,74.5756528,Good
32.7,27.11,85.1,78.92970389999999,Needs Attention
34.68,30.05,62.9,80.3582355,Needs Attention
33.95,29.21,84.1,82.2537539,Needs Attention
33.4,27.83,67.2,77.7474424,Needs Attention
32.68,28.59,80.6,80.7452046,Needs Attention
33.16,27.99,72.7,78.7210427,Needs Attention
34.49,29.61,93.8,84.3671382,High Risk
35.33,34.89,70.0,88.72966999999998,High Risk
31.47,20.0,77.1,66.7405,Good
31.16,28.05,82.3,80.10589850000001,Needs Attention
33.23,29.71,64.5,80.1129205,Needs Attention
33.5,30.18,74.1,82.2892462,Needs Attention
32.59,27.51,71.8,77.8703582,Needs Attention
31.92,21.97,68.8,69.2215064,Good
34.7,30.31,69.7,81.79880929999999,Needs Attention
35.05,35.91,88.3,94.15164469999999,High Risk
33.36,22.86,67.8,70.4652892,Good
33.03,32.46,81.8,87.1819572,High Risk
33.16,27.69,78.8,79.06202280000001,Needs Attention
31.91,28.75,58.2,77.830075,Needs Attention
32.47,24.79,81.2,74.6964852,Good
32.49,27.66,58.0,76.292972,Needs Attention
35.89,34.2,82.5,90.13735,High Risk
34.53,31.33,68.9,83.1951063,Needs Attention
36.0,35.93,75.1,91.3775957,High Risk
34.26,33.71,59.5,84.9534755,High Risk
33.13,30.76,76.5,83.57218599999999,Needs Attention
34.15,35.98,86.1,93.8004922,High Risk
34.29,30.76,65.3,81.7631172,Needs Attention
35.99,32.31,67.7,84.44513130000001,High Risk
33.83,27.81,80.5,79.4777795,Needs Attention
33.42,29.27,80.8,81.8679584,Needs Attention
32.97,26.21,45.8,72.8648382,Good
34.46,32.96,99.2,91.1813568,High Risk
34.58,24.29,81.3,73.89929230000001,Good
35.44,32.13,83.4,86.92755580000001,High Risk
33.78,28.24,73.3,79.18542079999999,Needs Attention
34.74,33.68,52.7,83.6165664,Needs Attention
34.57,32.0,83.1,86.66278,High Risk
37.6,36.28,68.2,90.4297304,High Risk
33.91,31.92,81.5,86.255352,High Risk
31.68,22.71,72.4,70.6195196,Good
34.58,28.73,77.9,80.5884633,Needs Attention
32.78,24.31,65.7,72.4079533,Good
34.14,26.93,85.4,78.66933780000001,Needs Attention
36.39,35.04,60.7,87.0588872,High Risk
35.91,31.55,100.0,88.78999999999999,High Risk
33.46,26.2,100.0,79.16,Needs Attention
35.77,24.95,94.6,76.348373,Needs Attention
33.91,29.13,90.3,83.0237461,Needs Attention
31.75,24.13,74.0,72.940938,Good
32.91,26.32,89.0,78.082752,Needs Attention
36.96,30.25,73.8,82.35035500000001,High Risk
33.46,33.62,56.4,84.23906319999999,High Risk
33.51,31.44,93.0,87.41420800000002,High Risk
32.9,20.0,88.5,67.36749999999999,Good
33.7,30.22,74.6,82.4290788,Needs Attention
33.66,29.29,60.3,78.8872513,Needs Attention
35.0,30.66,68.0,82.050912,Needs Attention
36.33,35.46,53.1,86.0702674,High Risk
30.73,20.75,86.3,68.4947775,Good
31.98,26.64,55.8,74.6154688,Good
34.7,31.36,78.4,84.8307776,High Risk
32.67,22.67,64.9,69.94770170000001,Good
34.26,34.9,57.9,86.29432899999999,High Risk
32.95,30.47,77.9,83.33976870000001,Needs Attention
34.13,32.39,71.0,85.14983099999999,High Risk
34.25,26.72,85.1,78.2852328,Needs Attention
33.6,32.26,59.8,82.9777652,Needs Attention
33.96,33.27,65.9,85.5306807,High Risk
34.38,29.93,46.3,77.64141409999999,Needs Attention
35.42,29.94,48.8,78.03761279999999,Needs Attention
34.22,30.08,96.6,85.6177072,High Risk
34.91,25.55,100.0,77.99000000000001,Needs Attention
33.78,28.41,76.1,79.8336099,Needs Attention
33.53,28.39,65.1,78.2836711,Needs Attention
36.04,30.53,71.4,82.39953580000001,High Risk
35.13,33.0,85.5,88.73635,High Risk
33.85,24.77,68.8,73.39664239999999,Good
35.67,28.5,77.9,80.22478500000001,High Risk
34.86,34.93,74.8,89.76326359999999,High Risk
33.32,26.03,68.2,75.20663540000001,Needs Attention
34.83,25.71,68.7,74.7871423,Good
34.17,29.81,78.5,82.3874415,Needs Attention
35.75,32.38,63.3,83.7674746,High Risk
33.18,29.05,80.4,81.45593799999999,Needs Attention
35.47,34.32,69.3,87.73522240000001,High Risk
34.53,32.43,76.5,86.18966049999999,High Risk
35.26,32.37,91.6,88.77531079999999,High Risk
33.95,31.22,73.0,83.711894,Needs Attention
35.25,38.31,86.0,97.65023400000001,High Risk
34.19,28.18,53.5,76.400837,Needs Attention
32.42,20.99,69.4,67.7990894,Good
35.67,35.42,75.3,90.6268474,High Risk
34.54,27.17,98.1,80.6666323,Needs Attention
34.45,29.43,51.5,77.7786855,Needs Attention
36.64,34.24,73.8,88.49742880000001,High Risk
32.0,22.59,92.5,72.0571925,Good
33.03,23.99,65.6,71.93116559999999,Good
33.01,22.59,72.4,70.4363084,Good
31.63,25.82,79.0,76.11102199999999,Needs Attention
34.39,30.76,77.2,83.68525279999999,Needs Attention
34.71,31.1,93.8,86.957682,High Risk
31.8,30.11,80.4,83.1582556,Needs Attention
32.75,23.35,90.9,73.2276985,Good
32.53,20.0,70.7,66.3885,Good
34.27,29.22,66.1,79.6371758,Needs Attention
34.04,27.11,72.3,77.3247247,Needs Attention
33.77,30.84,61.1,81.1979076,Needs Attention
35.32,31.81,80.8,85.95715519999999,High Risk
32.19,29.55,70.4,80.76346799999999,Needs Attention
35.29,32.04,66.9,83.9061124,Needs Attention
34.52,29.92,81.0,82.94504799999999,Needs Attention
35.18,31.12,61.3,81.6270944,Needs Attention
32.48,26.18,84.2,77.2883244,Needs Attention
34.28,28.28,69.3,78.6989596,Needs Attention
33.92,29.79,88.9,83.9356769,Needs Attention
33.57,32.28,70.3,84.85981160000001,High Risk
33.5,27.43,82.6,79.13710819999999,Needs Attention
34.71,31.08,77.2,84.18902239999998,High Risk
35.0,27.94,83.9,80.1409434,Needs Attention
33.39,28.53,76.3,80.04910610000002,Needs Attention
33.58,32.32,55.0,82.21244,Needs Attention
31.28,21.03,87.1,69.01295870000001,Good
32.04,23.81,73.9,72.43803410000001,Good
34.51,23.07,84.5,72.2024085,Good
32.58,20.0,83.3,67.0815,Good
34.16,26.29,65.7,75.2996047,Needs Attention
34.08,32.0,64.0,83.3432,Needs Attention
33.47,27.86,82.9,79.87688059999999,Needs Attention
34.49,29.79,71.4,81.2770594,Needs Attention
34.12,33.36,86.2,89.4637568,High Risk
34.5,34.31,72.9,88.4282701,High Risk
33.04,28.72,87.3,81.90113439999999,Needs Attention
34.38,34.41,80.1,90.00458589999998,High Risk
33.82,29.37,78.5,81.6890955,Needs Attention
32.29,25.65,70.5,74.8974175,Good
33.48,26.62,77.8,77.2400564,Needs Attention
32.77,23.08,89.3,72.6292356,Good
34.31,25.45,74.3,75.0098565,Needs Attention
32.67,27.57,81.4,79.2090602,Needs Attention
34.44,32.21,75.6,85.68655240000001,High Risk
34.62,35.88,76.5,91.597018,High Risk
34.5,23.47,95.7,73.86178210000001,Good
35.0,30.57,89.4,85.33378420000001,High Risk
33.23,24.84,76.0,74.242016,Good
36.04,30.9,77.6,83.970816,High Risk
33.53,28.48,66.6,78.62300320000001,Needs Attention
32.61,21.68,72.9,69.0827728,Good
33.77,32.71,78.7,87.0263423,High Risk
34.24,26.58,85.2,78.0658984,Needs Attention
33.16,26.86,84.0,78.381376,Needs Attention
32.49,24.72,61.7,72.59981760000001,Good
32.66,26.38,86.7,77.91244540000001,Needs Attention
33.8,30.71,73.9,83.0751431,Needs Attention
33.93,28.24,63.2,77.80600319999999,Needs Attention
34.12,30.31,91.0,85.14437899999999,High Risk
33.95,30.45,92.6,85.637433,High Risk
34.12,34.28,78.2,89.4230904,High Risk
32.73,27.63,83.5,79.5801395,Needs Attention
32.1,23.09,84.2,72.2096622,Good
34.97,33.27,91.7,90.3391041,High Risk
34.03,27.67,83.7,79.6717921,Needs Attention
35.31,33.46,59.1,84.52841140000001,High Risk
35.1,30.53,99.1,86.8106777,High Risk
33.94,28.48,87.8,81.56878560000001,Needs Attention
33.83,30.4,68.9,81.807444,Needs Attention
33.69,36.8,62.6,89.962632,High Risk
35.17,37.31,81.1,94.8796259,High Risk
33.42,29.28,71.7,80.5475224,Needs Attention
32.89,29.64,79.0,82.19284400000001,Needs Attention
34.05,33.3,83.9,88.934613,High Risk
33.15,25.62,68.2,74.5977116,Good
32.95,30.33,61.6,80.55494719999999,Needs Attention
33.04,28.9,79.6,81.100556,Needs Attention
35.34,30.26,68.6,81.5515764,Needs Attention
31.59,25.67,76.8,75.6277144,Needs Attention
32.26,22.64,58.9,69.4173104,Good
30.99,20.71,72.0,67.541188,Good
32.13,24.53,83.6,74.51650919999999,Good
33.16,27.17,82.3,78.67610090000001,Needs Attention
34.01,27.83,65.5,77.52216349999999,Needs Attention
35.77,36.75,61.0,89.537825,High Risk
35.8,33.42,75.2,87.4971216,High Risk
34.77,25.15,81.7,75.3304745,Needs Attention
34.9,30.39,79.9,83.5289939,Needs Attention
32.13,27.37,68.9,77.2863507,Needs Attention
33.25,27.86,78.6,79.30578039999999,Needs Attention
34.27,29.74,93.0,84.47201799999999,High Risk
36.37,31.48,77.5,84.86933,High Risk
35.01,27.64,55.4,75.9256344,Needs Attention
35.51,33.26,77.4,87.6582076,High Risk
33.59,24.43,99.5,75.9245715,Needs Attention
36.08,29.03,59.6,78.4203612,Needs Attention
35.86,39.39,75.4,96.8267594,High Risk
33.62,29.89,72.3,81.56636529999999,Needs Attention
35.01,34.73,76.2,89.7343174,High Risk
32.95,29.37,77.3,81.5117799,Needs Attention
34.23,31.32,88.7,86.4881316,High Risk
32.1,28.77,76.0,80.382248,Needs Attention
33.09,28.32,90.3,81.6435304,Needs Attention
32.97,25.88,73.6,75.5952032,Needs Attention
34.9,30.72,70.8,82.59106239999998,Needs Attention
35.02,25.59,67.0,74.42074699999999,Good
35.09,31.66,53.2,81.0116888,Needs Attention
36.44,33.34,78.3,87.9526678,High Risk
34.13,30.47,99.6,86.7825388,High Risk
33.69,27.86,80.5,79.558127,Needs Attention
33.61,30.82,83.2,84.7524176,High Risk
32.9,27.77,70.0,78.02830999999999,Needs Attention
35.39,32.74,72.1,85.8785846,High Risk
32.39,21.67,86.8,70.0617644,Good
34.86,27.66,99.1,81.6702494,Needs Attention
32.31,21.04,92.9,69.4083984,Good
31.21,23.02,84.7,72.13706060000001,Good
34.7,34.46,75.4,89.1534116,High Risk
35.68,32.58,77.5,86.604305,High Risk
34.1,26.12,66.0,75.086008,Needs Attention
32.39,22.99,57.6,69.7949176,Good
33.31,20.0,61.5,65.8825,Good
32.13,26.83,75.6,77.3021452,Needs Attention
34.76,38.68,71.5,94.78593799999999,High Risk
35.73,30.74,57.4,80.4595124,High Risk
33.77,26.76,74.6,77.0711304,Needs Attention
33.81,30.86,71.2,82.8675968,Needs Attention
32.4,22.76,60.9,69.7491316,Good
32.74,27.81,70.6,78.1678214,Needs Attention
34.03,29.4,71.1,80.641066,Needs Attention
33.81,28.66,67.6,79.02821839999999,Needs Attention
34.35,32.16,86.1,87.4501624,High Risk
32.93,30.38,52.2,79.1429764,Needs Attention
35.61,31.67,51.2,80.68398959999999,High Risk
32.67,26.25,75.0,76.328125,Needs Attention
33.53,32.59,76.2,86.3865442,High Risk
36.14,35.52,79.9,91.7421752,High Risk
34.88,25.12,68.5,73.88682800000001,Good
34.74,25.45,64.0,73.88762,Good
35.35,34.34,74.9,88.86815340000001,High Risk
33.31,28.23,69.7,78.6787469,Needs Attention
34.76,34.62,93.6,93.0376768,High Risk
33.71,27.23,71.1,77.3559247,Needs Attention
35.52,34.82,74.4,89.5120192,High Risk
34.99,29.53,100.0,85.154,High Risk
32.07,30.03,72.7,81.8416919,Needs Attention
34.69,35.26,81.7,91.69684579999999,High Risk
34.13,27.55,82.8,79.358386,Needs Attention
32.19,25.24,83.8,75.70060879999998,Needs Attention
33.13,27.21,78.5,78.2608515,Needs Attention
34.6,30.81,77.3,83.78016869999999,Needs Attention
33.81,22.74,76.2,70.97740119999999,Good
33.05,31.55,68.1,83.38789449999999,Needs Attention
32.04,26.84,78.9,77.7226924,Needs Attention
33.77,33.59,99.3,92.32932130000002,High Risk
30.52,20.0,89.5,67.4225,Good
31.75,25.85,78.6,76.113619,Needs Attention
31.48,22.25,85.3,70.91405750000001,Good
34.15,25.7,64.6,74.315378,Good
33.62,29.99,71.9,81.6573819,Needs Attention
33.58,28.28,86.4,81.04118079999999,Needs Attention
32.64,27.99,92.8,81.41647280000001,Needs Attention
34.14,28.36,65.7,78.3226948,Needs Attention
35.55,29.81,69.2,80.9727348,High Risk
32.09,24.97,100.0,76.946,Needs Attention
35.82,31.83,76.2,85.19761539999999,High Risk
34.56,31.65,96.9,88.4419615,High Risk
34.02,30.54,77.5,83.38671500000001,Needs Attention
34.51,31.23,78.0,84.558106,High Risk
34.29,30.19,71.3,81.8682153,Needs Attention
37.0,37.14,86.3,95.7738018,High Risk
34.1,28.65,91.3,82.3464755,Needs Attention
33.94,27.77,62.6,77.05207979999999,Needs Attention
32.72,25.99,70.8,75.4444108,Needs Attention
33.63,24.87,86.0,75.32101800000001,Needs Attention
31.84,24.02,73.4,72.71437319999998,Good
33.09,25.44,69.1,74.4283496,Good
36.24,28.72,87.1,81.87286879999999,High Risk
31.71,30.34,88.2,84.75508119999999,High Risk
33.95,29.2,69.6,80.119168,Needs Attention
33.33,25.94,77.5,76.131365,Needs Attention
34.21,32.6,60.5,83.58027,Needs Attention
34.11,31.96,64.3,83.3374772,Needs Attention
33.65,28.36,76.5,79.810546,Needs Attention
32.95,26.39,75.4,76.59277940000001,Needs Attention
34.34,31.19,63.4,82.07441539999999,Needs Attention
33.41,29.75,66.4,80.45876000000001,Needs Attention
34.36,23.21,62.2,70.4977538,Good
33.42,28.73,80.5,80.95617349999999,Needs Attention
34.42,30.05,51.4,78.581543,Needs Attention
32.38,25.4,62.9,73.696134,Good
34.69,29.76,52.6,78.3810224,Needs Attention
33.2,23.18,80.0,71.99436,Good
35.15,34.34,53.4,84.63338440000001,High Risk
33.77,33.99,75.4,88.4218754,High Risk
32.82,27.99,94.7,81.67126470000001,Needs Attention
35.51,30.45,95.1,86.0335705,High Risk
31.21,20.0,53.3,65.4315,Good
33.35,24.37,78.6,73.7631718,Good
32.61,27.82,63.1,77.18977579999999,Needs Attention
33.75,24.71,60.7,72.48398030000001,Good
33.65,31.86,73.6,84.7962704,High Risk
34.43,36.99,89.7,96.2830297,High Risk
32.12,24.29,82.2,73.98701620000001,Good
32.53,25.65,66.4,74.442584,Good
34.25,29.94,83.5,83.360801,Needs Attention
35.05,35.44,48.1,85.0042736,High Risk
31.74,24.11,66.0,72.14457399999999,Good
33.87,30.0,65.1,80.6254,Needs Attention
35.6,36.29,75.9,92.1098689,High Risk
34.14,22.39,72.6,70.14668859999999,Good
33.42,23.88,73.3,72.4898996,Good
33.34,27.31,72.9,77.7063001,Needs Attention
33.53,26.92,75.3,77.4053524,Needs Attention
35.93,32.25,81.5,86.78891250000001,High Risk
33.75,29.97,76.8,82.3800904,Needs Attention
31.43,21.9,71.6,69.323796,Good
34.63,31.06,79.8,84.58522119999999,High Risk
32.22,26.69,84.9,78.2114119,Needs Attention
34.53,34.1,68.3,87.211497,High Risk
32.66,26.49,74.3,76.61724929999998,Needs Attention
32.56,26.45,88.9,78.29070949999999,Needs Attention
33.91,31.16,61.8,81.7665112,Needs Attention
35.12,32.05,96.7,89.11482649999999,High Risk
35.05,30.79,58.9,80.7711569,Needs Attention
33.19,22.26,70.9,69.81641660000001,Good
35.75,31.15,63.6,82.04998599999999,High Risk
32.64,24.86,100.0,76.74799999999999,Needs Attention
31.77,29.94,69.0,81.13641399999999,Needs Attention
34.44,23.31,69.0,71.237161,Good
32.01,30.79,70.6,82.6644626,Needs Attention
31.32,25.77,76.1,75.7062603,Needs Attention
32.53,23.87,71.1,72.2692543,Good
34.51,31.86,73.4,84.76178759999999,High Risk
34.63,29.97,40.0,76.72381999999999,Needs Attention
34.59,26.54,75.7,76.86217219999999,Needs Attention
35.28,34.8,75.2,89.64230399999998,High Risk
33.12,27.24,87.5,79.44855,Needs Attention
34.97,29.13,90.7,83.0819009,Needs Attention
35.32,30.08,72.7,81.9181784,Needs Attention
33.67,26.52,84.8,77.91887039999999,Needs Attention
33.38,30.88,61.8,81.3684016,Needs Attention
32.78,26.87,84.2,78.4223946,Needs Attention
33.26,27.35,68.1,77.1542965,Needs Attention
34.75,34.45,60.8,86.246244,High Risk
31.92,24.84,72.8,73.91268480000001,Good
31.6,20.0,91.8,67.54899999999999,Good
35.22,35.44,77.2,91.0528832,High Risk
33.95,39.2,93.0,100.84443999999999,High Risk
32.24,27.38,66.0,76.929892,Needs Attention
31.69,21.25,87.6,69.41455,Good
33.4,27.76,67.2,77.6441728,Needs Attention
33.03,27.86,77.7,79.18624779999999,Needs Attention
33.3,28.24,77.6,79.77269759999999,Needs Attention
32.17,24.55,82.9,74.4792305,Good
32.86,31.32,78.0,84.70050400000001,High Risk
33.64,31.1,66.1,82.390229,Needs Attention
32.31,23.02,85.6,72.2134688,Good
33.98,31.8,95.8,88.51835600000001,High Risk
35.44,37.21,68.0,91.765872,High Risk
34.21,29.69,53.0,78.34824300000001,Needs Attention
34.04,27.65,81.0,79.286035,Needs Attention
33.02,28.43,71.0,79.158747,Needs Attention
32.77,31.46,73.4,84.1471236,High Risk
33.46,22.08,81.7,70.3606664,Good
34.18,29.66,69.5,80.79366300000001,Needs Attention
32.53,27.44,71.8,77.76390079999999,Needs Attention
37.13,36.39,73.8,91.8097618,High Risk
34.52,28.3,92.6,81.924942,Needs Attention
36.59,35.67,75.4,91.0367282,High Risk
33.04,24.59,60.2,72.2644482,Good
35.12,31.35,60.6,81.835819,Needs Attention
32.87,30.28,76.7,82.85121240000001,Needs Attention
32.97,25.52,61.4,73.7035872,Good
33.54,29.71,56.3,78.87366270000001,Needs Attention
34.98,33.85,82.6,89.587199,High Risk
34.89,27.7,83.2,79.655336,Needs Attention
32.57,22.23,70.6,69.74793620000001,Good
32.84,28.93,78.5,80.99074949999999,Needs Attention
31.84,25.39,77.3,75.2422053,Needs Attention
34.91,27.63,82.2,79.41044140000001,Needs Attention
35.15,28.67,82.3,81.11325589999998,Needs Attention
32.74,22.18,43.7,67.6124334,Good
32.1,22.54,72.1,70.33592660000001,Good
34.33,30.93,81.2,84.60570840000001,High Risk
32.39,26.91,70.1,76.7480709,Needs Attention
32.25,20.0,75.4,66.647,Good
33.27,32.14,84.0,87.049024,High Risk
33.59,30.09,76.0,82.44461600000001,Needs Attention
32.55,26.14,93.1,78.25307659999999,Needs Attention
30.0,23.73,88.5,73.6568395,Good
34.06,32.34,73.6,85.53481760000001,High Risk
33.17,30.4,72.6,82.391896,Needs Attention
35.42,38.53,40.8,87.2379376,High Risk
34.04,30.68,71.1,82.5788452,Needs Attention
35.6,30.55,58.8,80.420866,High Risk
33.84,28.33,77.7,79.9284859,Needs Attention
34.65,32.27,76.8,85.99182640000001,High Risk
34.65,31.5,83.4,85.89709,High Risk
35.49,34.01,91.8,91.62966819999998,High Risk
34.81,26.91,74.7,77.3157523,Needs Attention
33.61,27.26,100.0,81.06800000000001,Needs Attention
33.96,27.08,77.8,77.9669576,Needs Attention
32.15,32.16,59.3,82.7498712,Needs Attention
36.78,34.99,68.3,88.5341883,High Risk
34.76,27.16,70.5,77.174422,Needs Attention
33.56,27.3,82.1,78.861867,Needs Attention
32.68,30.26,63.6,80.7687064,Needs Attention
36.35,28.02,71.4,78.59221720000001,Needs Attention
34.9,32.81,73.1,86.1670689,High Risk
32.38,20.0,69.6,66.328,Good
31.88,25.69,84.7,76.5386357,Needs Attention
36.93,25.87,82.7,76.6091451,Needs Attention
30.6,20.0,89.0,67.395,Good
32.99,25.15,71.0,74.196435,Good
31.06,25.34,89.4,76.46862039999999,Needs Attention
33.5,28.2,58.6,77.122148,Needs Attention
34.21,33.45,58.3,84.36393650000001,High Risk
34.53,28.02,60.4,77.1138392,Needs Attention
32.49,24.88,75.1,74.2115312,Good
34.68,28.77,89.4,82.2826762,Needs Attention
33.62,33.2,67.8,85.781104,High Risk
32.67,25.1,69.3,73.941457,Good
32.74,25.36,72.4,74.6654336,Good
34.59,31.23,81.9,85.2061963,High Risk
33.85,28.11,69.3,78.4446277,Needs Attention
34.87,31.59,68.6,83.5321326,Needs Attention
33.93,28.95,58.9,78.20783449999999,Needs Attention
34.86,31.81,68.1,83.7737839,Needs Attention
32.06,24.86,89.1,75.62405739999998,Needs Attention
34.04,28.95,76.1,80.6778405,Needs Attention
34.98,28.16,66.1,78.0849224,Needs Attention
31.22,24.14,89.8,74.4729428,Good
32.89,22.75,68.0,70.3188,Good
34.86,31.74,92.0,87.762192,High Risk
35.98,27.6,91.8,80.612032,High Risk
33.54,24.91,75.7,74.3203013,Good
33.71,28.62,57.0,77.481466,Needs Attention
34.99,33.51,100.0,92.318,High Risk
31.24,20.0,79.6,66.878,Good
33.76,23.01,71.1,70.9673089,Good
31.76,25.31,86.5,76.1058185,Needs Attention
36.21,34.84,83.4,91.36019440000001,High Risk
34.33,30.13,90.7,84.78983090000001,High Risk
33.49,32.07,67.1,83.9851803,Needs Attention
33.03,24.44,78.8,73.89413280000001,Good
33.85,24.52,60.8,72.2258784,Good
34.95,30.79,83.0,84.671043,High Risk
32.91,29.23,74.7,80.91066190000001,Needs Attention
32.55,31.19,78.4,84.5611304,High Risk
33.91,28.25,73.2,79.18710999999999,Needs Attention
33.12,30.11,72.0,81.855508,Needs Attention
34.39,29.63,64.6,80.0120702,Needs Attention
35.18,32.11,84.5,87.0872205,High Risk
35.35,32.23,92.9,88.7638533,High Risk
35.97,22.52,68.3,70.0016484,Needs Attention
33.01,20.01,81.6,67.0041784,Good
36.08,33.01,80.2,87.77877980000001,High Risk
35.89,33.75,75.1,87.99098749999999,High Risk
34.2,24.92,56.7,72.36544359999999,Good
32.18,21.56,59.4,67.9479736,Good
32.62,29.4,65.6,79.826736,Needs Attention
36.68,32.72,49.3,81.7229504,High Risk
35.19,36.19,91.9,95.39822389999999,High Risk
35.22,31.07,79.4,84.5353842,High Risk
34.23,27.51,74.6,78.2325354,Needs Attention
33.85,25.43,48.7,72.1947659,Good
31.51,29.05,53.1,77.50849449999998,Needs Attention
33.09,27.8,75.0,78.7345,Needs Attention
32.8,24.94,98.6,76.7465316,Needs Attention
35.76,37.2,66.6,91.435648,High Risk
37.48,36.14,85.4,93.9161244,High Risk
33.62,33.54,69.2,86.5493832,High Risk
33.56,25.32,75.7,74.95966759999999,Good
35.49,32.42,89.6,88.50523679999999,High Risk
37.81,31.56,70.8,83.86023519999999,High Risk
34.69,30.77,66.7,82.00395409999999,Needs Attention
34.29,34.0,92.0,91.6512,High Risk
33.06,31.54,75.5,84.62547299999999,High Risk
35.94,31.96,88.1,87.4644924,High Risk
34.87,31.55,66.8,83.167746,Needs Attention
33.95,30.36,91.9,85.37173159999999,High Risk
30.82,21.87,78.3,69.7707679,Good
32.93,29.33,80.2,81.8761334,Needs Attention
33.82,26.78,76.6,77.3463452,Needs Attention
32.99,23.88,68.9,72.0788868,Good
33.29,35.73,75.0,91.045825,High Risk
35.65,35.92,69.7,90.2139776,High Risk
33.38,34.44,86.5,91.31959399999998,High Risk
35.12,30.02,72.6,81.8109748,Needs Attention
34.97,34.4,57.0,85.42492,High Risk
33.29,29.05,54.8,77.75430599999999,Needs Attention
34.75,29.81,54.3,78.7061617,Needs Attention
33.14,24.63,82.4,74.5592688,Good
36.25,30.59,61.2,80.8601692,High Risk
33.82,29.24,78.6,81.4974136,Needs Attention
32.78,23.79,76.6,72.6570086,Good
34.65,28.8,74.2,80.173304,Needs Attention
33.87,28.68,80.3,80.8476396,Needs Attention
36.67,36.19,76.9,92.1690089,High Risk
33.96,32.58,42.5,80.320335,Needs Attention
34.29,29.05,71.1,80.11120449999999,Needs Attention
33.11,30.0,80.1,82.9354,Needs Attention
31.88,29.18,94.7,83.7508254,Needs Attention
33.72,28.19,95.2,82.08881120000001,Needs Attention
33.17,24.67,58.6,72.2149538,Good
33.48,28.4,70.8,79.085728,Needs Attention
31.76,26.02,56.2,73.8166076,Good
32.97,24.0,93.2,74.55672,Good
34.35,31.04,87.2,85.7690112,High Risk
33.21,30.57,79.2,83.70542560000001,Needs Attention
31.05,21.85,77.0,69.64375500000001,Good
33.37,28.51,91.6,82.1483084,Needs Attention
35.08,32.98,89.5,89.437229,High Risk
34.92,33.24,88.9,89.7665564,High Risk
33.73,33.1,80.5,87.97854500000001,High Risk
33.85,29.16,70.8,80.2340272,Needs Attention
33.82,25.62,84.2,76.3679196,Needs Attention
31.78,24.67,84.8,74.8672584,Good
34.03,30.38,72.7,82.3770974,Needs Attention
35.21,30.52,70.8,82.2888784,Needs Attention
33.58,34.15,88.6,91.246031,High Risk
35.62,33.4,95.0,91.1817,High Risk
36.41,28.47,66.0,78.52499800000001,Needs Attention
32.5,24.02,71.8,72.5626964,Good
33.14,27.72,79.2,79.1622976,Needs Attention
34.8,29.87,80.8,82.83391040000001,Needs Attention
33.37,28.19,68.7,78.4826647,Needs Attention
31.12,26.69,97.6,79.7510456,Needs Attention
33.81,30.01,80.1,82.9514299,Needs Attention
33.72,26.98,81.4,78.2557028,Needs Attention
33.86,26.49,96.1,79.2169211,Needs Attention
33.16,30.25,69.6,81.69316,Needs Attention
33.14,27.39,73.9,77.95699789999999,Needs Attention
36.02,29.98,60.0,79.81192,High Risk
33.86,30.09,72.9,81.96445390000001,Needs Attention
31.41,24.44,57.1,71.7467876,Good
34.43,27.08,84.0,78.742528,Needs Attention
34.66,34.75,80.0,90.52950000000001,High Risk
33.75,24.35,71.7,73.05476050000001,Good
30.75,20.53,73.8,67.37552860000001,Good
32.1,21.55,84.1,69.67151449999999,Good
34.18,29.12,61.4,78.80788319999999,Needs Attention
33.65,29.12,77.5,81.14702,Needs Attention
32.54,28.53,83.4,81.03917980000001,Needs Attention
32.52,33.86,53.6,84.0292704,High Risk
33.27,20.0,83.2,67.076,Good
34.24,30.58,54.9,79.8396358,Needs Attention
36.0,35.25,73.6,90.01226,High Risk
33.63,24.49,61.0,72.20341099999999,Good
33.93,27.48,92.2,80.4573944,Needs Attention
32.81,25.99,61.1,74.33569109999999,Good
33.43,25.42,55.2,72.88812159999999,Good
34.73,27.69,76.6,78.7735346,Needs Attention
34.92,34.71,70.0,88.45913,High Risk
36.88,36.35,56.9,88.0831185,High Risk
32.08,27.66,81.3,79.34140420000001,Needs Attention
33.78,36.62,51.1,87.1805918,High Risk
34.62,29.14,62.6,79.0108236,Needs Attention
34.37,36.01,68.1,90.0073819,High Risk
35.46,28.63,84.6,81.37127019999998,Needs Attention
35.01,29.52,90.5,83.718144,Needs Attention
35.42,30.46,88.2,84.9570628,High Risk
36.7,40.0,73.2,97.2196,High Risk
33.55,32.41,45.9,80.7158281,Needs Attention
31.64,26.17,79.7,76.7495151,Needs Attention
35.82,32.88,92.6,89.8334112,High Risk
32.06,27.55,89.8,80.266601,Needs Attention
34.73,27.04,80.6,78.2528976,Needs Attention
35.03,32.63,60.7,83.65854590000001,Needs Attention
33.66,29.12,68.7,79.8684856,Needs Attention
34.32,30.11,98.2,85.9188398,High Risk
34.13,29.06,58.0,78.230852,Needs Attention
33.79,30.35,61.2,80.52035799999999,Needs Attention
35.32,30.7,86.3,85.05525899999999,High Risk
33.4,21.25,69.8,68.215275,Good
34.37,31.67,60.8,82.32110639999999,Needs Attention
32.37,25.07,93.3,76.4212069,Needs Attention
33.72,23.23,80.5,72.1179485,Good
31.83,28.77,70.4,79.5880392,Needs Attention
35.78,29.34,61.3,79.10506579999999,High Risk
33.81,26.23,99.6,79.1673292,Needs Attention
33.62,32.32,74.7,85.6987096,High Risk
33.5,23.63,91.8,73.78831659999999,Good
33.35,27.37,85.7,79.4361291,Needs Attention
32.74,26.66,68.7,76.2027658,Needs Attention
34.53,28.81,68.8,79.4207672,Needs Attention
32.95,30.12,92.4,85.03657120000001,High Risk
33.68,24.97,92.6,76.1748978,Needs Attention
32.5,31.9,52.5,81.211525,Needs Attention
35.65,29.25,81.6,81.95302000000001,High Risk
32.23,21.43,73.5,68.7413395,Good
33.19,21.17,62.6,67.6157958,Good
34.04,28.95,78.1,80.96505049999999,Needs Attention
33.45,28.12,58.8,77.0380144,Needs Attention
34.57,28.59,69.4,79.1767454,Needs Attention
34.18,28.89,65.4,79.05381940000001,Needs Attention
34.29,29.9,69.0,81.07668999999999,Needs Attention
34.72,32.79,74.1,86.3180161,High Risk
32.39,24.56,62.8,72.4826432,Good
32.49,24.31,93.9,75.16221909999999,Needs Attention
33.05,24.63,80.9,74.40801330000001,Good
35.55,30.16,96.5,85.74345600000001,High Risk
36.74,33.98,73.1,87.96148619999998,High Risk
33.44,27.27,68.4,77.0736532,Needs Attention
32.24,20.0,96.1,67.7855,Good
32.25,22.18,68.1,69.48103420000001,Good
33.88,25.67,72.9,75.1942957,Needs Attention
32.73,26.77,83.6,78.1848228,Needs Attention
32.43,27.37,60.1,76.1602763,Needs Attention
35.21,29.15,83.5,82.0678475,Needs Attention
34.08,27.75,82.0,79.57895,Needs Attention
35.42,33.2,90.2,89.940336,High Risk
33.57,26.3,85.7,77.661609,Needs Attention
32.93,25.55,90.6,76.956517,Needs Attention
33.83,30.92,73.7,83.3662596,Needs Attention
34.2,22.86,64.6,70.19868439999999,Good
35.03,30.56,100.0,87.008,High Risk
33.72,29.41,56.7,78.5227153,Needs Attention
35.45,28.41,57.9,77.31729610000001,Needs Attention
34.79,35.35,81.8,91.863237,High Risk
31.95,26.51,94.5,79.0610305,Needs Attention
33.8,37.24,77.3,93.90915480000001,High Risk
32.0,28.1,87.0,80.82253000000001,Needs Attention
32.31,23.89,51.1,70.4293121,Good
33.55,29.28,69.0,80.150968,Needs Attention
33.45,24.7,52.5,71.637325,Good
33.07,25.99,84.4,76.9989044,Needs Attention
34.78,30.59,56.4,80.0929324,Needs Attention
34.18,31.22,59.7,81.5030566,Needs Attention
33.21,26.51,81.2,77.4723588,Needs Attention
33.97,32.95,87.7,89.0565785,High Risk
35.91,33.63,73.1,87.4246947,High Risk
35.45,34.75,81.8,90.891345,High Risk
34.39,31.12,81.5,84.961872,High Risk
36.58,34.45,72.4,88.543682,High Risk
34.09,21.48,61.9,68.0102588,Good
33.43,27.73,81.8,79.5202086,Needs Attention
33.01,25.53,82.4,76.02245280000001,Needs Attention
34.79,29.48,85.7,82.9354164,Needs Attention
34.5,26.71,78.7,77.4915623,Needs Attention
33.57,28.34,61.0,77.646926,Needs Attention
36.98,36.53,83.3,94.1025951,High Risk
33.81,28.32,75.0,79.5418,Needs Attention
34.05,30.66,69.2,82.2435528,Needs Attention
33.38,28.07,71.5,78.6815495,Needs Attention
35.7,29.3,66.7,79.84256900000001,High Risk
34.33,29.02,85.7,82.1725386,Needs Attention
34.19,30.79,58.0,80.625518,Needs Attention
34.64,33.66,63.1,85.56836539999999,High Risk
35.31,35.59,71.1,90.01204510000001,High Risk
34.26,30.24,94.4,85.55629439999998,High Risk
34.53,31.36,87.7,86.38819280000001,High Risk
32.86,24.4,55.3,71.514368,Good
35.04,28.65,91.2,82.33241199999999,Needs Attention
34.83,32.76,91.2,89.37234879999998,High Risk
36.74,32.46,60.9,83.45435859999999,High Risk
33.91,29.85,44.7,77.2959205,Needs Attention
35.27,32.55,74.1,85.9475545,High Risk
33.44,30.96,88.5,85.84770400000001,High Risk
35.92,33.8,94.1,91.709442,High Risk
33.3,30.16,64.6,80.7803264,Needs Attention
33.83,27.58,96.0,81.12383200000001,Needs Attention
33.73,30.34,48.3,78.47617779999999,Needs Attention
32.31,20.0,70.6,66.383,Good
33.79,30.53,70.0,82.17659,Needs Attention
31.19,20.0,88.8,67.384,Good
32.08,22.11,90.6,71.0846434,Good
35.45,30.81,86.5,85.2707435,High Risk
34.5,30.91,58.8,80.9220292,Needs Attention
31.61,24.35,85.4,74.39825100000002,Good
34.12,26.15,81.1,76.87977349999998,Needs Attention
35.27,34.48,54.9,85.1183248,High Risk
33.98,27.06,50.2,74.4882788,Good
35.99,37.97,87.5,97.4347125,High Risk
34.25,28.99,72.8,80.26517279999999,Needs Attention
36.79,30.63,59.6,80.66042519999999,High Risk
34.25,35.47,72.5,90.1217925,High Risk
34.35,29.52,79.4,82.06149119999999,Needs Attention
34.03,24.99,74.0,74.267574,Good
33.03,28.56,56.4,77.3151616,Needs Attention
33.0,28.86,97.6,83.6054864,Needs Attention
32.35,23.54,87.1,73.2104066,Good
35.33,27.98,71.0,78.477942,Needs Attention
32.87,26.03,71.5,75.5851355,Needs Attention
34.94,32.7,79.3,87.11888900000001,High Risk
32.46,29.14,61.4,78.8362404,Needs Attention
34.64,27.87,78.9,79.36153569999999,Needs Attention
34.08,28.58,59.0,77.70637799999999,Needs Attention
35.6,29.89,74.2,81.8568962,High Risk
34.8,31.47,61.0,82.072433,Needs Attention
32.63,25.0,61.6,72.9872,Good
32.15,24.83,94.7,76.14906989999999,Needs Attention
34.8,33.42,75.7,87.5910506,High Risk
33.34,27.35,77.5,78.3552875,Needs Attention
33.63,23.33,50.9,69.6748203,Good
34.74,30.78,67.8,82.19655159999999,Needs Attention
35.89,30.85,80.5,84.3629075,High Risk
33.62,22.88,77.3,71.2882776,Good
33.7,29.92,49.2,78.07303359999999,Needs Attention
35.91,31.94,77.5,85.594865,High Risk
33.29,30.5,79.4,83.62563,Needs Attention
36.06,31.53,90.4,87.1301888,High Risk
31.43,23.38,67.1,71.1736002,Good
35.63,30.32,48.1,78.41898079999999,Needs Attention
33.08,27.79,63.0,77.133523,Needs Attention
32.02,27.07,61.8,75.95126739999999,Needs Attention
33.83,32.48,83.8,87.5714576,High Risk
36.07,34.92,42.4,83.18001919999999,High Risk
35.99,36.18,69.6,90.5824672,High Risk
34.86,34.26,92.1,92.1182254,High Risk
36.3,28.56,75.1,79.9283744,High Risk
33.88,30.41,85.8,84.4935622,High Risk
34.69,32.07,55.3,81.9261629,Needs Attention
35.28,29.48,55.8,78.48474159999999,Needs Attention
33.58,29.52,92.2,83.9718656,Needs Attention
33.67,32.3,76.2,85.93287399999998,High Risk
34.08,28.76,76.2,80.3949688,Needs Attention
34.95,26.08,61.6,74.52062719999999,Good
33.47,27.34,76.2,78.1735492,Needs Attention
35.11,31.54,61.2,82.2052552,Needs Attention
33.52,29.01,89.2,82.6606508,Needs Attention
34.09,30.36,100.0,86.648,High Risk
34.57,31.68,80.8,85.7478656,High Risk
33.66,27.5,67.4,77.28645,Needs Attention
35.76,32.02,44.6,79.99651080000001,High Risk
34.34,30.52,54.8,79.7425104,Needs Attention
32.44,24.06,93.7,74.70827779999999,Good
35.33,34.77,62.6,87.06025980000001,High Risk
34.21,27.0,70.5,76.93315,Needs Attention
33.07,22.38,82.9,70.9405898,Good
33.51,24.82,92.8,75.9364304,Needs Attention
31.53,24.92,72.6,74.01440079999999,Good
31.5,29.21,70.1,80.2072479,Needs Attention
34.63,27.9,75.9,79.00963899999999,Needs Attention
33.83,27.65,67.5,77.5211125,Needs Attention
34.18,31.48,68.1,83.28400119999999,Needs Attention
34.6,30.36,79.9,83.4809636,Needs Attention
37.58,30.26,77.2,82.8981128,High Risk
35.3,30.64,100.0,87.152,High Risk
35.06,31.46,80.3,85.3094562,High Risk
31.22,20.57,88.8,68.34679840000001,Good
32.73,27.54,62.1,76.6584166,Needs Attention
30.0,20.28,81.3,67.4236636,Good
34.3,29.14,66.3,79.5491218,Needs Attention
34.69,28.98,79.7,81.2427894,Needs Attention
35.61,33.18,83.3,88.6264506,High Risk
35.26,33.75,75.6,88.08655,High Risk
33.72,29.81,100.0,85.658,High Risk
32.79,27.0,92.1,79.61802999999999,Needs Attention
33.35,30.94,89.1,85.9119646,High Risk
33.13,26.89,84.2,78.4552662,Needs Attention
32.82,28.99,96.2,83.63479619999998,Needs Attention
38.01,32.94,57.8,83.5649268,High Risk
32.08,26.77,91.4,79.13660220000001,Needs Attention
34.17,32.22,63.1,83.5024118,Needs Attention
32.5,31.71,68.2,83.6424578,Needs Attention
33.2,25.18,81.7,75.3790394,Needs Attention
34.48,32.9,89.8,89.356358,High Risk
33.94,31.79,61.2,82.55922520000001,Needs Attention
32.94,29.41,68.8,80.3154392,Needs Attention
33.09,25.95,76.2,75.99906100000001,Needs Attention
32.52,25.56,72.8,75.01480319999999,Needs Attention
33.15,26.85,85.2,78.51233800000001,Needs Attention
35.9,31.17,100.0,88.106,High Risk
33.09,25.18,80.0,75.19836,Needs Attention
34.53,30.75,66.2,81.893835,Needs Attention
32.29,24.03,59.4,71.4011818,Good
32.83,28.18,71.1,78.7941202,Needs Attention
33.77,29.44,63.7,79.6030472,Needs Attention
37.91,38.78,80.6,97.1301132,High Risk
32.34,23.49,80.4,72.5268004,Good
36.31,34.89,69.4,88.60822339999999,High Risk
33.07,29.6,98.8,85.099952,High Risk
31.55,30.64,66.2,81.7326432,Needs Attention
33.08,29.47,73.6,81.11892079999998,Needs Attention
36.2,30.78,82.7,84.6062094,High Risk
35.49,28.39,85.7,81.12772770000001,Needs Attention
36.34,34.82,90.3,92.7193354,High Risk
33.02,27.17,80.1,78.3989383,Needs Attention
33.92,33.53,87.6,90.01105720000001,High Risk
32.19,26.42,67.0,75.64358600000001,Needs Attention
34.01,28.76,86.0,81.783864,Needs Attention
33.06,24.71,85.9,75.0450311,Needs Attention
34.05,30.82,93.2,86.3735976,High Risk
34.38,34.78,55.0,85.54451,High Risk
34.48,28.69,64.1,78.57898709999999,Needs Attention
33.09,28.21,84.9,80.7201871,Needs Attention
33.09,24.54,43.2,70.4950672,Good
33.69,28.08,80.9,79.9656528,Needs Attention
33.27,22.63,87.7,71.73724490000001,Good
32.18,25.35,68.1,74.18591649999999,Good
33.5,29.91,69.8,81.2141082,Needs Attention
36.44,34.28,62.1,86.2615012,High Risk
36.9,40.0,68.7,96.08109999999999,High Risk
34.15,26.65,69.1,76.2361985,Needs Attention
34.14,34.74,66.8,87.8612568,High Risk
32.6,29.98,66.1,80.75011219999999,Needs Attention
34.57,28.4,71.7,79.210072,Needs Attention
34.86,30.73,71.6,82.73515319999998,Needs Attention
33.87,29.25,97.5,84.2835625,High Risk
33.45,29.44,70.3,80.5828568,Needs Attention
32.06,27.37,79.1,78.59157330000001,Needs Attention
33.36,23.41,68.1,71.30658790000001,Good
33.53,22.83,67.9,70.4291543,Good
33.61,31.61,54.5,81.1657755,Needs Attention
32.79,27.89,56.1,76.3584271,Needs Attention
34.34,26.62,60.5,75.154749,Needs Attention
34.35,29.03,77.2,80.9617484,Needs Attention
35.94,32.18,87.9,87.7994578,High Risk
33.75,29.72,53.6,78.4790208,Needs Attention
32.83,26.38,68.4,75.7500808,Needs Attention
34.72,33.91,58.6,85.0598474,High Risk
34.62,35.32,71.8,89.74796239999999,High Risk
35.11,30.98,87.9,85.7832058,High Risk
35.28,32.89,69.6,85.6506256,High Risk
35.67,33.97,74.4,88.1974432,High Risk
34.77,33.52,92.5,90.91964000000002,High Risk
33.78,31.46,80.5,85.343147,High Risk
34.17,31.39,65.9,82.78134990000001,Needs Attention
33.73,31.08,76.9,84.13961479999999,High Risk
34.14,24.61,65.1,72.7856989,Good
35.16,31.8,80.0,85.8036,High Risk
32.53,23.58,81.2,72.74369039999999,Good
33.31,25.82,58.6,73.8136148,Good
36.13,34.21,77.1,89.0969509,High Risk
34.5,32.36,73.6,85.56559039999999,High Risk
34.77,34.95,81.5,91.15440749999999,High Risk
34.88,27.91,85.0,80.238365,Needs Attention
32.32,24.39,80.7,74.0017027,Good
33.22,28.04,71.4,78.62255440000001,Needs Attention
33.57,29.41,86.2,82.8934058,Needs Attention
32.58,29.32,64.5,79.54798600000001,Needs Attention
35.94,33.53,59.2,84.64496240000001,High Risk
32.72,27.55,40.0,73.8053,Good
33.47,30.41,74.2,82.6600778,Needs Attention
32.28,25.05,65.1,73.4256745,Good
33.53,30.8,79.8,84.16921599999999,High Risk
32.95,29.01,51.3,77.1955087,Needs Attention
33.32,26.0,67.2,75.04768000000001,Needs Attention
33.37,28.06,80.6,79.89299639999999,Needs Attention
33.6,28.26,62.6,77.75265239999999,Needs Attention
35.6,27.92,79.9,79.5744992,High Risk
34.98,36.09,68.3,90.1689753,High Risk
34.17,28.61,74.6,79.93592939999999,Needs Attention
34.15,28.02,82.1,80.0302758,Needs Attention
31.97,20.61,86.4,68.2678696,Good
33.23,25.42,76.1,75.1590738,Needs Attention
33.51,27.95,65.2,77.657066,Needs Attention
33.33,26.26,69.5,75.700293,Needs Attention
34.28,34.53,82.6,90.69406219999999,High Risk
33.12,28.34,62.7,77.8807882,Needs Attention
34.75,34.15,72.9,88.1831965,High Risk
31.97,29.25,70.4,80.31138,Needs Attention
35.08,29.15,73.8,80.655673,Needs Attention
35.57,28.64,62.9,78.3381144,Needs Attention
33.86,29.02,52.8,77.42513439999999,Needs Attention
35.67,35.88,81.2,92.5944144,High Risk
34.26,20.0,86.6,67.263,Good
32.3,20.99,53.5,66.7687535,Good
34.1,26.83,79.4,77.7680898,Needs Attention
33.33,29.06,88.0,82.57167199999999,Needs Attention
36.31,31.76,82.2,86.1166528,High Risk
33.91,30.89,70.0,82.71767,Needs Attention
34.21,27.46,63.7,76.75059979999999,Needs Attention
34.35,33.08,76.0,87.116192,High Risk
36.5,33.12,78.0,87.548464,High Risk
33.39,29.74,76.1,81.9129186,Needs Attention
35.52,32.85,72.8,86.173752,High Risk
34.48,30.09,62.0,80.27614200000001,Needs Attention
35.5,26.75,80.1,77.7256825,Needs Attention
34.46,31.79,80.7,85.90778470000001,High Risk
33.19,29.44,77.4,81.6368944,Needs Attention
31.37,29.01,76.3,80.8004837,Needs Attention
35.85,34.89,95.2,93.83042719999999,High Risk
31.46,20.0,67.5,66.2125,Good
33.62,23.33,90.4,73.1495168,Good
34.31,24.25,66.2,72.368865,Good
34.49,27.55,88.3,80.0719835,Needs Attention
34.22,27.98,89.8,80.9971796,Needs Attention
30.28,22.97,71.5,70.9405145,Good
33.47,25.06,94.9,76.5720206,Needs Attention
32.7,25.56,80.6,75.8731464,Needs Attention
36.71,38.83,64.5,93.3236965,High Risk
35.67,36.21,70.5,90.82136949999999,High Risk
33.91,27.35,88.6,79.773479,Needs Attention
33.16,27.55,86.1,79.7865445,Needs Attention
31.96,24.4,62.3,72.204288,Good
31.78,21.37,73.3,68.6353679,Good
31.99,28.53,77.4,80.20249780000002,Needs Attention
32.37,25.01,68.9,73.7649711,Good
33.71,28.66,100.0,83.588,Needs Attention
31.13,22.6,77.8,70.887572,Good
33.2,25.95,74.3,75.78264150000001,Needs Attention
34.3,29.59,89.3,83.65763129999999,Needs Attention
33.96,30.46,70.6,82.1665124,Needs Attention
33.59,30.67,87.1,85.1338343,High Risk
31.79,23.72,55.0,70.56374,Good
34.1,32.42,69.6,84.94607679999999,High Risk
32.32,25.8,87.6,77.045992,Needs Attention
34.15,31.53,93.8,87.7052886,High Risk
32.32,28.96,65.7,79.1989528,Needs Attention
34.84,23.49,64.3,71.0850293,Good
32.94,27.74,81.8,79.53640679999998,Needs Attention
34.33,30.46,67.5,81.674995,Needs Attention
34.99,31.45,71.8,83.862389,Needs Attention
33.88,28.44,85.5,81.18293800000001,Needs Attention
35.64,35.13,68.5,88.7832095,High Risk
34.4,33.03,51.4,82.5117458,Needs Attention
33.05,27.97,59.4,76.9095382,Needs Attention
36.54,32.0,75.1,85.27237999999998,High Risk
35.71,36.74,52.6,87.6695876,High Risk
36.93,36.84,71.4,91.9709224,High Risk
36.08,24.09,58.3,71.3800253,Needs Attention
33.23,25.29,94.7,76.95293369999999,Needs Attention
34.66,34.94,100.0,94.892,High Risk
31.99,24.77,62.3,72.7321929,Good
32.21,23.71,78.1,72.66913489999999,Good
32.94,27.06,63.5,76.149369,Needs Attention
33.5,30.68,71.3,82.6109916,Needs Attention
32.79,28.59,96.6,82.9858606,Needs Attention
33.54,26.4,69.4,75.898184,Needs Attention
34.69,26.3,71.6,76.006692,Needs Attention
33.97,26.15,63.7,74.86337449999999,Good
32.71,25.48,88.8,76.64037760000001,Needs Attention
38.01,38.13,40.0,86.56478,High Risk
34.25,30.19,69.7,81.61880570000001,Needs Attention
34.37,32.55,74.4,86.001328,High Risk
33.22,27.04,67.1,76.5695016,Needs Attention
33.37,28.26,85.4,80.8710996,Needs Attention
33.72,26.15,89.4,77.841619,Needs Attention
32.03,20.0,58.1,65.6955,Good
31.94,23.49,100.0,74.282,Good
32.91,21.76,57.9,68.11894960000001,Good
32.18,20.0,90.5,67.4775,Good
33.13,24.22,76.8,73.3507504,Good
34.48,34.3,69.0,87.64632999999999,High Risk
32.65,28.82,70.1,79.6206918,Needs Attention
35.86,34.16,74.6,88.53032639999999,High Risk
35.96,30.64,77.5,83.54444,High Risk
32.54,32.13,64.0,83.530868,Needs Attention
34.18,25.4,72.2,74.704812,Good
33.93,31.1,65.8,82.340762,Needs Attention
34.45,31.91,60.4,82.5908036,Needs Attention
34.26,26.69,65.2,75.8231612,Needs Attention
36.75,31.24,61.2,81.7804912,High Risk
35.06,31.26,70.0,83.27378,Needs Attention
33.48,26.8,80.2,77.818064,Needs Attention
31.56,24.51,76.4,73.7662836,Good
30.93,24.26,98.7,75.5416738,Needs Attention
34.56,29.35,48.5,77.23040250000001,Needs Attention
35.17,30.31,80.6,83.51086139999998,Needs Attention
32.33,25.83,75.1,75.68734669999999,Needs Attention
33.48,29.11,84.8,82.1911272,Needs Attention
33.65,31.28,83.6,85.5705792,High Risk
33.67,31.47,73.0,84.095069,High Risk
35.91,35.21,77.1,90.6702409,High Risk
34.92,34.11,66.1,86.79804289999998,High Risk
32.69,24.99,82.4,75.14454239999999,Needs Attention
37.44,35.73,52.5,86.30446749999999,High Risk
31.98,26.88,84.3,78.4511416,Needs Attention
35.03,33.18,74.7,87.03130540000001,High Risk
34.14,29.27,69.2,80.1653916,Needs Attention
34.94,27.35,72.2,77.678133,Needs Attention
32.39,21.77,73.1,69.2351313,Good
34.32,28.31,90.6,81.6676714,Needs Attention
32.22,22.76,100.0,72.968,Good
34.14,32.87,89.6,89.2689048,High Risk
34.66,35.07,68.2,88.6326626,High Risk
32.09,25.81,82.6,76.50016939999999,Needs Attention
34.51,30.21,83.1,83.7402649,Needs Attention
33.37,26.1,63.9,74.814421,Good
33.59,26.49,59.9,74.90003489999998,Good
34.26,32.1,74.2,85.270418,High Risk
33.5,28.85,84.7,81.7479905,Needs Attention
36.15,35.96,55.7,87.29192280000001,High Risk
34.23,27.07,66.3,76.5137359,Needs Attention
35.77,33.0,81.9,88.07503,High Risk
35.8,29.39,75.5,81.2769555,High Risk
35.55,32.18,92.0,88.519344,High Risk
32.97,27.21,58.1,75.68271990000001,Needs Attention
33.48,28.8,100.0,83.84,Needs Attention
34.68,28.54,56.5,77.301749,Needs Attention
33.79,25.66,50.7,72.7140238,Good
33.97,31.65,74.3,84.5923905,High Risk
33.28,31.6,61.4,82.324176,Needs Attention
33.99,31.37,74.5,84.1931435,High Risk
34.31,35.15,74.1,89.9608885,High Risk
36.41,34.8,72.7,89.13850399999998,High Risk
34.08,27.5,64.9,76.963325,Needs Attention
33.31,30.49,80.2,83.7367502,Needs Attention
32.26,26.51,71.2,76.27786880000001,Needs Attention
33.02,29.09,88.2,82.65110619999999,Needs Attention
32.72,26.6,72.8,76.606752,Needs Attention
34.85,35.48,63.4,88.2419768,High Risk
34.99,30.45,54.7,79.6319885,Needs Attention
32.66,28.13,72.9,78.9623023,Needs Attention
36.72,33.77,59.8,85.0948154,High Risk
31.11,20.32,58.8,66.1794784,Good
30.82,20.94,81.3,68.4894778,Good
35.86,32.18,53.7,81.79455340000001,High Risk
34.94,29.24,91.9,83.4455444,Needs Attention
33.74,30.0,76.9,82.4426,Needs Attention
32.98,23.69,74.5,72.3079595,Good
34.05,28.91,62.6,78.68198340000001,Needs Attention
35.43,37.01,84.2,95.0882958,High Risk
33.19,32.3,75.0,85.72074999999998,High Risk
32.72,29.68,66.8,80.4163776,Needs Attention
32.59,27.24,77.4,78.16912239999999,Needs Attention
36.35,27.42,54.8,75.5496984,Needs Attention
33.67,20.48,55.4,66.1990608,Good
33.67,30.03,61.6,80.1289952,Needs Attention
33.51,32.38,79.2,86.5907104,High Risk
32.69,22.7,75.0,70.81675,Good
33.57,26.35,87.6,77.968474,Needs Attention
33.31,24.37,64.0,72.328532,Good
30.65,25.14,81.9,75.33546340000001,Needs Attention
36.58,29.21,73.6,80.7188744,High Risk
33.05,20.66,63.7,66.9543158,Good
34.01,31.46,79.6,85.1915384,High Risk
33.66,32.02,74.2,85.1468516,High Risk
34.39,28.0,67.5,78.0385,Needs Attention
32.35,20.0,75.5,66.6525,Good
32.99,25.01,73.4,74.2356666,Good
35.1,33.93,73.2,87.9040924,High Risk
31.8,20.0,70.0,66.35,Good
33.78,27.61,59.3,76.3932027,Needs Attention
33.41,24.28,75.9,73.3573348,Good
34.65,32.22,65.4,83.9071612,Needs Attention
33.42,26.3,62.8,74.973836,Good
35.28,30.62,72.1,82.6481498,Needs Attention
32.71,31.26,83.8,85.5711212,High Risk
34.45,36.34,77.2,92.4697352,High Risk
33.56,28.19,68.6,78.4690566,Needs Attention
34.92,30.5,68.1,81.82949500000001,Needs Attention
32.16,23.06,82.6,72.0238844,Good
35.81,33.76,46.2,82.4801488,High Risk
32.96,25.96,84.6,76.97233840000001,Needs Attention
31.61,26.76,52.5,74.37661,Good
33.3,28.91,58.0,78.023222,Needs Attention
32.5,22.75,68.8,70.38458,Good
33.92,29.92,100.0,85.856,High Risk
34.97,32.87,95.1,90.2721763,High Risk
34.36,30.17,83.5,83.73723050000001,Needs Attention
32.3,22.64,79.3,71.07248480000001,Good
32.53,28.5,52.7,76.71820500000001,Needs Attention
33.9,31.97,76.9,85.5380807,High Risk
31.64,21.49,68.4,68.47786839999999,Good
32.58,24.7,65.2,72.92675600000001,Good
35.02,32.51,76.9,86.3865881,High Risk
34.28,30.08,69.3,81.39188560000001,Needs Attention
34.77,30.65,85.4,84.827649,High Risk
34.84,36.44,51.8,87.09616079999999,High Risk
35.43,30.87,75.9,83.6470267,Needs Attention
34.83,31.63,64.5,82.8941365,Needs Attention
35.97,39.84,70.1,96.1946616,High Risk
34.07,28.14,78.7,79.7640182,Needs Attention
32.45,25.81,61.6,74.13727039999999,Good
32.14,30.71,77.0,83.57433300000001,Needs Attention
33.51,30.76,72.5,82.92608999999999,Needs Attention
33.95,26.89,67.1,76.3483581,Needs Attention
32.95,24.87,69.4,73.6076822,Good
35.42,38.24,73.1,94.4950056,High Risk
33.2,30.31,65.8,81.18624019999999,Needs Attention
31.35,26.07,75.1,76.0601843,Needs Attention
35.72,32.66,71.7,85.68454779999999,High Risk
33.43,28.56,67.7,78.8942688,Needs Attention
33.11,27.99,94.1,81.5908041,Needs Attention
33.55,31.25,80.0,84.9225,High Risk
33.8,23.83,70.4,72.1436568,Good
34.78,30.41,76.8,83.0710312,Needs Attention
34.36,36.65,62.7,89.77015449999999,High Risk
35.12,30.86,69.8,82.6400772,Needs Attention
33.27,27.5,71.2,77.77759999999999,Needs Attention
32.74,26.97,60.0,75.58587999999999,Needs Attention
33.11,27.36,79.6,78.63957439999999,Needs Attention
32.79,27.98,68.9,78.1965378,Needs Attention
33.38,27.49,70.7,77.6978757,Needs Attention
35.13,32.67,68.2,85.0682306,High Risk
32.11,22.07,100.0,71.726,Good
34.95,32.45,67.0,84.52758499999999,High Risk
33.65,27.48,50.2,75.03721039999999,Needs Attention
34.5,30.51,55.8,79.8880342,Needs Attention
30.96,24.49,84.1,74.50072909999999,Good
33.98,34.31,91.0,91.98797900000001,High Risk
35.21,33.98,66.8,86.74305359999998,High Risk
33.32,32.84,90.3,89.3454748,High Risk
32.82,22.94,83.9,71.93789340000001,Good
33.11,32.32,72.7,85.3447736,High Risk
34.04,30.62,71.9,82.6161222,Needs Attention
33.86,22.58,77.2,70.8076424,Good
34.38,28.9,85.5,81.94490499999999,Needs Attention
32.33,30.46,79.8,83.6252092,Needs Attention
34.91,31.22,66.9,82.69881819999999,Needs Attention
35.48,29.71,72.9,81.3824041,Needs Attention
36.45,30.16,98.8,86.10129920000001,High Risk
35.31,34.89,78.0,90.348958,High Risk
33.45,33.9,85.4,90.207894,High Risk
32.29,20.0,81.5,66.9825,Good
34.88,27.73,78.3,79.0598641,Needs Attention
33.4,28.34,76.3,79.7516858,Needs Attention
33.24,21.99,85.8,70.52124579999999,Good
33.02,29.38,83.6,82.4590632,Needs Attention
35.03,34.0,78.2,88.97952,High Risk
30.59,24.65,66.7,73.00553450000001,Good
33.11,30.35,79.6,83.41771399999999,Needs Attention
32.96,25.34,74.2,74.8290572,Good
32.84,26.31,71.3,75.9866397,Needs Attention
33.71,34.91,100.0,94.838,High Risk
32.82,26.83,56.5,74.9601605,Good
35.94,30.85,86.5,85.3373975,High Risk
32.13,21.52,64.6,68.25630079999999,Good
35.24,36.45,76.6,92.51219300000001,High Risk
34.84,31.41,100.0,88.53800000000001,High Risk
33.25,28.27,63.5,77.8901355,Needs Attention
35.38,31.3,66.3,82.716481,Needs Attention
31.68,23.36,74.8,71.8237472,Good
36.38,33.73,64.8,85.9933696,High Risk
34.44,27.7,85.6,79.970288,Needs Attention
33.22,28.18,68.6,78.4541652,Needs Attention
33.05,27.03,82.8,78.51093159999999,Needs Attention
33.42,26.68,59.0,75.057588,Needs Attention
34.79,31.78,53.3,81.1892526,Needs Attention
34.89,30.02,72.3,81.7647154,Needs Attention
33.01,31.61,56.2,81.4546718,Needs Attention
34.09,28.96,93.2,83.1508128,Needs Attention
32.21,31.05,56.6,80.755257,Needs Attention
33.21,27.32,62.5,76.39595,Needs Attention
36.79,37.92,80.0,95.60784,High Risk
31.17,22.73,68.0,70.289136,Good
33.27,34.04,56.8,84.89137279999998,High Risk
34.99,34.47,99.5,93.9468735,High Risk
34.27,25.59,63.0,73.979383,Good
35.78,37.92,72.6,93.88802079999999,High Risk
32.78,32.98,72.5,86.317695,High Risk
32.96,32.88,83.5,88.172552,High Risk
33.81,29.11,80.5,81.56681449999999,Needs Attention
32.46,28.13,65.1,77.9055037,Needs Attention
33.66,28.16,71.1,78.7638424,Needs Attention
34.19,30.56,72.3,82.5886312,Needs Attention
34.38,34.6,84.0,91.08736,High Risk
35.48,29.73,61.0,79.61224700000001,Needs Attention
33.5,25.35,99.2,77.543628,Needs Attention
35.45,32.3,65.9,84.11214299999999,High Risk
35.27,32.68,74.9,86.2926468,High Risk
34.09,31.62,61.1,82.30152179999999,Needs Attention
34.12,31.98,59.4,82.51575879999999,Needs Attention
34.5,27.92,64.5,77.520016,Needs Attention
33.57,25.28,63.4,73.57784480000001,Good
34.35,25.53,70.0,74.66159,Good
33.94,22.46,63.3,69.51570819999999,Good
33.22,29.95,83.3,83.34646649999999,Needs Attention
33.83,28.67,65.6,78.76134479999999,Needs Attention
33.14,27.24,64.3,76.50966679999999,Needs Attention
31.49,20.0,70.3,66.3665,Good
34.66,24.01,86.9,73.9774431,Good
34.2,33.48,77.6,88.04267519999999,High Risk
32.89,26.34,73.8,76.3265308,Needs Attention
33.39,30.44,57.8,80.10937679999999,Needs Attention
32.62,23.44,61.3,70.7455328,Good
34.76,34.75,59.7,86.4486925,High Risk
32.58,28.42,90.7,81.86927060000001,Needs Attention
33.55,30.16,81.4,83.39413760000001,Needs Attention
36.11,38.3,64.7,92.60319899999999,High Risk
35.84,35.07,68.2,88.6326626,High Risk
33.48,27.77,65.1,77.38188729999999,Needs Attention
33.28,26.63,64.4,75.6393228,Needs Attention
33.11,27.7,80.5,79.30101499999999,Needs Attention
33.66,31.04,71.5,83.189564,Needs Attention
32.79,28.58,100.0,83.44399999999999,Needs Attention
31.98,27.42,90.0,80.07141999999999,Needs Attention
34.24,34.87,90.7,92.8854191,High Risk
34.42,28.54,83.1,81.01367259999999,Needs Attention
35.16,38.2,69.9,93.681082,High Risk
35.13,29.36,82.2,82.2195808,Needs Attention
34.8,36.14,70.8,90.78024880000001,High Risk
36.2,30.43,94.6,85.9194122,High Risk
33.63,32.85,79.9,87.4674785,High Risk
33.37,26.1,78.1,76.452959,Needs Attention
32.96,25.58,76.5,75.453313,Needs Attention
34.13,30.84,95.9,86.8465044,High Risk
36.11,32.95,57.8,83.578749,High Risk
33.78,29.16,97.1,84.06551639999999,High Risk
33.38,23.85,72.8,72.397272,Good
32.59,23.56,58.1,70.6267764,Good
34.13,23.29,66.0,70.944586,Good
32.33,21.93,55.2,68.1540064,Good
34.22,29.44,82.8,82.4385568,Needs Attention
35.17,33.5,62.5,85.22562500000001,High Risk
34.04,28.95,77.0,80.807085,Needs Attention
31.93,20.0,88.6,67.373,Good
33.31,28.24,66.9,78.31133439999999,Needs Attention
31.67,28.35,71.8,79.147847,Needs Attention
33.62,37.38,59.4,90.0652828,High Risk
34.02,23.17,70.3,71.1404249,Good
32.86,27.44,100.0,81.392,Needs Attention
35.93,35.82,84.3,93.1535974,High Risk
32.62,30.8,71.8,82.87385599999999,Needs Attention
34.23,31.25,67.7,82.8760875,Needs Attention
34.4,29.46,74.5,81.237323,Needs Attention
33.87,30.32,76.6,82.8982688,Needs Attention
34.81,32.11,70.0,84.55133,High Risk
33.04,25.76,81.4,76.28435359999999,Needs Attention
34.22,32.51,63.6,84.00789639999999,High Risk
31.99,23.51,63.5,71.0421615,Good
32.89,30.31,79.4,83.3223786,Needs Attention
35.11,29.71,61.0,79.58396900000001,Needs Attention
36.42,26.53,83.7,77.8037539,Needs Attention
32.75,28.91,74.8,80.42913320000001,Needs Attention
32.21,26.51,53.1,74.1158419,Good
32.53,24.71,76.3,74.06939270000001,Good
33.72,27.59,54.8,75.7796268,Needs Attention
32.65,24.58,83.3,74.5682886,Good
34.41,30.29,72.0,82.129612,Needs Attention
32.74,24.4,97.2,75.644032,Needs Attention
34.17,31.85,87.9,87.2449885,High Risk
34.93,24.27,62.3,72.0188079,Good
32.77,26.73,50.8,74.1299516,Good
34.68,26.5,65.9,75.630165,Needs Attention
36.06,34.3,60.3,85.93617099999999,High Risk
34.42,30.32,96.9,86.08877919999999,High Risk
31.8,28.15,74.9,79.2643065,Needs Attention
34.13,30.99,86.2,85.52154619999999,High Risk
31.55,20.57,71.6,67.3037388,Good
35.01,28.83,72.8,80.02025760000001,Needs Attention
34.34,36.99,74.6,92.91269460000001,High Risk
34.49,29.53,88.3,83.40664009999999,Needs Attention
34.64,29.27,78.7,81.55973510000001,Needs Attention
35.19,31.19,62.3,81.8920563,Needs Attention
34.07,32.58,94.5,89.656519,High Risk
31.15,21.01,71.5,67.9655285,Good
34.24,22.27,69.5,69.7230735,Good
35.45,29.84,41.0,76.71945600000001,Needs Attention
33.19,26.14,82.6,77.0373236,Needs Attention
35.16,34.25,76.2,88.98341500000001,High Risk
33.24,27.74,76.2,78.79930119999999,Needs Attention
31.7,21.26,70.2,68.2572748,Good
33.28,23.93,68.1,72.0783667,Good
31.8,20.0,70.6,66.383,Good
33.88,28.06,80.6,79.89299639999999,Needs Attention
34.01,28.25,82.7,80.48552249999999,Needs Attention
33.67,27.3,72.2,77.601894,Needs Attention
36.79,33.32,86.4,89.4345952,High Risk
33.89,33.79,74.1,87.8616061,High Risk
32.74,28.32,68.9,78.70385519999999,Needs Attention
31.95,20.46,77.4,67.4820796,Good
34.18,31.47,58.7,81.6847611,Needs Attention
33.67,31.22,77.8,84.50906839999999,High Risk
34.16,30.24,56.5,79.62964399999998,Needs Attention
35.3,32.93,62.7,84.4478389,High Risk
33.84,24.34,50.8,70.9920728,Good
37.88,37.04,72.9,92.6098384,High Risk
32.98,25.16,94.3,76.68332120000001,Needs Attention
33.25,32.0,73.6,85.01167999999998,High Risk
32.09,22.25,82.7,70.7131425,Good
33.03,25.28,100.0,77.504,Needs Attention
34.7,35.07,79.8,91.0013014,High Risk
32.99,27.96,65.8,77.7519032,Needs Attention
34.1,32.36,67.5,84.48366999999999,High Risk
34.32,29.95,75.0,82.072375,Needs Attention
32.42,28.58,67.4,78.8818908,Needs Attention
36.9,34.46,68.3,87.7465182,High Risk
33.53,28.05,86.8,80.71202600000001,Needs Attention
33.22,21.88,87.3,70.4491276,Good
32.54,25.79,55.2,73.3900192,Good
34.66,31.2,65.2,82.38737599999999,Needs Attention
34.11,30.58,69.4,82.1558948,Needs Attention
33.22,22.73,82.2,71.4539194,Good
32.94,26.1,88.7,77.67609300000001,Needs Attention
34.63,26.67,100.0,80.006,Needs Attention
32.06,27.54,69.4,77.6048324,Needs Attention
33.45,23.5,70.0,71.61050000000002,Good
33.3,26.49,82.1,77.54740709999999,Needs Attention
32.2,26.09,66.8,75.1343388,Needs Attention
36.07,32.09,73.3,85.0977503,High Risk
36.01,32.24,70.0,84.74672000000001,High Risk
31.72,28.42,43.5,75.338773,Needs Attention
33.55,27.43,76.5,78.3529105,Needs Attention
34.45,29.56,72.8,81.1376832,Needs Attention
33.44,25.73,90.3,77.2302481,Needs Attention
35.52,24.41,75.1,73.4813909,Needs Attention
34.12,25.24,59.9,73.14627239999999,Good
33.43,26.46,71.9,76.2853926,Needs Attention
34.82,24.35,49.9,70.91694350000002,Good
34.67,29.65,60.5,79.4238675,Needs Attention
33.97,31.92,82.6,86.4456608,High Risk
31.93,22.65,72.0,70.49542,Good
34.84,29.1,86.1,82.363249,Needs Attention
32.81,28.12,51.4,76.0361432,Needs Attention
33.6,30.37,72.1,82.2672023,Needs Attention
33.47,28.95,69.3,79.7013265,Needs Attention
32.86,23.19,86.5,72.5731565,Good
32.52,23.95,83.1,73.5196255,Good
33.73,29.12,82.7,81.9025176,Needs Attention
35.57,33.12,93.5,90.414228,High Risk
31.56,20.14,70.6,66.5942516,Good
37.63,30.38,91.0,85.26414199999999,High Risk
34.93,33.76,62.5,85.5971,High Risk
34.72,28.39,62.0,77.855682,Needs Attention
34.71,31.2,84.0,85.50591999999999,High Risk
34.32,26.19,56.9,74.1302889,Good
34.12,28.52,81.9,80.8138012,Needs Attention
32.61,22.52,76.2,70.6332376,Good
32.88,20.0,87.9,67.3345,Good
36.69,32.77,74.3,86.3234289,High Risk
32.67,25.06,75.7,74.55421580000001,Good
34.05,27.18,81.1,78.5410502,Needs Attention
32.59,23.45,67.0,71.267885,Good
33.03,23.36,66.5,71.091156,Good
33.6,28.3,80.7,80.292619,Needs Attention
32.76,26.08,74.6,76.01812319999999,Needs Attention
33.82,30.51,70.1,82.16243490000001,Needs Attention
34.96,30.81,74.0,83.24550599999999,Needs Attention
33.27,30.28,94.1,85.5790452,High Risk
34.72,29.95,69.7,81.2587985,Needs Attention
35.13,35.31,69.3,89.2163317,High Risk
32.67,24.73,54.5,71.88087150000001,Good
34.47,28.78,74.5,80.184989,Needs Attention
35.22,33.53,82.9,89.12300630000001,High Risk
35.09,34.06,85.0,90.39509000000001,High Risk
33.48,23.31,76.3,71.87787469999999,Good
33.63,27.75,86.5,80.1717125,Needs Attention
33.31,34.43,83.8,90.7687166,High Risk
33.77,31.03,88.4,85.94931480000001,High Risk
32.23,29.78,86.8,83.59994960000002,Needs Attention
34.12,28.13,93.8,81.7939806,Needs Attention
34.2,27.46,73.0,77.94894199999999,Needs Attention
34.78,30.15,59.1,79.9106635,Needs Attention
33.94,27.99,83.0,80.102283,Needs Attention
34.54,28.83,84.4,81.6722948,Needs Attention
32.34,29.31,93.8,83.84555219999999,Needs Attention
33.06,26.29,90.4,78.1961984,Needs Attention
32.85,31.13,98.3,87.75318209999999,High Risk
35.58,40.0,82.4,99.5472,High Risk
33.73,21.89,77.7,69.7582447,Good
34.94,30.3,58.4,80.01004799999998,Needs Attention
33.69,25.96,78.7,76.2997148,Needs Attention
34.0,31.31,68.4,83.0817796,Needs Attention
32.84,29.19,77.5,81.2574275,Needs Attention
34.48,32.05,75.7,85.45463149999999,High Risk
35.64,33.7,80.7,88.980841,High Risk
34.22,29.77,73.8,81.6108574,Needs Attention
33.18,33.53,86.2,89.74653140000001,High Risk
31.99,20.0,42.3,64.8265,Good
33.25,35.36,77.3,90.94764719999999,High Risk
34.72,30.5,89.4,85.21513,High Risk
33.94,33.31,97.4,91.4724006,High Risk
31.62,24.12,83.8,73.8642344,Good
33.77,25.68,95.2,77.6900864,Needs Attention
34.32,29.58,77.0,81.797634,Needs Attention
33.9,28.93,75.0,80.48882499999999,Needs Attention
35.9,30.13,81.4,83.3456618,High Risk
35.14,33.34,75.0,87.33534999999999,High Risk
31.71,21.94,65.6,68.9393136,Good
34.95,32.9,68.8,85.519448,High Risk
33.45,29.03,61.7,78.7235949,Needs Attention
34.68,28.18,81.3,80.1811366,Needs Attention
32.78,23.12,75.1,71.4773888,Good
34.44,31.01,70.7,83.0128293,Needs Attention
30.6,20.0,68.2,66.251,Good
34.27,31.59,81.1,85.65389509999999,High Risk
32.46,23.03,84.4,72.1280468,Good
32.82,29.21,61.4,78.93549060000001,Needs Attention
33.41,28.52,59.5,77.69240599999999,Needs Attention
35.03,33.68,86.5,90.05316799999999,High Risk
33.55,28.29,58.5,77.2335535,Needs Attention
31.87,26.22,81.6,77.0509648,Needs Attention
33.05,26.97,94.4,79.8515832,Needs Attention
34.3,34.09,94.4,92.27285040000001,High Risk
34.3,31.15,83.9,85.40730149999999,High Risk
33.47,27.46,83.5,79.301909,Needs Attention
33.14,28.05,100.0,82.49000000000001,Needs Attention
32.04,22.73,47.0,68.566569,Good
35.49,30.55,69.4,82.110983,Needs Attention
33.16,21.96,85.2,70.4268208,Good
34.55,32.01,71.0,84.574929,High Risk
35.08,29.51,89.9,83.61159509999999,Needs Attention
36.63,38.55,74.5,95.3045525,High Risk
34.17,24.6,76.6,73.927364,Good
34.85,28.59,71.7,79.4988397,Needs Attention
38.1,36.19,68.7,90.40370469999999,High Risk
33.62,33.77,68.4,86.7401932,High Risk
33.73,26.22,78.3,76.66625739999999,Needs Attention
36.62,29.9,65.7,80.57175699999999,High Risk
34.96,29.01,86.4,82.2568936,Needs Attention
33.23,30.13,82.8,83.5630636,Needs Attention
33.73,26.21,88.2,77.80354779999999,Needs Attention
33.7,28.64,61.5,78.141364,Needs Attention
34.08,22.61,54.6,69.02790940000001,Good
32.56,29.54,74.9,81.4209054,Needs Attention
33.37,30.8,100.0,87.44,High Risk
31.89,28.09,90.2,81.2381082,Needs Attention
32.54,22.54,68.3,70.0313718,Good
36.53,32.95,80.1,87.6642205,High Risk
33.95,30.46,83.7,84.2435698,High Risk
33.21,26.1,58.6,74.202854,Good
33.97,27.88,91.4,81.0400968,Needs Attention
32.39,23.0,73.0,71.1131,Good
33.21,24.9,73.9,74.118389,Good
33.62,26.85,75.3,77.29646950000001,Needs Attention
33.92,33.91,88.7,90.8603883,High Risk
33.1,26.44,65.9,75.54242040000001,Needs Attention
34.88,31.56,54.5,81.09829799999999,Needs Attention
34.11,26.85,78.9,77.73860350000001,Needs Attention
35.07,29.99,50.5,78.3639005,Needs Attention
33.89,28.43,71.4,79.21412980000001,Needs Attention
34.72,32.49,89.2,88.5525692,High Risk
33.95,26.86,81.9,78.1232566,Needs Attention
31.91,22.71,87.5,71.8551375,Good
33.09,23.47,82.4,72.67338720000001,Good
33.16,26.87,100.0,80.366,Needs Attention
31.55,24.0,67.9,72.16334,Good
34.39,30.64,79.8,83.9132128,Needs Attention
34.27,27.14,69.7,77.0437142,Needs Attention
34.96,38.5,86.5,98.084975,High Risk
32.7,22.05,74.3,69.7549185,Good
33.3,29.81,95.6,84.9886764,High Risk
31.88,24.49,68.6,72.95923859999999,Good
35.16,27.03,91.9,79.64476429999999,Needs Attention
32.91,29.57,82.1,82.54560029999999,Needs Attention
30.75,20.0,74.6,66.603,Good
34.08,29.95,81.5,83.0701575,Needs Attention
35.46,36.61,78.1,93.0922859,High Risk
33.94,27.19,79.3,78.3300533,Needs Attention
35.71,30.04,72.5,81.82611,High Risk
33.82,33.1,66.6,85.411354,High Risk
33.05,28.34,71.0,79.022586,Needs Attention
34.68,26.68,54.8,74.5488336,Good
32.75,20.0,85.1,67.1805,Good
34.93,31.56,60.2,82.06412879999999,Needs Attention
33.08,28.55,72.4,79.535798,Needs Attention
33.9,24.95,82.8,75.12111399999999,Needs Attention
34.52,29.51,85.1,82.89567989999999,Needs Attention
34.71,26.67,53.7,74.4021721,Good
32.75,26.89,73.9,77.1861929,Needs Attention
34.28,31.43,80.5,85.2949385,High Risk
34.11,23.65,75.6,72.346306,Good
33.55,33.19,91.1,90.09032909999999,High Risk
31.86,23.41,65.1,71.04031090000001,Good
32.6,26.35,50.4,73.58389600000001,Good
34.87,36.69,84.7,94.6724657,High Risk
34.59,33.51,68.6,86.3912814,High Risk
34.64,29.39,53.9,78.0809979,Needs Attention
33.36,25.24,73.1,74.55703559999999,Good
33.33,26.88,89.8,79.1282576,Needs Attention
34.01,29.29,59.8,78.8137658,Needs Attention
34.29,29.15,100.0,84.47,High Risk
32.11,28.64,64.9,78.61918639999999,Needs Attention
34.64,28.88,76.0,80.554112,Needs Attention
32.78,28.14,60.4,77.2827944,Needs Attention
32.15,23.23,75.5,71.68306349999999,Good
34.6,26.93,73.4,77.1860538,Needs Attention
34.36,32.66,57.1,83.05167139999999,Needs Attention
35.03,23.53,100.0,74.35400000000001,Good
35.65,28.24,69.1,78.61180159999999,Needs Attention
32.78,25.72,69.1,74.8466948,Good
35.16,29.45,86.6,83.01936299999998,Needs Attention
34.03,27.45,96.8,80.99798399999999,Needs Attention
35.15,34.91,88.5,92.50799649999999,High Risk
34.73,31.03,60.6,81.38463820000001,Needs Attention
32.02,23.75,77.6,72.68639999999999,Good
36.19,31.68,52.4,80.9019168,High Risk
32.1,25.9,85.8,77.009578,Needs Attention
33.34,26.69,55.4,74.6350974,Good
33.69,30.26,65.4,81.05053960000001,Needs Attention
34.21,27.03,75.0,77.539075,Needs Attention
34.01,32.57,80.3,87.0909729,High Risk
32.39,25.9,71.9,75.43317900000001,Needs Attention
34.27,26.52,93.2,78.92307359999998,Needs Attention
32.09,26.37,83.7,77.54157310000001,Needs Attention
34.13,26.74,82.7,78.0261402,Needs Attention
35.16,33.4,60.2,84.651132,High Risk
33.86,31.52,95.4,87.9583792,High Risk
35.55,35.84,65.4,89.1831664,High Risk
35.37,38.07,95.9,99.5670387,High Risk
33.51,24.88,99.3,76.71168159999999,Needs Attention
32.77,29.28,81.2,81.94280640000001,Needs Attention
33.35,24.3,87.4,74.51061800000001,Good
33.62,25.89,40.0,71.80334,Good
33.41,26.48,72.7,76.4111504,Needs Attention
32.5,24.77,88.2,75.37976859999999,Needs Attention
32.69,24.79,86.1,75.1983481,Needs Attention
33.29,28.42,60.4,77.67702320000001,Needs Attention
31.15,24.13,71.5,72.70122049999999,Good
34.43,32.37,44.6,80.43454979999998,Needs Attention
33.44,25.33,80.0,75.43866,Needs Attention
35.96,40.0,52.4,91.9572,High Risk
34.93,27.19,88.6,79.5035366,Needs Attention
32.85,29.29,89.2,83.13471320000001,Needs Attention
32.07,23.82,69.3,72.02648740000001,Good
35.18,35.82,81.3,92.51874339999999,High Risk
34.81,33.48,72.4,87.0627248,High Risk
32.23,30.19,77.9,82.8970299,Needs Attention
33.16,23.61,61.2,70.97732679999999,Good
34.09,29.84,82.5,83.04472,Needs Attention
30.9,24.51,55.3,71.66368969999999,Good
34.76,34.85,53.0,85.23529500000001,High Risk
33.62,32.24,73.5,85.363336,High Risk
33.37,29.38,72.5,80.817795,Needs Attention
30.7,20.0,78.3,66.8065,Good
33.29,25.07,67.2,73.6756696,Good
37.17,31.75,97.6,88.73882,High Risk
34.91,33.85,76.9,88.4921435,High Risk
32.64,33.44,77.8,88.01715680000001,High Risk
32.68,22.63,77.4,70.90256380000001,Good
33.77,30.21,87.0,84.348973,High Risk
33.52,33.06,81.9,88.17227860000001,High Risk
32.69,22.37,80.3,70.7202789,Good
34.49,28.97,83.8,81.8163914,Needs Attention
33.32,30.1,53.1,78.91096900000001,Needs Attention
31.98,27.8,53.6,75.904992,Needs Attention
30.41,21.59,74.1,69.0298081,Good
32.84,27.7,72.6,78.264298,Needs Attention
33.3,27.69,82.0,79.48164200000001,Needs Attention
33.12,28.41,75.2,79.70917680000001,Needs Attention
32.63,26.75,82.0,77.95715,Needs Attention
33.86,27.23,60.1,75.9635777,Needs Attention
34.08,28.84,74.9,80.3348484,Needs Attention
34.23,30.77,58.9,80.74329469999999,Needs Attention
34.19,27.78,79.6,79.3107512,Needs Attention
34.49,27.36,52.5,75.17446,Needs Attention
32.79,29.37,79.2,81.7925296,Needs Attention
31.69,21.32,57.4,67.4763032,Good
34.83,30.91,70.4,82.81293360000001,Needs Attention
31.85,29.0,85.7,82.13937,Needs Attention
33.24,29.16,77.7,81.2392468,Needs Attention
35.46,32.84,55.3,82.9714148,Needs Attention
32.86,21.19,66.9,67.9315489,Good
32.59,21.1,57.0,67.14673,Good
34.04,30.1,54.7,79.158953,Needs Attention
35.0,28.97,76.4,80.7522492,Needs Attention
32.88,29.68,81.7,82.66377440000001,Needs Attention
32.46,27.15,80.3,78.3920355,Needs Attention
35.24,31.66,82.2,85.9542748,High Risk
34.47,32.73,74.9,86.37022229999998,High Risk
33.48,30.94,71.7,83.07044020000001,Needs Attention
33.99,27.96,62.1,77.2568284,Needs Attention
31.62,20.57,69.7,67.18851710000001,Good
33.56,32.08,59.1,82.6031872,Needs Attention
33.9,33.89,64.9,86.24486390000001,High Risk
34.51,31.58,76.1,84.78955619999999,High Risk
33.18,25.48,73.6,74.9797472,Good
35.6,31.7,100.0,89.06,High Risk
34.13,32.44,58.9,83.0697884,Needs Attention
34.67,35.24,73.5,89.976286,High Risk
34.29,25.5,57.9,73.29215500000001,Good
34.41,28.09,70.3,78.5497973,Needs Attention
34.43,31.99,70.8,84.50993079999999,High Risk
32.34,29.23,85.1,82.4329827,Needs Attention
32.08,24.53,69.6,73.11865119999999,Good
33.08,30.66,72.7,82.8054218,Needs Attention
34.2,31.31,69.8,83.3155362,Needs Attention
33.31,29.35,58.2,78.66178300000001,Needs Attention
35.32,29.88,67.2,80.77176639999999,Needs Attention
32.08,27.97,70.4,78.3824712,Needs Attention
33.84,34.91,75.9,89.9551231,High Risk
33.2,25.4,81.7,75.735182,Needs Attention
33.7,26.65,72.2,76.610787,Needs Attention
31.38,29.04,72.0,80.22611199999999,Needs Attention
32.84,32.52,54.4,82.3759712,Needs Attention
32.26,23.01,81.5,71.8492185,Good
33.87,23.76,66.6,71.6877184,Good
33.77,20.85,84.0,68.51536,Good
33.35,29.13,90.8,83.0964396,Needs Attention
32.65,24.53,72.7,73.4281769,Good
32.64,27.46,62.7,76.6217458,Needs Attention
34.8,31.65,74.8,84.677558,High Risk
34.56,26.43,79.2,77.1059344,Needs Attention
35.02,29.93,71.2,81.4587584,Needs Attention
33.43,27.8,68.2,77.835404,Needs Attention
33.48,31.69,81.8,85.9346958,High Risk
35.74,30.9,81.0,84.52471,High Risk
34.39,26.23,70.8,75.8070316,Needs Attention
33.2,28.33,55.2,76.8354784,Needs Attention
32.9,33.17,80.5,88.0910315,High Risk
33.69,30.57,65.8,81.5662094,Needs Attention
32.33,23.41,77.6,72.14979840000001,Good
32.59,31.62,76.8,84.9711184,High Risk
33.04,24.66,52.3,71.5639082,Good
35.29,34.65,76.0,89.56916,High Risk
36.19,33.1,81.2,88.10782800000001,High Risk
32.73,30.16,82.6,83.5808384,Needs Attention
34.48,29.63,76.4,81.78604680000001,Needs Attention
34.4,28.16,51.3,76.0753192,Needs Attention
34.71,31.71,90.3,87.4199887,High Risk
32.5,27.52,79.9,78.9340952,Needs Attention
32.93,29.94,60.6,79.84780359999999,Needs Attention
34.49,32.49,65.5,84.3185405,High Risk
34.41,26.75,77.8,77.445485,Needs Attention
32.7,26.54,83.2,77.76026719999999,Needs Attention
33.91,24.22,69.1,72.60555980000001,Good
33.75,24.74,84.9,74.9929174,Good
30.53,21.69,53.5,67.7065085,Good
34.08,31.92,62.5,82.9682,Needs Attention
35.58,36.24,50.2,86.48635519999999,High Risk
35.15,34.7,64.2,87.281026,High Risk
32.7,22.5,93.1,71.949725,Good
35.62,31.9,99.7,89.368157,High Risk
33.83,34.69,77.8,89.9924318,High Risk
32.95,27.17,67.3,76.7863559,Needs Attention
35.17,29.41,72.3,80.8339957,Needs Attention
30.32,20.97,80.7,68.4991621,Good
33.87,30.07,56.2,79.3504466,Needs Attention
33.96,24.75,68.1,73.29540250000001,Good
34.95,29.8,92.2,84.454244,High Risk
34.29,22.76,62.5,69.88085000000001,Good
34.75,31.17,66.0,82.47617799999999,Needs Attention
33.58,33.1,75.2,86.999688,High Risk
34.31,25.87,78.4,76.1227592,Needs Attention
31.71,24.45,67.5,72.79071249999998,Good
30.95,20.38,75.9,67.2678358,Good
33.84,27.93,82.3,79.9109261,Needs Attention
32.79,26.67,98.5,79.8244505,Needs Attention
32.65,22.8,73.5,70.84791999999999,Good
34.45,30.81,74.5,83.3265155,Needs Attention
34.94,27.2,93.3,80.11392400000001,Needs Attention
33.23,24.7,68.4,73.251652,Good
32.7,26.78,59.1,75.2092102,Needs Attention
35.17,33.29,78.0,87.817438,High Risk
33.43,31.41,87.9,86.50569610000001,High Risk
36.38,28.48,79.3,80.3876936,High Risk
34.25,31.48,73.8,84.24531759999999,High Risk
33.13,24.36,57.6,71.6858464,Good
32.12,29.13,74.3,80.69755409999999,Needs Attention
31.79,29.59,89.8,83.7326018,Needs Attention
31.97,27.12,60.2,75.8215776,Needs Attention
35.62,30.74,72.1,82.83100459999999,High Risk
32.04,25.88,70.4,75.2329248,Needs Attention
34.77,31.04,66.6,82.38451359999999,Needs Attention
33.56,31.21,78.0,84.526462,High Risk
31.68,20.0,80.3,66.9165,Good
34.61,33.76,80.2,88.9817648,High Risk
33.38,20.0,63.3,65.9815,Good
33.73,26.54,55.2,74.4073792,Good
34.87,33.1,78.1,87.535289,High Risk
34.61,27.73,68.9,77.8235103,Needs Attention
31.96,23.14,97.1,73.4023506,Good
34.86,24.63,97.6,76.0919912,Needs Attention
35.33,33.11,98.9,91.3947321,High Risk
32.96,21.31,63.7,67.8907253,Good
34.46,33.52,81.8,88.8989664,High Risk
33.26,28.78,85.5,81.746131,Needs Attention
33.22,24.23,84.1,74.0736557,Good
32.51,26.67,70.7,76.4597331,Needs Attention
32.06,24.93,90.3,75.86707209999999,Needs Attention
34.72,32.46,75.0,85.96915,High Risk
34.08,31.93,76.5,85.4059855,High Risk
32.71,22.12,56.5,68.510522,Good
33.82,27.39,82.7,79.0848147,Needs Attention
32.06,25.55,71.9,74.9005455,Good
33.75,34.17,80.6,89.71750979999999,High Risk
32.41,23.6,77.8,72.467792,Good
34.29,35.42,77.2,91.0213976,High Risk
32.88,28.87,74.5,80.3242685,Needs Attention
34.3,24.35,84.4,74.30018600000001,Good
33.06,26.29,72.6,76.1087746,Needs Attention
34.88,25.79,57.5,73.6483575,Good
32.94,23.9,81.8,73.31629799999999,Good
34.66,29.38,65.3,79.7531886,Needs Attention
33.5,24.09,59.1,71.4564181,Good
32.51,20.28,62.7,66.3491044,Good
34.89,27.48,78.4,78.6764768,Needs Attention
31.28,21.79,73.8,69.31670980000001,Good
32.96,25.99,49.4,72.9983694,Good
32.21,25.36,70.4,74.44930559999999,Good
31.48,25.52,89.0,76.729872,Needs Attention
34.71,37.0,69.6,91.81168000000001,High Risk
35.43,29.23,73.0,80.661821,Needs Attention
33.74,29.98,87.5,84.04147499999999,High Risk
34.06,21.89,84.5,70.2594795,Good
35.05,26.38,87.3,77.9833426,Needs Attention
36.57,29.86,41.7,76.85060379999999,Needs Attention
34.6,24.9,95.8,76.385258,Needs Attention
36.55,32.63,82.6,87.6013562,High Risk
33.03,24.19,100.0,75.542,Needs Attention
33.68,27.85,65.6,77.56460399999999,Needs Attention
35.27,26.66,53.8,74.4008492,Good
33.83,29.66,75.1,81.63721340000001,Needs Attention
33.32,26.44,71.7,76.2312052,Needs Attention
34.16,27.92,82.8,79.96138239999999,Needs Attention
33.09,28.06,87.9,80.8769926,Needs Attention
31.87,26.06,74.0,75.918156,Needs Attention
34.42,30.94,72.1,83.1357626,Needs Attention
33.27,29.95,81.3,83.0394565,Needs Attention
33.1,28.65,71.9,79.6181565,Needs Attention
33.23,27.28,70.9,77.40620480000001,Needs Attention
34.0,32.19,87.4,87.7284194,High Risk
35.57,28.06,90.1,81.1735394,High Risk
33.3,27.77,88.0,80.40292399999998,Needs Attention
34.83,29.42,73.0,80.953034,Needs Attention
35.24,35.79,49.3,85.70802529999999,High Risk
32.55,23.64,73.2,72.11223519999999,Good
34.46,32.08,65.9,83.7904128,Needs Attention
31.02,21.43,73.4,68.7344238,Good
34.18,29.87,66.9,80.71119970000001,Needs Attention
35.72,35.3,74.8,90.33695599999999,High Risk
34.98,30.95,62.5,81.5823125,Needs Attention
32.62,29.68,59.6,79.3303872,Needs Attention
31.88,26.76,89.7,78.91218280000001,Needs Attention
33.24,29.12,63.4,79.0984592,Needs Attention
34.74,27.99,75.0,79.029475,Needs Attention
33.27,25.86,86.5,77.022311,Needs Attention
32.77,27.84,86.0,80.255376,Needs Attention
32.55,29.79,84.5,83.2672245,Needs Attention
32.47,25.93,78.6,76.24067020000001,Needs Attention
32.38,25.77,83.7,76.5583951,Needs Attention
33.45,23.56,91.5,73.640926,Good
34.92,30.56,80.1,83.83307439999999,Needs Attention
33.19,31.18,53.0,80.336946,Needs Attention
34.56,29.93,68.7,81.07549089999999,Needs Attention
35.06,32.86,83.4,88.1215876,High Risk
32.71,29.35,67.5,80.03413750000001,Needs Attention
33.94,30.57,94.4,86.13199920000001,High Risk
34.25,30.22,74.2,82.3666076,Needs Attention
33.77,28.63,76.0,80.163512,Needs Attention
31.74,26.88,88.5,78.968212,Needs Attention
35.59,37.86,72.8,93.8426592,High Risk
33.91,27.19,77.1,78.0524551,Needs Attention
34.59,26.34,85.8,77.73972280000001,Needs Attention
33.45,30.74,57.3,80.44337979999999,Needs Attention
33.41,30.01,71.6,81.6415884,Needs Attention
32.39,23.38,84.9,72.7482238,Good
34.86,33.49,75.8,87.71906580000001,High Risk
33.71,28.62,92.6,82.4774988,Needs Attention
34.38,24.56,56.1,71.8116784,Good
33.64,33.76,54.7,84.1055528,High Risk
34.56,31.5,84.2,86.03217000000001,High Risk
32.02,23.94,85.4,73.71951240000001,Good
34.99,36.11,72.7,91.14245030000001,High Risk
35.76,31.64,79.8,85.5132328,High Risk
32.43,28.96,83.9,81.8143656,Needs Attention
34.72,35.36,65.2,88.4421728,High Risk
32.68,29.64,66.5,80.312394,Needs Attention
33.82,28.89,77.3,80.75565030000001,Needs Attention
34.12,26.36,85.8,77.77291120000001,Needs Attention
36.11,31.33,61.0,81.874487,High Risk
33.98,30.91,72.6,83.17155340000001,Needs Attention
34.91,29.06,72.1,80.27103739999998,Needs Attention
33.37,25.84,80.0,76.25568,Needs Attention
34.54,29.52,74.9,81.38987519999999,Needs Attention
34.29,28.72,68.4,79.2300352,Needs Attention
30.04,23.67,90.0,73.69266999999999,Good
32.45,23.11,68.5,70.8956465,Good
33.18,31.26,71.5,83.52349099999999,Needs Attention
31.15,20.0,55.9,65.5745,Good
35.19,29.82,66.4,80.5614752,Needs Attention
32.98,27.09,81.2,78.4084092,Needs Attention
36.45,34.23,78.8,89.4614076,High Risk
32.04,27.03,82.2,78.4361734,Needs Attention
33.25,31.64,81.6,85.8196576,High Risk
34.07,27.41,100.0,81.338,Needs Attention
33.48,29.45,66.0,79.95912999999999,Needs Attention
34.57,31.95,55.6,81.81525799999999,Needs Attention
33.23,27.15,62.4,76.140484,Needs Attention
34.37,32.99,66.6,85.2497266,High Risk
33.74,25.03,63.3,73.2079501,Good
35.23,30.18,76.1,82.6008102,Needs Attention
35.02,32.69,90.0,89.03569,High Risk
35.68,31.64,93.5,87.845466,High Risk
35.05,36.67,81.1,93.8473763,High Risk
32.73,25.95,100.0,78.71000000000001,Needs Attention
32.13,23.48,70.7,71.6430564,Good
34.23,25.02,55.4,72.3664692,Good
34.85,31.64,87.6,86.8410736,High Risk
32.39,30.99,52.9,80.0669729,Needs Attention
32.03,29.41,65.9,79.8857781,Needs Attention
32.05,24.51,81.2,74.24459879999999,Good
34.52,32.07,73.8,85.1542834,High Risk
32.69,24.1,72.7,72.770393,Good
35.09,33.64,60.8,85.10258879999999,High Risk
35.74,40.0,74.9,97.6497,High Risk
35.25,30.47,87.0,84.783511,High Risk
34.86,31.33,75.2,84.2482584,High Risk
33.38,27.03,65.0,76.293105,Needs Attention
33.28,21.76,60.0,68.27104,Good
31.73,26.59,65.3,75.68963729999999,Needs Attention
32.75,24.63,79.7,74.2870089,Good
32.67,23.21,79.1,71.96431890000001,Good
35.62,35.89,65.4,89.2560394,High Risk
32.37,30.09,48.5,78.1851135,Needs Attention
33.77,30.52,80.0,83.75304,Needs Attention
33.81,27.76,64.2,77.2487008,Needs Attention
33.99,28.31,83.3,80.6656077,Needs Attention
35.54,32.86,65.9,84.9310926,High Risk
34.36,28.87,63.1,78.6962003,Needs Attention
34.07,31.12,76.8,84.1859584,High Risk
34.15,28.22,100.0,82.79599999999999,Needs Attention
33.25,27.63,84.0,79.645408,Needs Attention
32.71,23.37,76.6,71.9983058,Good
32.83,21.09,79.3,68.6001263,Good
33.45,27.95,54.0,76.15957,Needs Attention
34.07,29.23,61.5,78.9784855,Needs Attention
33.54,23.86,44.9,69.81190860000001,Good
34.31,28.86,95.8,83.3486012,Needs Attention
34.85,29.22,93.3,83.6159374,Needs Attention
34.07,20.38,79.7,67.4911314,Good
33.6,25.34,76.6,75.0879356,Needs Attention
33.61,30.63,56.4,80.1476668,Needs Attention
34.47,30.55,72.4,82.589318,Needs Attention
33.2,24.39,96.5,75.55738649999999,Needs Attention
34.38,29.63,76.6,81.8161142,Needs Attention
35.86,33.09,68.2,85.69200620000001,High Risk
32.81,32.11,53.9,81.7356171,Needs Attention
34.99,28.62,91.6,82.3371608,Needs Attention
34.99,27.13,74.2,77.59385540000001,Needs Attention
33.71,26.48,53.9,74.1710928,Good
34.61,30.87,63.9,81.6956707,Needs Attention
33.64,29.78,59.7,79.4855734,Needs Attention
34.21,31.52,73.4,84.23932319999999,High Risk
34.43,29.53,77.5,81.79369249999999,Needs Attention
34.93,32.28,69.0,84.63026800000002,High Risk
34.42,29.38,84.3,82.5625666,Needs Attention
34.89,32.14,75.9,85.6300174,High Risk
35.21,32.48,87.7,88.2678104,High Risk
33.76,25.78,70.7,75.1158954,Needs Attention
31.33,21.77,100.0,71.186,Good
35.68,35.17,68.2,88.78118060000001,High Risk
35.58,30.03,64.2,80.5301674,High Risk
33.43,22.14,62.7,69.0102622,Good
34.48,26.14,72.5,75.86788499999999,Needs Attention
33.49,32.09,54.4,81.7960904,Needs Attention
33.45,27.88,78.5,79.324242,Needs Attention
32.71,26.95,52.1,74.57974049999999,Good
36.06,34.6,76.9,89.670626,High Risk
34.34,24.81,58.8,72.4300972,Good
32.97,25.81,70.4,75.1274376,Needs Attention
34.92,29.85,82.3,83.0304845,Needs Attention
35.5,30.56,100.0,87.008,High Risk
34.07,30.99,62.1,81.5739421,Needs Attention
34.55,32.64,73.2,85.92435520000001,High Risk
34.52,29.79,66.3,80.5022623,Needs Attention
33.33,30.96,64.6,81.93995840000001,Needs Attention
33.59,27.96,66.4,77.8321856,Needs Attention
35.68,29.25,84.9,82.4367175,High Risk
33.34,29.43,69.1,80.3897687,Needs Attention
34.64,29.86,100.0,85.74799999999999,High Risk
34.79,32.09,80.0,86.26818,High Risk
34.0,31.22,62.9,82.0345062,Needs Attention
33.93,29.18,70.6,80.2350692,Needs Attention
34.63,25.76,65.4,74.49196959999999,Good
34.25,29.27,84.6,82.4256958,Needs Attention
34.32,28.89,55.3,77.60940830000001,Needs Attention
35.3,29.77,58.9,79.3501847,Needs Attention
35.2,37.83,67.9,92.66230429999999,High Risk
32.34,26.9,83.2,78.348392,Needs Attention
35.63,30.69,89.8,85.6015238,High Risk
34.68,33.27,91.6,90.3204668,High Risk
34.58,29.39,81.4,82.1499254,Needs Attention
34.88,38.35,74.0,94.87671,High Risk
33.75,27.49,84.5,79.4801595,Needs Attention
32.97,30.3,61.3,80.46526099999998,Needs Attention
33.12,25.8,52.9,73.145018,Good
34.82,27.59,80.2,79.08520820000001,Needs Attention
33.11,30.0,62.9,80.28659999999999,Needs Attention
34.1,32.39,74.2,85.71834619999998,High Risk
31.89,30.28,76.4,82.8041808,Needs Attention
33.66,34.04,78.0,89.004088,High Risk
34.33,28.62,86.3,81.5933694,Needs Attention
33.75,27.67,85.0,79.84200500000001,Needs Attention
34.9,39.82,77.3,97.9733514,High Risk
34.51,30.58,69.7,82.20381739999999,Needs Attention
32.33,26.12,76.3,76.2765644,Needs Attention
33.79,26.22,67.8,75.44218839999999,Needs Attention
32.84,25.23,72.6,74.4883102,Good
34.16,32.75,100.0,90.95,High Risk
33.33,27.54,77.2,78.61607120000001,Needs Attention
36.11,29.51,80.4,82.19467959999999,High Risk
32.97,28.75,66.5,79.0055625,Needs Attention
34.49,31.93,87.2,87.2582304,High Risk
35.56,25.61,84.1,76.3404299,Needs Attention
31.97,24.7,84.2,74.85582600000001,Good
32.44,29.9,77.6,82.39257599999999,Needs Attention
33.64,31.4,87.4,86.40496399999999,High Risk
36.33,30.33,90.3,85.0685101,High Risk
32.74,25.76,78.4,75.9482816,Needs Attention
34.03,31.71,73.6,84.5654744,High Risk
33.92,26.02,85.7,77.1972486,Needs Attention
32.56,26.91,64.2,76.0199578,Needs Attention
32.86,25.22,66.4,73.8116192,Good
33.38,34.2,74.4,88.553152,High Risk
34.5,31.53,54.1,80.9901527,Needs Attention
34.39,31.42,84.9,86.01832420000001,High Risk
35.41,33.99,63.4,86.0998634,High Risk
34.87,40.0,69.3,96.2329,High Risk
32.16,22.16,72.4,69.7798016,Good
31.96,26.05,75.5,76.0750725,Needs Attention
32.99,26.54,70.9,76.28739139999999,Needs Attention
34.35,25.6,74.2,75.23064800000002,Needs Attention
32.55,24.69,74.3,73.83522330000001,Good
32.23,27.8,69.6,78.020512,Needs Attention
32.11,24.13,65.7,72.1450759,Good
33.82,30.34,88.0,84.723608,High Risk
32.58,29.21,49.7,77.2251963,Needs Attention
34.69,30.92,72.5,83.17053,Needs Attention
34.38,31.03,69.4,82.82957180000001,Needs Attention
34.46,31.41,80.0,85.17882,High Risk
33.42,27.51,57.5,76.0206675,Needs Attention
34.92,37.48,69.0,92.39438799999999,High Risk
34.09,29.94,73.8,81.87276279999999,Needs Attention
31.37,21.55,87.8,69.93179099999999,Good
35.43,24.99,79.0,74.789579,Good
31.68,22.04,60.8,68.7243168,Good
33.37,29.07,69.2,79.8663756,Needs Attention
33.15,28.51,85.6,81.31281440000001,Needs Attention
33.95,27.13,60.6,75.88587220000001,Needs Attention
35.8,37.04,74.1,92.8782736,High Risk
31.78,31.2,74.9,83.99641199999999,Needs Attention
34.51,31.9,70.4,84.304824,High Risk
31.39,25.28,100.0,77.504,Needs Attention
32.59,25.0,70.0,73.865,Good
33.63,29.15,80.4,81.616534,Needs Attention
33.52,29.69,65.8,80.2801598,Needs Attention
32.67,21.57,81.3,69.50684589999999,Good
34.2,28.28,85.4,80.90420879999999,Needs Attention
33.02,29.06,67.9,79.66332259999999,Needs Attention
32.8,28.14,74.3,79.1674398,Needs Attention
33.02,25.75,64.3,74.3542775,Good
31.88,26.84,61.3,75.56289079999999,Needs Attention
33.13,28.29,87.4,81.1949054,Needs Attention
34.99,29.36,68.4,80.1818176,Needs Attention
32.83,31.42,46.0,79.48086800000002,Needs Attention
34.26,33.32,96.2,91.26590159999999,High Risk
32.93,27.82,65.4,77.49433719999999,Needs Attention
35.14,27.18,72.0,77.393704,Needs Attention
33.57,30.75,94.7,86.49444749999999,High Risk
33.76,31.44,73.3,84.09956480000001,High Risk
32.42,27.26,73.0,77.642402,Needs Attention
34.34,32.16,60.3,82.92525520000001,Needs Attention
34.73,32.92,55.4,83.0983032,Needs Attention
33.94,34.17,73.0,88.233359,High Risk
36.01,36.11,79.4,92.57952660000001,High Risk
33.25,25.53,78.7,75.6163889,Needs Attention
34.48,29.06,69.2,79.85142479999999,Needs Attention
33.41,29.05,75.2,80.704044,Needs Attention
33.84,28.61,53.0,76.90676699999999,Needs Attention
32.99,26.4,80.5,77.21198,Needs Attention
33.82,23.06,76.9,71.5377086,Good
33.88,29.37,98.7,84.67390809999999,High Risk
34.73,25.93,75.1,75.84269570000001,Needs Attention
33.36,29.34,63.7,79.4589842,Needs Attention
32.6,25.82,74.4,75.5929792,Needs Attention
33.03,24.6,71.1,73.374394,Good
34.63,29.94,80.2,82.85456119999999,Needs Attention
33.2,29.6,75.3,81.574012,Needs Attention
34.28,31.32,59.9,81.6765732,Needs Attention
35.61,37.74,55.4,89.6460804,High Risk
34.24,30.11,78.2,82.81705980000001,Needs Attention
32.55,30.94,91.6,86.3202296,High Risk
32.01,24.69,76.0,74.00765600000001,Good
33.17,23.85,84.8,73.51465200000001,Good
35.0,35.33,87.2,92.9473824,High Risk
32.15,25.31,78.2,75.21299579999999,Needs Attention
32.42,24.82,65.2,73.1014136,Good
32.59,28.84,77.3,80.6768868,Needs Attention
34.99,28.64,89.5,82.07637199999999,Needs Attention
31.97,25.39,81.4,75.6864854,Needs Attention
34.14,27.78,84.0,79.891648,Needs Attention
37.05,33.92,69.4,87.1560752,High Risk
33.19,25.78,72.6,75.3291172,Needs Attention
32.31,23.43,73.6,71.8255352,Good
32.62,32.77,74.4,86.3415712,High Risk
33.68,30.97,89.0,85.94636700000001,High Risk
32.52,26.52,46.8,73.37604639999999,Good
32.66,22.67,75.4,70.80274820000001,Good
34.94,26.02,74.0,75.85645199999999,Needs Attention
35.26,28.78,58.5,77.914237,Needs Attention
35.77,33.66,83.1,89.3730454,High Risk
32.36,24.85,66.3,73.25839450000001,Good
33.08,28.66,70.7,79.46449379999999,Needs Attention
35.17,31.7,97.2,88.581676,High Risk
32.05,20.0,87.1,67.2905,Good
34.3,33.14,81.9,88.3019434,High Risk
34.42,24.27,79.6,73.7016308,Good
34.49,30.33,73.0,82.34779099999999,Needs Attention
33.73,29.99,99.0,85.828099,High Risk
33.95,33.34,84.6,89.1311836,High Risk
35.33,31.2,66.0,82.52008,Needs Attention
32.09,20.0,58.2,65.701,Good
33.09,25.86,81.8,76.4911452,Needs Attention
34.42,29.55,74.3,81.3466935,Needs Attention
34.34,28.22,57.9,77.05448619999999,Needs Attention
34.58,30.91,80.1,84.3941209,High Risk
35.13,32.16,71.8,84.9421712,High Risk
34.59,31.43,81.4,85.4462798,High Risk
35.15,28.14,80.3,79.9809558,Needs Attention
32.68,21.61,67.7,68.60667029999999,Good
34.96,27.18,82.6,78.73017320000001,Needs Attention
32.92,30.67,69.0,82.226377,Needs Attention
33.11,24.64,69.8,73.3037328,Good
33.0,31.53,68.6,83.4427842,Needs Attention
34.34,32.63,88.6,88.6815782,High Risk
33.29,29.51,71.6,80.8821684,Needs Attention
32.02,20.0,91.5,67.5325,Good
32.99,23.89,96.4,74.66536040000001,Good
34.35,36.54,66.1,90.35651060000001,High Risk
33.24,26.81,40.0,72.91286,Good
33.37,21.06,87.5,69.089325,Good
33.51,33.94,70.9,87.4755254,High Risk
32.94,29.05,64.6,79.171337,Needs Attention
35.36,33.42,67.9,86.1257582,High Risk
33.99,30.11,70.0,81.54533,Needs Attention
34.2,30.83,90.6,85.9691602,High Risk
34.91,30.45,76.9,83.1496895,Needs Attention
33.54,31.79,90.4,87.5734784,High Risk
35.05,38.11,80.9,96.1230801,High Risk
33.9,32.88,71.3,85.94590559999999,High Risk
33.99,22.68,70.3,70.4024996,Good
35.26,30.79,81.7,84.4606757,High Risk
33.08,33.57,84.8,89.5479864,High Risk
33.59,33.81,87.0,90.36565300000001,High Risk
32.13,27.29,71.9,77.5484949,Needs Attention
35.89,33.66,77.1,88.23164139999999,High Risk
33.89,32.71,82.0,87.62307799999999,High Risk
35.46,39.29,70.4,95.4412584,High Risk
31.65,26.0,61.4,74.38416000000001,Good
33.06,26.97,65.3,76.24309589999999,Needs Attention
34.23,27.78,72.1,78.32058620000001,Needs Attention
33.54,27.04,82.9,78.53969839999999,Needs Attention
32.89,25.44,90.1,76.7143256,Needs Attention
30.49,20.0,58.7,65.7285,Good
33.06,27.26,67.8,76.9826572,Needs Attention
34.13,30.48,70.7,82.2125664,Needs Attention
32.41,27.03,84.5,78.7227465,Needs Attention
35.84,36.74,68.7,91.2232762,High Risk
34.51,29.05,69.8,79.92323099999999,Needs Attention
34.26,34.16,58.1,85.3097904,High Risk
34.56,30.05,80.8,83.123696,Needs Attention
34.26,32.31,73.1,85.40022390000001,High Risk
34.96,30.12,67.2,81.1258336,Needs Attention
36.63,34.48,71.9,88.4903088,High Risk
32.76,29.22,88.5,82.913803,Needs Attention
36.47,30.98,62.9,81.6906558,High Risk
35.17,30.47,64.9,81.27727970000001,Needs Attention
32.6,27.85,90.0,80.80284999999999,Needs Attention
33.51,30.62,75.9,83.25667419999999,Needs Attention
34.96,37.94,83.0,96.337698,High Risk
33.36,27.92,79.8,79.5611584,Needs Attention
33.71,30.68,74.6,83.1414072,Needs Attention
34.53,34.03,70.8,87.5922076,High Risk
35.37,33.56,85.0,89.56934000000001,High Risk
32.0,29.05,88.9,82.68499549999999,Needs Attention
31.02,20.0,88.0,67.34,Good
34.72,31.07,60.8,81.4739544,Needs Attention
34.08,20.12,90.7,67.6934516,Good
33.92,34.88,70.7,88.8562584,High Risk
34.34,29.68,65.9,80.2806288,Needs Attention
35.69,33.0,73.0,86.4401,High Risk
32.93,25.39,85.0,76.076585,Needs Attention
31.55,22.79,81.5,71.4935115,Good
36.15,30.04,71.9,81.7334724,High Risk
35.22,28.87,85.1,81.8380863,Needs Attention
32.51,27.03,76.7,77.75088989999999,Needs Attention
33.8,29.34,68.1,80.10783459999999,Needs Attention
36.88,40.0,66.5,95.52449999999999,High Risk
35.57,32.34,79.9,86.65096340000001,High Risk
32.97,33.2,74.0,86.93232,High Risk
35.84,32.38,58.5,82.915177,High Risk
34.0,34.92,85.2,91.85592159999999,High Risk
32.4,28.24,69.2,78.6254592,Needs Attention
30.5,20.78,94.1,69.03394019999999,Good
34.62,28.25,58.2,77.136985,Needs Attention
33.6,32.25,72.8,85.25532000000001,High Risk
33.22,25.12,66.6,73.68602080000001,Good
34.08,28.29,63.3,77.89149429999999,Needs Attention
33.29,26.23,69.2,75.6203484,Needs Attention
35.17,35.01,96.2,94.2443238,High Risk
34.64,32.0,76.7,85.55045999999999,High Risk
34.35,31.61,65.5,83.03510449999999,Needs Attention
33.51,31.49,53.1,80.76757809999998,Needs Attention
32.91,28.85,54.3,77.41249450000001,Needs Attention
33.76,29.79,68.6,80.8516806,Needs Attention
32.64,24.26,67.4,72.5001276,Good
32.34,20.25,72.3,66.85794250000001,Good
34.81,29.6,47.7,77.432908,Needs Attention
34.27,30.3,73.9,82.44308299999999,Needs Attention
33.94,33.84,87.3,90.4733968,High Risk
32.99,35.29,94.5,94.38695949999999,High Risk
34.26,35.28,52.3,85.6648256,High Risk
31.69,25.01,65.4,73.3988746,Good
34.54,27.59,64.7,77.0680227,Needs Attention
34.3,30.92,76.7,83.8555836,Needs Attention
35.8,39.13,60.4,92.7562748,High Risk
36.56,34.92,95.2,93.88300159999999,High Risk
35.03,33.48,75.5,87.646926,High Risk
35.11,27.45,73.5,77.9979925,Needs Attention
33.64,25.47,94.1,77.2019973,Needs Attention
35.31,32.16,74.8,85.4683232,High Risk
32.5,24.6,79.8,74.249092,Good
32.54,28.05,66.0,77.91037,Needs Attention
33.2,28.54,58.6,77.5947956,Needs Attention
34.96,35.37,67.7,88.9746351,High Risk
32.85,27.58,100.0,81.644,Needs Attention
31.0,20.0,82.6,67.04299999999999,Good
34.48,31.02,78.3,84.2750734,High Risk
32.24,26.2,63.3,74.888854,Good
32.35,29.17,85.9,82.4504597,Needs Attention
32.62,28.65,58.7,77.76177449999999,Needs Attention
33.27,27.91,56.2,76.3990658,Needs Attention
33.44,32.16,68.3,84.3283272,High Risk
32.27,22.87,98.5,73.0408805,Good
33.83,26.93,97.8,80.2020646,Needs Attention
34.76,31.74,69.6,83.9267296,Needs Attention
32.61,26.54,66.9,75.8084074,Needs Attention
31.24,22.56,55.3,69.0166232,Good
33.72,31.67,75.9,84.8961547,High Risk
36.36,33.49,76.9,87.92647190000001,High Risk
34.46,28.82,84.5,81.67007100000001,Needs Attention
32.45,21.16,85.9,69.1505756,Good
35.35,31.82,72.6,84.5627068,High Risk
33.93,22.36,81.7,70.81393879999999,Good
33.51,30.24,66.6,81.20904159999999,Needs Attention
34.33,25.45,81.4,75.783437,Needs Attention
32.54,24.36,68.9,72.7950996,Good
34.26,27.23,80.5,78.5457485,Needs Attention
34.19,28.27,79.5,80.08010349999999,Needs Attention
31.41,26.42,75.8,76.68689640000001,Needs Attention
33.3,31.35,84.5,85.8358425,High Risk
32.24,27.22,56.2,75.45626360000001,Needs Attention
32.88,32.92,62.2,84.3420776,High Risk
34.72,30.12,71.8,81.8396984,Needs Attention
36.21,26.21,57.7,74.2509383,Needs Attention
32.78,25.54,70.1,74.6876046,Good
33.15,22.41,70.5,70.0116595,Good
35.27,30.16,90.7,84.8410688,High Risk
33.6,27.58,76.7,78.6140214,Needs Attention
31.88,20.0,87.4,67.307,Good
33.05,26.86,78.6,77.7176404,Needs Attention
33.46,25.4,68.6,74.314356,Good
35.75,35.3,76.6,90.70860199999998,High Risk
32.75,22.19,83.8,70.6997678,Good
32.93,23.23,89.3,72.8833461,Good
34.54,33.44,73.4,87.18971040000001,High Risk
34.7,34.43,55.2,85.1100064,High Risk
33.91,26.02,54.4,73.61033119999999,Good
32.04,26.47,71.1,76.2053683,Needs Attention
34.75,31.46,46.9,79.6830926,Needs Attention
32.58,20.0,96.5,67.8075,Good
31.18,21.56,82.2,69.5540968,Good
34.52,27.88,67.4,77.8478088,Needs Attention
36.85,35.2,61.7,87.49011600000001,High Risk
33.28,27.26,87.3,79.45670020000001,Needs Attention
32.68,29.4,61.6,79.23449600000001,Needs Attention
35.33,33.54,62.8,85.3394888,High Risk
34.69,37.43,65.8,91.59155059999999,High Risk
31.51,26.69,76.4,77.1809484,Needs Attention
34.15,28.93,82.4,81.5500368,Needs Attention
34.33,36.29,89.3,95.0079003,High Risk
32.77,22.91,87.5,72.1903875,Good
33.79,33.11,75.0,86.978275,High Risk
33.52,24.93,87.2,75.54527039999999,Needs Attention
33.95,29.41,66.9,80.0339371,Needs Attention
31.18,28.03,53.1,76.1460907,Needs Attention
33.28,25.17,66.9,73.79134270000002,Good
32.65,25.07,65.3,73.4758029,Good
35.2,30.11,67.4,81.14209860000001,Needs Attention
34.85,32.98,63.5,84.666177,High Risk
34.28,28.48,69.5,79.025964,Needs Attention
34.98,29.28,82.4,82.1190528,Needs Attention
33.45,31.28,95.6,87.57064319999999,High Risk
32.9,25.11,54.3,72.37258270000001,Good
33.97,31.96,59.5,82.505138,Needs Attention
35.56,32.28,65.5,84.01226600000001,High Risk
35.64,39.41,84.2,99.0328878,High Risk
32.3,27.5,72.5,77.94562499999999,Needs Attention
32.59,27.17,66.3,76.6603729,Needs Attention
35.18,32.08,83.6,86.8806912,High Risk
34.2,32.28,86.5,87.72027800000001,High Risk
33.07,26.86,74.8,77.25056719999999,Needs Attention
34.33,27.39,65.2,76.8419972,Needs Attention
33.31,31.16,78.2,84.48044879999999,High Risk
31.03,25.69,72.2,75.1469982,Needs Attention
32.6,27.36,72.1,77.68059439999999,Needs Attention
33.99,29.36,68.9,80.2556496,Needs Attention
34.27,32.98,86.1,88.8133222,High Risk
31.81,26.58,78.0,77.200876,Needs Attention
33.14,21.63,87.4,70.0376738,Good
32.31,21.33,91.0,69.78049700000001,Good
33.04,23.96,80.5,73.291022,Good
33.03,23.75,68.9,71.8849125,Good
32.41,28.38,87.5,81.359475,Needs Attention
33.02,24.24,80.6,73.7506656,Good
33.95,26.19,100.0,79.142,Needs Attention
34.11,25.9,78.7,76.204367,Needs Attention
34.0,27.24,83.4,78.9291784,Needs Attention
35.22,34.29,78.5,89.49787350000001,High Risk
32.67,31.65,73.8,84.507223,High Risk
33.7,29.06,71.9,80.24209859999999,Needs Attention
32.47,27.16,78.5,78.181494,Needs Attention
34.51,27.27,81.3,78.7116049,Needs Attention
34.98,30.31,88.9,84.81453409999999,High Risk
33.31,31.34,78.7,84.84923420000001,High Risk
32.93,25.37,69.4,74.3562122,Good
33.95,29.15,71.1,80.2625935,Needs Attention
32.89,20.87,59.1,66.9642283,Good
32.36,29.85,94.9,84.9521735,High Risk
32.32,32.05,68.5,84.1997075,High Risk
33.51,27.88,86.6,80.40163919999999,Needs Attention
32.87,36.27,78.3,92.5972159,High Risk
33.14,25.48,78.6,75.52600720000001,Needs Attention
34.41,29.87,73.6,81.7343768,Needs Attention
34.78,28.86,65.5,79.02436700000001,Needs Attention
33.06,28.6,63.4,78.350876,Needs Attention
33.75,28.54,95.7,82.7719522,Needs Attention
34.37,29.43,76.4,81.4727748,Needs Attention
33.32,32.39,88.5,88.25889849999999,High Risk
35.63,34.51,91.6,92.44934839999999,High Risk
33.95,28.99,70.1,79.87637009999999,Needs Attention
33.81,32.26,80.1,86.5581574,High Risk
35.02,26.19,75.5,76.2931155,Needs Attention
35.49,32.06,61.1,82.9240734,Needs Attention
33.79,25.95,72.8,75.611784,Needs Attention
34.25,33.36,82.1,88.6959744,High Risk
35.67,37.84,69.0,92.931904,High Risk
33.04,28.51,71.1,79.29370390000001,Needs Attention
31.1,20.23,72.9,66.8617933,Good
33.42,26.81,100.0,80.258,Needs Attention
33.88,33.93,53.0,84.00737099999999,High Risk
34.86,31.21,81.0,85.02439899999999,High Risk
34.43,30.0,72.0,81.688,Needs Attention
33.82,33.03,67.3,85.4372981,High Risk
34.28,30.94,71.7,83.07044020000001,Needs Attention
33.98,33.87,83.0,89.69667899999999,High Risk
32.99,32.68,83.7,87.8813284,High Risk
34.38,35.09,77.2,90.5018852,High Risk
33.94,30.44,88.1,84.9075636,High Risk
34.89,32.62,90.2,88.9526076,High Risk
33.59,27.77,84.8,79.98077039999998,Needs Attention
34.04,26.59,68.4,76.0623844,Needs Attention
34.18,35.83,80.9,92.4502053,High Risk
33.53,29.86,81.0,82.848334,Needs Attention
35.82,32.22,65.2,83.87196560000001,High Risk
32.06,29.49,56.2,78.55794619999999,Needs Attention
32.82,26.65,50.7,74.0128345,Good
32.74,29.04,75.8,80.77519679999999,Needs Attention
34.67,34.74,78.6,90.23218360000001,High Risk
35.08,31.22,60.8,81.6857424,Needs Attention
32.87,22.15,87.6,70.92406600000001,Good
33.76,28.14,76.8,79.5064048,Needs Attention
33.95,36.13,91.2,95.1447544,High Risk
34.83,28.14,79.4,79.8589284,Needs Attention
33.94,21.8,62.2,68.48740400000001,Good
35.88,36.57,80.5,93.55466150000001,High Risk
36.44,31.73,83.0,86.204841,High Risk
34.28,28.72,68.4,79.2300352,Needs Attention
32.49,27.51,57.7,76.0465373,Needs Attention
34.48,33.33,76.2,87.5441854,High Risk
33.43,26.83,63.0,75.757171,Needs Attention
34.15,33.59,88.5,90.28227850000002,High Risk
34.56,31.17,70.1,83.1550683,Needs Attention
31.85,29.98,95.7,85.3026514,High Risk
34.31,29.58,49.5,77.676979,Needs Attention
33.13,28.3,76.6,79.730222,Needs Attention
34.44,33.18,92.2,90.2772404,High Risk
34.33,25.54,64.3,74.0504978,Good
31.27,22.51,73.1,70.3700619,Good
34.44,31.46,70.2,83.6080708,Needs Attention
34.92,31.52,66.8,83.12360639999999,Needs Attention
34.24,30.92,77.9,84.05131320000001,High Risk
32.57,30.63,59.5,80.6444015,Needs Attention
34.66,27.72,73.7,78.4394436,Needs Attention
34.14,32.15,81.2,86.574642,High Risk
33.19,28.82,72.4,79.94802320000001,Needs Attention
33.03,27.05,63.0,76.07258499999999,Needs Attention
33.11,27.75,87.4,80.290265,Needs Attention
34.25,37.08,83.8,95.11370959999999,High Risk
32.46,22.06,62.5,68.880725,Good
33.56,31.0,59.5,81.16205000000001,Needs Attention
32.96,22.28,63.6,69.28037920000001,Good
34.08,28.57,81.5,80.8389045,Needs Attention
34.82,27.27,78.3,78.33068589999999,Needs Attention
31.84,20.66,84.5,68.234223,Good
33.29,30.56,71.1,82.39717839999999,Needs Attention
32.07,27.48,63.9,76.8052228,Needs Attention
33.99,20.6,86.0,68.22684000000001,Good
34.97,32.36,68.4,84.6432976,High Risk
34.22,34.74,77.2,89.95088720000001,High Risk
36.42,34.96,56.4,86.0726656,High Risk
35.21,30.44,68.2,81.7562792,Needs Attention
32.52,29.18,87.1,82.6421222,Needs Attention
34.08,34.31,66.4,87.14992160000001,High Risk
34.93,35.73,84.8,93.1109496,High Risk
33.64,33.53,47.0,82.339809,Needs Attention
32.86,25.23,68.3,74.0291691,Good
34.5,29.81,72.9,81.5355751,Needs Attention
32.82,30.76,95.9,86.7057516,High Risk
32.52,21.76,61.0,68.343464,Good
35.13,30.88,83.1,84.8341672,High Risk
35.88,38.09,87.7,97.6826807,High Risk
35.75,31.56,66.3,83.09773719999998,High Risk
34.28,34.89,70.5,88.83087549999999,High Risk
36.45,29.73,76.7,81.98808090000001,High Risk
32.58,28.71,57.2,77.6333988,Needs Attention
34.22,30.53,69.5,82.09696650000001,Needs Attention
34.65,25.74,90.3,77.2472878,Needs Attention
33.94,25.14,81.3,75.2719318,Needs Attention
34.19,34.07,73.1,88.09951829999999,High Risk
34.35,34.49,76.4,89.3985564,High Risk
31.79,25.04,82.0,75.183872,Needs Attention
34.87,32.87,84.3,88.30211589999999,High Risk
33.25,28.65,68.3,79.1118705,Needs Attention
33.2,30.36,93.4,85.6080776,High Risk
33.38,30.84,90.8,86.0186928,High Risk
34.98,32.98,83.1,88.2628162,High Risk
32.77,29.33,64.9,79.6214183,Needs Attention
33.92,34.64,62.8,86.9143808,High Risk
34.75,30.24,71.1,81.91273359999998,Needs Attention
34.05,31.5,75.7,84.596945,High Risk
33.89,25.67,53.8,73.0716554,Good
35.1,37.63,80.9,95.3498433,High Risk
34.07,30.88,90.4,86.0219648,High Risk
34.41,31.85,81.9,86.2110985,High Risk
33.66,22.57,66.9,69.9633367,Good
34.22,25.71,65.5,74.4302495,Good
35.73,33.95,78.6,88.97755300000001,High Risk
34.98,30.15,73.2,82.10300199999999,Needs Attention
31.28,21.34,80.3,69.0671598,Good
35.22,33.15,82.2,88.373707,High Risk
34.5,26.82,88.1,78.8180358,Needs Attention
35.88,34.65,61.4,86.648649,High Risk
33.64,28.65,77.7,80.43383949999999,Needs Attention
34.52,29.82,70.6,81.2007908,Needs Attention
35.31,33.72,73.8,87.6963064,High Risk
33.12,25.41,85.4,76.1530386,Needs Attention
34.56,25.03,86.7,75.6601999,Needs Attention
33.63,28.21,91.8,81.6605122,Needs Attention
33.65,32.31,80.1,86.63830690000002,High Risk
33.82,23.68,73.7,72.2193384,Good
31.73,22.33,72.0,70.00812399999998,Good
34.01,32.29,54.2,82.0304682,Needs Attention
33.35,26.59,91.1,78.79185509999999,Needs Attention
33.35,27.43,71.1,77.65870269999999,Needs Attention
32.9,21.57,81.1,69.49273729999999,Good
35.55,26.28,83.1,77.3237932,Needs Attention
34.89,28.97,60.1,78.4082603,Needs Attention
35.72,32.72,63.9,84.3644992,High Risk
32.4,25.92,93.6,77.9289088,Needs Attention
33.74,35.63,78.5,91.62465449999999,High Risk
33.99,26.26,68.0,75.524832,Needs Attention
34.4,26.27,73.5,76.1835655,Needs Attention
36.33,35.15,88.0,92.81017999999999,High Risk
34.31,29.85,86.2,83.625293,Needs Attention
31.46,26.79,57.4,75.01538540000001,Needs Attention
33.9,28.38,94.6,82.3390052,Needs Attention
35.28,34.41,86.6,91.28936939999998,High Risk
36.0,34.86,73.2,89.33134479999998,High Risk
34.33,25.73,60.7,73.9231289,Good
34.48,28.83,87.6,82.1280292,Needs Attention
33.24,29.36,80.7,81.9980848,Needs Attention
31.98,25.06,57.5,72.64150500000001,Good
34.14,28.78,72.2,79.8585684,Needs Attention
32.99,29.02,100.0,84.23599999999999,High Risk
35.94,33.56,75.2,87.71474880000001,High Risk
33.13,33.83,66.1,86.3880137,High Risk
33.95,27.68,62.9,76.96271279999999,Needs Attention
33.82,28.14,96.3,82.1503318,Needs Attention
34.05,31.66,85.2,86.4655768,High Risk
32.4,26.66,91.9,79.0084346,Needs Attention
32.32,31.35,78.0,84.74797000000001,High Risk
33.15,28.65,90.0,82.16364999999999,Needs Attention
32.46,25.12,64.8,73.49578240000001,Good
33.94,25.17,77.0,74.863791,Good
34.15,34.79,78.4,90.2713064,High Risk
33.98,28.37,91.6,81.9079508,Needs Attention
33.85,35.56,78.8,91.5762672,High Risk
33.72,26.95,67.5,76.48633749999999,Needs Attention
31.92,30.16,75.8,82.52286720000001,Needs Attention
37.5,38.57,54.9,90.6541807,High Risk
32.73,24.77,47.1,71.1784033,Good
30.0,21.41,85.0,69.50361500000001,Good
34.08,34.15,70.5,87.7149925,High Risk
32.25,25.69,71.9,75.1135989,Needs Attention
33.09,28.92,85.0,81.90638000000001,Needs Attention
34.51,26.66,91.8,78.9963412,Needs Attention
33.32,30.07,81.4,83.2487102,Needs Attention
32.2,25.2,98.1,77.157688,Needs Attention
32.51,28.28,81.0,80.301532,Needs Attention
34.8,30.8,78.6,83.97491199999999,Needs Attention
33.97,24.97,77.9,74.6431137,Good
32.91,26.2,59.6,74.458248,Good
33.41,27.61,86.5,79.9384235,Needs Attention
31.54,23.28,45.7,69.1542704,Good
33.43,27.31,68.0,77.082192,Needs Attention
35.4,29.48,75.3,81.38735559999999,Needs Attention
33.18,27.4,65.5,76.89502999999999,Needs Attention
33.84,27.91,69.6,78.1854064,Needs Attention
33.96,28.92,97.1,83.64040680000001,Needs Attention
32.23,26.38,88.2,78.08968840000001,Needs Attention
35.33,31.76,66.8,83.47672320000001,Needs Attention
34.66,34.74,69.4,88.38366440000001,High Risk
36.67,27.14,59.7,75.78685420000001,Needs Attention
34.47,30.94,83.5,84.99745100000001,High Risk
35.28,28.04,72.0,78.70331200000001,Needs Attention
35.05,30.46,51.4,79.1222756,Needs Attention
35.16,35.26,76.2,90.56343879999999,High Risk
33.46,31.03,80.3,84.61931910000001,High Risk
31.65,21.91,86.6,70.44761940000001,Good
34.54,30.82,74.1,83.27714379999999,Needs Attention
34.82,33.93,70.5,87.38324349999999,High Risk
32.99,28.11,98.8,82.4356532,Needs Attention
35.25,32.98,75.1,86.7948002,High Risk
34.31,26.24,83.6,77.3168736,Needs Attention
33.27,23.06,68.5,70.82123899999999,Good
32.94,29.56,83.3,82.7089452,Needs Attention
33.19,21.97,57.5,68.3796225,Good
33.96,28.04,69.5,78.36682200000001,Needs Attention
35.81,34.15,60.5,85.76414249999999,High Risk
33.05,21.36,67.7,68.2366128,Good
32.6,23.88,90.0,74.04988,Good
32.73,24.87,67.7,73.43222010000001,Good
35.25,28.75,83.6,81.42734999999999,Needs Attention
33.15,27.54,93.2,80.6904072,Needs Attention
35.49,34.6,74.7,89.231638,High Risk
34.12,32.82,86.9,88.69287419999999,High Risk
32.42,30.98,81.4,84.71914280000001,High Risk
32.71,29.58,76.4,81.7077288,Needs Attention
34.38,30.57,84.0,84.47171200000001,High Risk
33.64,25.55,97.1,77.6711595,Needs Attention
34.75,32.43,67.4,84.56934179999999,High Risk
33.84,24.55,63.5,72.53835749999999,Good
36.31,32.34,62.8,83.62142480000001,High Risk
33.95,33.74,86.9,90.2295594,High Risk
35.6,29.84,88.6,83.9744576,High Risk
33.71,28.3,68.6,78.63286199999999,Needs Attention
33.5,30.6,49.4,78.98703600000002,Needs Attention
32.33,20.0,66.9,66.1795,Good
34.01,30.21,81.6,83.50614639999999,Needs Attention
33.06,28.55,74.2,79.787159,Needs Attention
33.5,28.8,77.2,80.599664,Needs Attention
35.54,31.83,68.7,83.9067379,High Risk
34.88,28.7,87.2,81.85353599999999,Needs Attention
32.96,24.44,79.1,73.9238196,Good
33.64,28.43,82.0,80.681774,Needs Attention
32.46,29.27,76.9,81.29554370000001,Needs Attention
35.34,29.46,81.3,82.2481702,Needs Attention
34.76,29.65,80.5,82.4345675,Needs Attention
35.21,33.16,63.9,84.99924759999999,High Risk
30.78,24.66,79.5,74.31475300000001,Good
33.88,29.7,84.5,83.11903500000001,Needs Attention
34.62,34.16,88.9,91.3214576,High Risk
32.93,22.06,80.0,70.20012,Good
33.44,29.72,63.4,79.9610552,Needs Attention
34.33,26.66,65.3,75.7915902,Needs Attention
33.96,27.52,69.8,77.6266704,Needs Attention
32.28,25.38,77.3,75.2264526,Needs Attention
33.05,28.32,73.5,79.335748,Needs Attention
35.35,36.37,61.5,89.10907449999999,High Risk
33.89,23.94,61.4,71.46336840000001,Good
33.49,24.32,49.8,70.86804640000001,Good
33.63,23.79,40.0,69.27074,Good
36.41,35.91,73.4,90.98526059999999,High Risk
34.68,27.15,100.0,80.87,Needs Attention
32.11,28.9,96.6,83.53342599999999,Needs Attention
35.2,27.39,63.3,76.59849129999999,Needs Attention
34.88,25.22,76.8,74.9210704,Good
33.92,28.06,57.4,76.7657756,Needs Attention
36.42,38.83,59.3,92.0683281,High Risk
35.81,34.57,60.6,86.3758258,High Risk
32.83,25.59,72.3,75.0055543,Needs Attention
33.67,31.59,72.8,84.24504479999999,High Risk
34.25,25.67,78.0,75.76107400000001,Needs Attention
32.78,21.89,83.0,70.148913,Good
36.68,33.08,71.0,86.193732,High Risk
36.42,33.64,75.4,87.8771144,High Risk
36.16,33.18,61.9,84.6571358,High Risk
31.98,27.12,58.9,75.6584432,Needs Attention
35.05,28.33,57.0,77.082919,Needs Attention
33.2,32.0,82.8,86.61063999999999,High Risk
33.51,30.57,70.9,82.38038870000001,Needs Attention
33.63,27.43,52.5,75.26754249999999,Needs Attention
32.78,22.52,74.2,70.4733416,Good
32.49,29.46,60.0,79.08184,Needs Attention
33.89,33.32,94.9,91.0229732,High Risk
31.41,24.21,68.1,72.4939399,Good
34.77,31.56,83.2,85.96134079999999,High Risk
35.03,30.33,88.1,84.72252269999998,High Risk
33.2,32.0,63.5,83.2563,Needs Attention
35.29,32.49,75.9,86.1765109,High Risk
33.98,26.22,81.6,77.0509648,Needs Attention
31.81,22.53,76.4,70.6648908,Good
31.49,26.87,79.3,77.81963089999999,Needs Attention
33.45,32.56,59.0,83.254896,Needs Attention
32.73,26.83,81.6,78.03784719999999,Needs Attention
34.53,26.22,69.2,75.6053976,Needs Attention
32.14,21.71,79.2,69.5818768,Good
34.2,36.01,86.0,93.829014,High Risk
34.49,32.3,83.0,87.13490999999999,High Risk
33.15,32.08,79.2,86.1124864,High Risk
34.94,32.87,82.7,88.0102551,High Risk
33.28,31.31,83.3,85.5696177,High Risk
32.76,28.02,92.9,81.4817742,Needs Attention
33.91,28.34,74.6,79.5178236,Needs Attention
36.04,27.29,77.0,78.197067,Needs Attention
37.79,39.54,86.2,99.7434452,High Risk
33.21,31.22,69.1,83.0641898,Needs Attention
32.79,27.14,59.0,75.698874,Needs Attention
34.54,30.86,80.9,84.4439826,High Risk
33.94,24.96,72.5,74.06514,Good
32.96,35.02,60.5,86.989929,High Risk
33.25,26.36,81.0,77.20668400000001,Needs Attention
33.66,31.0,92.2,86.52158000000001,High Risk
32.82,33.26,55.4,83.5601796,Needs Attention
32.8,30.54,87.3,84.9483058,High Risk
33.26,29.38,44.6,76.6924452,Needs Attention
33.76,29.04,70.2,79.96601919999999,Needs Attention
34.56,28.77,97.1,83.3747133,Needs Attention
33.56,26.69,71.1,76.5384241,Needs Attention
34.19,27.2,76.1,77.94190800000001,Needs Attention
34.91,34.92,84.2,91.65321359999999,High Risk
32.98,28.57,54.4,77.0491592,Needs Attention
32.91,25.86,75.9,75.8243626,Needs Attention
33.91,26.93,75.8,77.4827106,Needs Attention
35.51,33.4,97.3,91.613318,High Risk
34.11,31.7,60.2,82.260966,Needs Attention
33.31,31.24,70.4,83.3102304,Needs Attention
33.8,27.97,63.9,77.5121017,Needs Attention
34.59,31.29,62.6,82.0847646,Needs Attention
34.29,26.43,88.5,78.20944449999999,Needs Attention
32.88,27.96,75.3,79.0230412,Needs Attention
33.87,32.88,68.3,85.3983696,High Risk
35.08,32.5,68.8,84.923,High Risk
32.55,25.07,68.2,73.7808626,Good
32.61,25.58,69.3,74.6595706,Good
34.92,29.43,59.8,79.0100486,Needs Attention
35.34,35.9,71.9,90.651279,High Risk
34.02,21.34,70.7,68.4118062,Good
33.37,30.11,65.9,80.9094651,Needs Attention
33.38,23.5,76.9,72.22908500000001,Good
33.09,26.46,77.9,76.9991166,Needs Attention
33.65,27.54,68.3,77.4622218,Needs Attention
33.13,27.32,73.3,77.7726044,Needs Attention
34.04,26.86,100.0,80.348,Needs Attention
33.39,29.03,100.0,84.254,High Risk
32.76,26.86,62.4,75.7264336,Needs Attention
34.16,23.15,64.0,70.56734,Good
34.35,32.12,62.3,83.2189524,Needs Attention
33.69,32.01,87.7,87.47904229999999,High Risk
33.03,32.37,70.2,84.97760259999998,High Risk
34.15,22.84,77.9,71.2751364,Good
33.44,30.2,99.0,86.20402,High Risk
36.1,31.7,74.9,84.772167,High Risk
33.23,24.88,83.5,75.07935199999999,Needs Attention
33.84,29.04,81.2,81.55547519999999,Needs Attention
33.76,28.53,67.9,78.87775130000001,Needs Attention
37.17,36.37,87.7,94.7961251,High Risk
35.12,36.7,64.8,90.304384,High Risk
32.56,22.34,91.1,71.5163226,Good
35.46,38.98,68.0,94.391136,High Risk
32.78,25.34,69.3,74.30051379999999,Good
34.62,32.92,61.9,84.2872052,High Risk
34.24,32.88,63.9,84.59531679999999,High Risk
33.07,25.02,69.9,73.8845902,Good
34.07,30.97,45.8,78.8787174,Needs Attention
32.43,28.57,72.2,79.5383646,Needs Attention
35.92,31.22,68.9,83.0309742,High Risk
34.53,29.92,84.5,83.481276,Needs Attention
34.17,33.79,80.1,89.0107321,High Risk
35.44,29.3,66.5,79.81315500000001,Needs Attention
34.77,28.33,69.5,78.8012565,Needs Attention
35.34,33.38,72.2,86.87255640000001,High Risk
36.84,31.32,92.8,87.1731104,High Risk
34.31,31.93,65.1,83.4325657,Needs Attention
34.2,26.34,66.4,75.4550624,Needs Attention
34.28,24.82,61.5,72.721357,Good
33.97,26.73,57.2,74.9083644,Good
32.69,26.52,78.7,77.1896276,Needs Attention
34.29,32.14,77.4,85.89279640000001,High Risk
35.0,32.9,90.4,89.46598399999999,High Risk
34.33,28.38,87.5,81.359475,Needs Attention
34.78,34.72,100.0,94.49600000000001,High Risk
34.28,34.47,74.1,88.91124729999999,High Risk
35.32,29.97,71.9,81.6269457,Needs Attention
32.08,25.71,59.4,73.7499226,Good
34.11,35.3,83.4,92.11259799999999,High Risk
32.46,28.76,76.4,80.4233136,Needs Attention
32.95,29.5,82.8,82.53634,Needs Attention
34.55,27.64,61.3,76.69638680000001,Needs Attention
34.14,25.44,79.2,75.5277952,Needs Attention
32.46,23.13,77.5,71.6992925,Good
34.65,31.53,76.7,84.8128749,High Risk
33.06,25.87,66.8,74.8106484,Good
34.83,40.0,89.3,101.2929,High Risk
34.83,24.66,99.6,76.3475464,Needs Attention
33.93,23.97,61.7,71.5341951,Good
34.43,31.04,83.6,85.1775456,High Risk
34.15,35.12,40.5,83.03706399999999,Needs Attention
33.55,29.26,83.0,82.174542,Needs Attention
33.53,31.29,52.6,80.4170546,Needs Attention
32.31,21.63,68.7,68.7074119,Good
33.44,26.29,59.2,74.5373432,Good
32.53,24.71,72.4,73.67303960000001,Good
30.87,21.42,85.1,69.52703580000001,Good
35.71,29.47,52.7,78.00998309999999,Needs Attention
32.12,20.03,70.7,66.4337979,Good
33.05,23.71,68.8,71.8160552,Good
32.89,26.85,94.0,79.59311000000001,Needs Attention
31.63,25.67,80.2,76.00556660000001,Needs Attention
33.94,30.59,60.9,80.8122169,Needs Attention
33.65,30.22,69.3,81.6013354,Needs Attention
35.05,32.58,93.7,89.5128854,High Risk
35.12,32.01,83.6,86.7660564,High Risk
35.3,33.56,64.0,85.59521600000001,High Risk
34.59,28.99,71.8,80.12117179999998,Needs Attention
35.57,30.21,72.2,82.0390038,High Risk
34.46,31.05,68.5,82.7115575,Needs Attention
34.8,29.57,54.5,78.4126935,Needs Attention
33.83,27.41,66.9,77.08931709999999,Needs Attention
31.72,27.67,91.7,80.71925610000001,Needs Attention
32.91,25.73,70.4,75.00688079999999,Needs Attention
33.26,30.69,73.8,83.0282278,Needs Attention
33.83,28.62,76.7,80.2461246,Needs Attention
32.46,26.35,100.0,79.43,Needs Attention
33.72,26.35,75.1,76.49516150000001,Needs Attention
33.61,24.16,88.1,74.3434104,Good
35.57,32.92,67.8,85.3663624,High Risk
35.22,29.31,71.9,80.6225511,Needs Attention
31.5,25.55,75.2,75.26336400000001,Needs Attention
33.27,32.23,65.7,83.97455889999999,Needs Attention
35.89,26.76,72.6,76.8272824,Needs Attention
35.23,23.37,85.7,72.8024091,Good
36.04,33.08,65.4,85.1605768,High Risk
33.3,26.85,75.0,77.25962500000001,Needs Attention
33.32,27.36,83.5,79.13824399999999,Needs Attention
31.99,29.16,65.1,79.4036284,Needs Attention
35.52,33.57,88.1,90.1728183,High Risk
33.62,29.08,75.9,80.8521028,Needs Attention
32.1,24.2,73.0,72.95234,Good
33.61,31.18,50.9,79.9890138,Needs Attention
35.61,27.06,70.5,77.02362699999999,Needs Attention
34.98,36.55,79.5,93.30367749999999,High Risk
33.95,29.0,95.9,83.60919,Needs Attention
32.13,20.06,81.8,67.0961892,Good
34.52,30.43,88.5,84.9540445,High Risk
34.83,36.78,60.5,89.46968100000001,High Risk
36.08,35.3,73.5,90.06854499999999,High Risk
36.92,36.32,89.6,95.1236928,High Risk
31.73,24.92,64.3,73.1536244,Good
34.33,32.65,86.6,88.354851,High Risk
32.97,26.11,83.8,77.12707819999999,Needs Attention
33.68,29.9,78.3,82.49968299999999,Needs Attention
33.14,23.91,71.1,72.32980990000001,Good
33.76,26.42,63.2,75.19306560000001,Needs Attention
33.62,26.3,96.3,78.905731,Needs Attention
34.72,32.59,82.6,87.5362466,High Risk
34.42,32.2,79.1,86.286198,High Risk
31.99,30.11,70.0,81.54533,Needs Attention
33.32,23.6,75.5,72.25932,Good
33.89,27.75,77.0,78.920325,Needs Attention
32.22,26.02,79.8,76.5211204,Needs Attention
34.65,32.48,83.8,87.5714576,High Risk
35.23,33.71,65.6,86.11692239999999,High Risk
35.6,33.23,57.4,83.8913798,High Risk
33.56,25.98,76.0,76.02315200000001,Needs Attention
32.19,20.0,54.0,65.47,Good
35.12,21.93,71.1,69.3323077,Good
34.56,34.69,68.9,88.2085959,High Risk
33.75,27.39,80.9,78.85412489999999,Needs Attention
32.54,26.0,98.8,78.66272000000001,Needs Attention
36.01,35.57,51.7,85.9243931,High Risk
33.26,34.06,100.0,93.308,High Risk
34.45,29.1,72.2,80.346498,Needs Attention
33.48,27.83,79.2,79.3376464,Needs Attention
34.46,28.47,58.0,77.414174,Needs Attention
33.18,29.91,87.0,83.84758299999999,Needs Attention
35.06,35.4,75.5,90.63722999999999,High Risk
34.09,30.69,74.3,83.1086433,Needs Attention
34.67,31.9,51.8,81.090558,Needs Attention
33.69,33.68,75.9,88.0345888,High Risk
33.34,24.32,85.1,74.3192568,Good
32.64,32.02,72.2,84.79885560000001,High Risk
32.86,27.82,89.1,80.6326438,Needs Attention
30.49,20.0,88.6,67.373,Good
32.74,20.49,67.3,66.9248723,Good
33.25,24.93,94.1,76.26153869999999,Needs Attention
34.54,31.12,75.5,83.971344,Needs Attention
37.05,29.46,75.6,81.4008424,High Risk
33.56,29.74,76.2,81.9280612,Needs Attention
35.81,36.8,75.8,92.88405599999999,High Risk
32.74,23.92,43.4,69.74646720000001,Good
33.6,28.89,72.8,80.11210080000001,Needs Attention
35.12,30.22,58.6,79.9302308,Needs Attention
36.85,26.05,94.5,78.2580775,Needs Attention
33.33,29.11,94.0,83.526866,Needs Attention
33.17,22.6,85.2,71.485048,Good
36.62,34.64,72.1,88.7737856,High Risk
33.45,26.27,62.9,74.9425917,Good
35.55,37.13,67.1,91.4450877,High Risk
33.37,28.87,98.3,83.72321790000001,Needs Attention
31.3,33.11,66.7,85.44452629999999,High Risk
35.04,28.79,46.7,76.2522807,Needs Attention
33.05,28.88,87.4,82.1833088,Needs Attention
33.02,26.66,93.0,79.141462,Needs Attention
35.25,29.48,94.9,84.30485479999999,High Risk
33.25,30.27,87.5,84.52758749999998,High Risk
33.29,25.86,89.4,77.3500516,Needs Attention
33.56,28.5,75.6,79.90474,Needs Attention
32.57,26.56,50.1,73.82279439999999,Good
37.29,38.2,75.3,94.951054,High Risk
33.6,28.64,82.5,81.09262,Needs Attention
35.77,35.18,73.4,89.8634988,High Risk
32.34,28.22,72.8,79.08651839999999,Needs Attention
33.18,30.04,63.4,80.4211064,Needs Attention
33.3,23.71,63.0,71.284027,Good
34.14,27.21,97.1,80.61150090000001,Needs Attention
33.06,29.84,97.5,85.33096,High Risk
34.44,35.34,75.0,90.44035000000001,High Risk
33.79,29.89,78.4,82.49912239999999,Needs Attention
34.72,34.53,63.2,86.8364304,High Risk
34.02,31.56,82.7,85.87661879999999,High Risk
34.08,35.51,96.1,95.1046589,High Risk
34.35,28.76,56.6,77.6171784,Needs Attention
36.81,38.56,80.6,96.7763664,High Risk
31.59,27.06,81.5,78.39746099999999,Needs Attention
31.69,25.93,81.3,76.54767910000001,Needs Attention
33.63,24.16,94.7,74.97822479999999,Good
36.98,38.32,99.4,100.8341792,High Risk
32.44,32.28,72.2,85.19529840000001,High Risk
34.17,27.66,83.1,79.57690540000002,Needs Attention
36.17,34.0,76.0,88.5536,High Risk
33.47,31.75,67.4,83.564805,Needs Attention
38.4,36.86,78.2,93.51027479999999,High Risk
32.3,22.81,83.1,71.6583589,Good
33.77,27.94,77.6,79.2992256,Needs Attention
32.68,27.15,64.4,76.392054,Needs Attention
33.02,21.11,69.4,67.97873659999999,Good
35.3,33.24,69.5,86.156682,High Risk
35.04,27.92,64.9,77.57337919999999,Needs Attention
35.59,31.96,78.8,85.8518352,High Risk
35.58,38.44,80.0,96.44087999999999,High Risk
36.21,27.59,86.8,79.9441388,High Risk
34.58,27.32,64.7,76.6763796,Needs Attention
34.28,29.47,68.1,80.30077929999999,Needs Attention
33.59,32.95,93.7,90.1558085,High Risk
31.87,26.73,73.0,76.830071,Needs Attention
31.89,26.48,75.4,76.7328608,Needs Attention
33.71,33.23,72.9,86.7740233,High Risk
35.24,30.51,88.6,85.1048414,High Risk
32.5,20.82,89.1,68.7880138,Good
32.17,24.1,88.4,74.27115599999999,Good
34.78,35.0,75.3,89.97355,High Risk
33.79,30.61,64.5,81.41661549999999,Needs Attention
33.81,25.95,98.1,78.49358050000001,Needs Attention
32.77,28.32,85.3,80.9566904,Needs Attention
34.03,29.05,69.5,79.87985249999998,Needs Attention
34.56,31.94,92.1,88.1236726,High Risk
31.85,23.57,68.6,71.5892298,Good
34.46,25.64,91.9,77.2542284,Needs Attention
33.65,30.09,92.7,85.0312957,High Risk
32.73,28.6,63.9,78.420946,Needs Attention
34.93,31.29,82.0,85.320122,High Risk
32.77,24.08,84.4,73.8558848,Good
34.35,30.43,100.0,86.774,High Risk
33.51,33.37,66.1,85.7143943,High Risk
34.82,30.95,92.2,86.43544100000001,High Risk
35.77,29.56,75.2,81.4968288,High Risk
32.49,28.62,60.1,77.9165138,Needs Attention
33.35,25.66,73.6,75.2567024,Needs Attention
32.94,28.71,75.0,80.147275,Needs Attention
39.03,34.04,62.3,85.95835079999999,High Risk
34.72,28.52,78.7,80.3678876,Needs Attention
33.24,25.44,86.5,76.322444,Needs Attention
32.2,27.03,77.9,77.9004063,Needs Attention
34.67,29.8,68.5,80.85137,Needs Attention
34.07,27.51,73.2,78.0514468,Needs Attention
32.86,30.94,74.9,83.5930194,Needs Attention
32.92,31.09,77.6,84.2706816,High Risk
34.42,32.56,88.3,88.5096752,High Risk
34.96,34.69,78.3,90.09264730000001,High Risk
34.84,32.98,58.2,83.6936164,Needs Attention
32.56,25.26,68.3,74.0737542,Good
34.96,25.39,77.0,75.20969699999999,Needs Attention
34.0,28.7,88.5,82.037005,Needs Attention
33.9,27.2,90.6,79.772968,Needs Attention
32.98,24.45,96.3,75.64349649999998,Needs Attention
33.89,27.23,76.6,78.0520982,Needs Attention
34.38,27.1,84.2,78.800418,Needs Attention
32.75,26.31,57.5,74.3655675,Good
32.85,27.74,80.2,79.32580519999999,Needs Attention
33.12,33.71,62.1,85.44937089999999,High Risk
32.04,29.8,74.2,81.717884,Needs Attention
35.52,38.89,100.0,102.00200000000001,High Risk
33.74,29.68,78.6,82.1961952,Needs Attention
32.49,27.84,64.6,77.4173936,Needs Attention
32.92,29.02,79.9,81.33561019999999,Needs Attention
35.28,30.03,68.8,81.2399336,Needs Attention
34.84,30.74,63.5,81.44360099999999,Needs Attention
34.23,37.31,100.0,99.158,High Risk
32.63,25.62,87.8,76.76621639999999,Needs Attention
34.75,32.44,79.1,86.66853959999999,High Risk
33.3,29.83,70.3,81.17018509999998,Needs Attention
31.72,22.72,71.3,70.5446664,Good
34.01,32.08,93.5,88.609152,High Risk
35.7,34.07,78.7,89.18755909999999,High Risk
34.08,25.57,40.0,71.41742,Good
33.03,28.96,100.0,84.128,High Risk
32.73,22.1,77.2,70.051988,Good
32.69,23.96,79.1,73.1591364,Good
33.63,33.19,88.0,89.51502799999999,High Risk
33.06,27.13,80.6,78.3976122,Needs Attention
31.68,24.56,84.0,74.605696,Good
34.93,29.92,69.9,81.24443919999999,Needs Attention
34.68,26.91,60.2,75.5263218,Needs Attention
32.95,27.12,78.4,78.1054592,Needs Attention
33.71,31.96,92.2,88.1754488,High Risk
33.72,24.35,67.2,72.61346800000001,Good
34.07,25.38,66.3,74.0355706,Good
32.82,29.62,89.7,83.7685486,Needs Attention
34.34,32.88,69.5,85.61738399999999,High Risk
34.64,33.95,70.1,87.3361605,High Risk
32.47,26.34,70.5,75.937903,Needs Attention
34.8,32.75,74.2,86.274395,High Risk
32.44,25.86,56.1,73.5866854,Good
34.67,36.3,68.5,90.524345,High Risk
32.7,24.46,77.8,73.8267812,Good
33.42,34.31,77.7,89.37228130000001,High Risk
31.32,26.37,88.9,78.1555007,Needs Attention
36.14,37.05,97.1,98.0409945,High Risk
33.51,31.37,93.1,87.3098153,High Risk
34.81,24.94,86.0,75.437316,Needs Attention
35.06,26.91,73.2,77.1306388,Needs Attention
33.87,32.12,67.5,84.12889,High Risk
36.65,33.21,75.2,87.1706808,High Risk
34.49,28.72,82.0,81.152096,Needs Attention
33.15,29.18,84.9,82.3211818,Needs Attention
31.98,32.03,82.5,86.60730249999999,High Risk
34.42,29.53,73.5,81.1963045,Needs Attention
32.69,23.83,84.4,73.4444948,Good
33.44,25.75,90.1,77.2419425,Needs Attention
33.68,29.94,85.6,83.68295359999999,Needs Attention
33.64,33.86,74.6,88.0657644,High Risk
34.61,35.46,65.0,88.54611,High Risk
34.96,32.12,64.7,83.6389236,Needs Attention
33.61,30.15,66.8,81.10789799999999,Needs Attention
35.1,32.0,78.1,85.79377999999998,High Risk
31.8,26.33,81.2,77.1818604,Needs Attention
33.66,28.39,58.0,77.303438,Needs Attention
32.04,25.7,69.0,74.80566999999999,Good
33.53,24.01,77.9,73.12515210000001,Good
33.31,30.33,64.2,80.96384139999999,Needs Attention
33.58,29.74,80.2,82.53376519999999,Needs Attention
36.2,31.75,71.3,84.2329725,High Risk
33.86,31.18,66.3,82.54051659999999,Needs Attention
33.5,29.97,75.6,82.19564679999999,Needs Attention
34.67,31.23,79.7,84.8406069,High Risk
32.06,28.83,64.8,78.88092160000001,Needs Attention
35.16,30.65,72.1,82.69386349999999,Needs Attention
34.01,26.1,80.6,76.741434,Needs Attention
34.47,30.48,65.9,81.4505568,Needs Attention
31.2,31.67,55.1,81.3490683,Needs Attention
32.93,26.32,56.6,74.2735488,Good
32.6,29.21,70.0,80.19263,Needs Attention
34.21,26.51,59.2,74.8444808,Good
34.23,26.89,70.8,76.8042388,Needs Attention
33.15,24.5,95.0,75.60225,Needs Attention
33.63,34.06,58.5,85.24894900000001,High Risk
35.9,33.26,71.6,86.5778184,High Risk
33.89,31.15,100.0,88.07,High Risk
36.9,36.89,79.9,93.9355589,High Risk
33.79,28.24,70.6,78.8166656,Needs Attention
36.36,40.0,73.1,97.1943,High Risk
33.1,28.09,80.2,79.8871982,Needs Attention
35.17,30.02,95.3,85.3112694,High Risk
33.93,27.41,68.6,77.3075274,Needs Attention
35.3,30.49,65.9,81.46518090000001,Needs Attention
34.53,32.34,58.5,82.85961100000002,Needs Attention
33.57,28.54,76.2,80.0508052,Needs Attention
35.66,36.11,58.1,88.0109109,High Risk
35.19,29.96,69.4,81.22771759999999,Needs Attention
34.83,30.08,64.1,80.5869672,Needs Attention
33.1,25.36,87.9,76.34042559999999,Needs Attention
32.36,30.67,68.9,82.2103137,Needs Attention
35.63,28.46,79.8,80.4251692,High Risk
31.92,26.57,55.8,74.52009939999999,Good
33.11,25.89,76.6,75.9505226,Needs Attention
35.73,39.69,60.6,93.5947186,High Risk
33.51,27.95,69.9,78.28547950000001,Needs Attention
32.87,23.17,100.0,73.706,Good
35.08,26.21,86.2,77.5705898,Needs Attention
33.38,28.79,73.5,80.0584435,Needs Attention
34.83,31.19,100.0,88.142,High Risk
36.26,31.22,64.0,82.217192,High Risk
35.02,31.71,89.0,87.197781,High Risk
34.33,26.42,56.6,74.41058280000001,Good
34.19,30.36,72.1,82.25196439999999,Needs Attention
33.43,25.5,58.8,73.39066,Good
34.49,26.52,78.1,77.11789879999999,Needs Attention
34.06,25.33,75.7,74.97526189999999,Good
30.26,24.25,71.3,72.86394750000001,Good
33.78,33.26,88.1,89.6513394,High Risk
34.19,31.75,68.2,83.701865,Needs Attention
33.57,32.91,78.9,87.3807301,High Risk
30.4,29.16,84.8,82.2736032,Needs Attention
33.67,32.11,57.2,82.3127508,Needs Attention
32.29,21.95,66.0,68.98362999999999,Good
33.92,32.45,75.6,86.06057799999999,High Risk
32.94,29.71,82.6,82.8483554,Needs Attention
34.24,31.51,92.1,87.3833029,High Risk
34.31,30.52,72.4,82.5435152,Needs Attention
32.49,25.05,71.2,74.06614400000001,Good
33.74,23.01,64.5,70.4076355,Good
33.18,26.15,79.0,76.63641499999999,Needs Attention
33.37,31.26,71.4,83.5068436,Needs Attention
33.24,31.76,71.7,84.3167008,High Risk
32.41,23.53,73.9,72.00638330000001,Good
33.92,25.08,81.6,75.2066272,Needs Attention
32.38,26.11,68.2,75.32544979999999,Needs Attention
33.95,27.57,65.7,77.1689551,Needs Attention
32.7,23.55,80.2,72.605129,Good
34.36,23.31,40.0,68.69185999999999,Good
33.39,25.71,67.8,74.68676620000001,Good
33.14,29.35,61.2,79.10447800000001,Needs Attention
33.42,24.28,89.4,74.6718568,Good
34.3,28.54,69.7,79.1437562,Needs Attention
34.19,33.23,68.3,85.91852909999999,High Risk
31.61,23.79,74.4,72.4534624,Good
34.02,28.17,67.9,78.3441557,Needs Attention
34.58,33.1,70.2,86.076238,High Risk
32.0,27.33,76.2,78.15790539999999,Needs Attention
33.47,26.71,69.9,76.4229871,Needs Attention
34.06,33.65,69.8,86.82792299999998,High Risk
32.09,27.78,62.9,77.1059838,Needs Attention
35.35,33.42,61.2,84.8671096,High Risk
35.2,30.72,75.7,83.3805896,Needs Attention
34.51,27.63,78.7,78.95356190000001,Needs Attention
36.54,30.92,57.9,80.7891532,High Risk
34.2,30.28,84.1,84.0113252,High Risk
35.05,33.08,84.2,88.6290264,High Risk
33.35,26.81,86.7,78.62982729999999,Needs Attention
32.74,29.16,78.6,81.37036239999999,Needs Attention
32.84,28.75,82.6,81.285725,Needs Attention
33.72,31.82,100.0,89.27600000000001,High Risk
34.14,24.9,71.4,73.859614,Good
35.48,33.07,62.5,84.61126250000001,High Risk
33.1,30.87,56.6,80.5085958,Needs Attention
32.69,23.73,96.1,74.35548469999999,Good
34.3,33.83,96.2,92.1647154,High Risk
35.35,37.94,63.9,91.8949234,High Risk
34.02,33.01,66.3,85.2239737,High Risk
36.11,34.71,71.1,88.67982190000001,High Risk
33.75,29.34,89.7,83.2931002,Needs Attention
32.57,22.35,59.6,69.068094,Good
32.43,21.62,51.4,67.46355319999999,Good
32.98,30.02,100.0,86.036,High Risk
33.32,26.63,78.7,77.3644319,Needs Attention
33.92,25.34,80.5,75.508613,Needs Attention
34.98,28.75,72.5,79.8553125,Needs Attention
33.16,31.46,80.6,85.3599924,High Risk
31.17,23.19,56.8,70.00170080000001,Good
33.4,27.2,64.9,76.527572,Needs Attention
35.91,35.04,76.3,90.2396648,High Risk
33.16,24.7,47.7,71.14998100000001,Good
35.01,32.48,71.4,85.35741279999999,High Risk
32.09,27.06,70.6,77.0361164,Needs Attention
33.62,31.18,71.4,83.38549479999999,Needs Attention
32.6,33.39,68.4,86.1750724,High Risk
34.16,31.97,63.0,83.12638899999999,Needs Attention
32.48,32.64,53.1,82.30362160000001,Needs Attention
33.98,24.39,76.7,73.6078587,Good
35.99,33.45,71.4,86.828767,High Risk
33.14,25.59,58.5,73.4828485,Good
32.55,30.04,75.8,82.3356168,Needs Attention
34.24,30.03,71.5,81.6565355,Needs Attention
35.76,30.94,69.5,82.711167,High Risk
34.4,30.35,49.1,78.61503149999999,Needs Attention
34.09,25.62,83.2,76.2572816,Needs Attention
32.18,23.6,60.2,70.872528,Good
33.61,32.49,75.8,86.15864579999999,High Risk
33.78,29.74,65.3,80.2775178,Needs Attention
34.21,33.6,70.3,86.847692,High Risk
35.7,28.82,88.8,82.2820384,High Risk
34.7,23.38,81.4,72.4386068,Good
35.25,32.86,88.6,89.06962039999999,High Risk
32.99,27.52,79.0,78.817592,Needs Attention
32.58,30.37,79.8,83.48120739999999,Needs Attention
34.47,26.41,53.6,74.04150240000001,Good
34.0,35.58,71.2,90.0178304,High Risk
33.31,25.49,72.3,74.8529773,Good
33.83,27.65,89.7,80.4234295,Needs Attention
35.04,29.43,68.9,80.3600973,Needs Attention
32.12,24.63,78.2,74.1357534,Good
33.83,30.32,77.7,83.07115359999999,Needs Attention
35.53,35.45,88.9,93.5016995,High Risk
34.04,27.04,73.4,77.35508639999999,Needs Attention
34.53,30.58,84.9,84.6318958,High Risk
31.88,20.0,54.5,65.4975,Good
33.16,28.84,55.6,77.5842896,Needs Attention
35.35,27.75,47.6,75.04761,Needs Attention
31.87,25.73,84.4,76.57105879999999,Needs Attention
33.18,33.33,83.1,88.8342577,High Risk
33.37,27.7,85.8,79.996534,Needs Attention
33.33,28.29,66.9,78.3849499,Needs Attention
34.39,27.49,68.2,77.3749982,Needs Attention
32.75,21.33,73.5,68.5875745,Good
32.82,24.47,92.3,75.28175189999999,Needs Attention
34.92,32.84,95.3,90.2560548,High Risk
32.45,20.56,84.5,68.06956799999999,Good
34.98,25.93,79.0,76.28615300000001,Needs Attention
33.61,27.4,91.0,80.16565999999999,Needs Attention
34.48,35.97,71.9,90.75780569999999,High Risk
34.49,32.07,70.3,84.5435579,High Risk
30.9,26.77,73.5,76.9523905,Needs Attention
34.71,34.22,63.3,86.4109474,High Risk
34.09,26.04,72.9,75.7610284,Needs Attention
35.05,33.04,61.6,84.40271360000001,High Risk
32.88,23.56,87.3,73.2619012,Good
35.14,33.29,81.5,88.47043649999999,High Risk
36.21,27.38,92.2,80.28511639999999,High Risk
34.16,24.89,55.4,72.18986939999999,Good
33.93,28.13,97.8,82.3359286,Needs Attention
33.64,30.11,56.1,79.38959290000001,Needs Attention
31.22,27.02,60.6,75.7307788,Needs Attention
36.07,31.22,67.6,82.8150728,High Risk
33.7,26.67,90.7,78.88039309999999,Needs Attention
34.33,31.48,77.7,84.9030604,High Risk
33.43,30.77,72.1,82.8767183,Needs Attention
34.52,28.76,65.5,78.878522,Needs Attention
33.12,27.23,58.5,75.76105450000001,Needs Attention
33.79,29.61,88.6,83.58641539999999,Needs Attention
34.09,31.2,84.6,85.605448,High Risk
35.75,37.25,91.2,97.06317999999999,High Risk
33.42,32.76,79.8,87.30525519999999,High Risk
34.99,32.9,43.3,80.860343,Needs Attention
35.25,40.0,60.1,93.9053,High Risk
35.43,31.06,80.6,84.7168164,High Risk
34.88,30.94,70.6,82.8908036,Needs Attention
33.37,31.82,68.3,83.82302940000001,Needs Attention
33.69,24.96,61.8,72.95122719999999,Good
33.44,27.22,86.4,79.27589920000001,Needs Attention
31.81,26.98,80.5,78.14401099999999,Needs Attention
35.45,31.59,81.0,85.63692099999999,High Risk
33.84,28.3,67.4,78.46825799999999,Needs Attention
34.17,29.55,77.1,81.7654195,Needs Attention
35.48,33.35,58.9,84.3375185,High Risk
35.74,32.45,73.4,85.66841699999999,High Risk
33.75,28.35,44.7,75.4171255,Needs Attention
33.72,26.32,56.2,74.2265216,Good
34.94,33.54,71.1,86.90857059999999,High Risk
34.01,32.1,100.0,89.78,High Risk
30.99,22.57,53.4,68.87735620000001,Good
33.64,27.75,60.1,76.69417250000001,Needs Attention
35.07,29.66,77.6,82.0137984,Needs Attention
34.85,32.12,96.2,89.1510456,High Risk
33.47,32.64,77.4,86.6809264,High Risk
34.91,30.14,83.4,83.67259240000001,Needs Attention
33.89,31.34,70.9,83.54455940000001,Needs Attention
31.87,29.26,68.9,80.1064386,Needs Attention
34.08,26.3,76.0,76.52312,Needs Attention
32.64,27.95,67.1,77.9111055,Needs Attention
35.32,29.08,83.7,81.98226039999999,Needs Attention
34.71,28.86,55.7,77.6257698,Needs Attention
31.99,21.46,85.7,69.6348078,Good
33.8,27.41,75.5,78.1932045,Needs Attention
35.93,29.22,72.4,80.5587272,High Risk
34.37,27.87,55.3,76.2247889,Needs Attention
33.72,28.01,63.2,77.47579680000001,Needs Attention
36.69,30.95,89.4,85.977907,High Risk
32.94,24.68,72.5,73.63737,Good
32.92,22.49,78.3,70.7535733,Good
32.58,27.61,64.4,77.0579316,Needs Attention
32.8,32.06,74.7,85.2958318,High Risk
34.79,35.75,58.5,87.5966125,High Risk
34.36,32.13,76.2,85.6669294,High Risk
32.82,23.13,79.4,71.8626678,Good
32.24,28.07,78.8,79.6662684,Needs Attention
34.5,30.03,64.2,80.5301674,Needs Attention
33.09,29.71,70.9,81.08014610000001,Needs Attention
34.68,31.16,81.4,85.00999759999999,High Risk
33.81,25.33,72.5,74.63040749999999,Good
33.4,29.26,71.6,80.5024584,Needs Attention
33.17,30.68,97.8,86.8703896,High Risk
37.53,32.3,63.6,83.70557199999999,High Risk
33.84,25.78,88.0,77.05733599999999,Needs Attention
34.97,27.62,61.1,76.6419618,Needs Attention
33.22,20.0,82.9,67.0595,Good
33.28,26.51,83.5,77.7470915,Needs Attention
32.72,26.9,68.9,76.585059,Needs Attention
31.98,24.92,60.4,72.7491632,Good
33.74,29.66,51.4,78.0671876,Needs Attention
34.35,28.78,67.6,79.2057272,Needs Attention
33.15,20.0,81.3,66.97149999999999,Good
33.89,29.86,62.1,79.96392939999998,Needs Attention
34.05,25.29,76.2,74.96657019999999,Good
33.9,30.94,57.3,80.7188338,Needs Attention
31.97,23.87,72.2,72.37189860000001,Good
32.55,29.12,61.2,78.77882559999999,Needs Attention
33.02,27.87,74.1,78.72355329999999,Needs Attention
32.8,30.21,69.0,81.539551,Needs Attention
35.61,29.5,60.7,79.242335,High Risk
33.89,27.98,67.1,77.9553342,Needs Attention
32.38,22.85,63.8,70.117617,Good
34.07,23.09,59.2,70.0698872,Good
32.06,26.66,88.0,78.53679199999999,Needs Attention
33.57,28.97,70.7,79.9325721,Needs Attention
35.01,26.57,48.6,73.6557898,Good
34.07,31.5,67.5,83.212375,Needs Attention
35.68,27.88,86.0,80.321832,High Risk
33.64,25.14,65.9,73.64128740000001,Good
36.61,27.89,93.0,81.270223,High Risk
35.08,29.9,64.7,80.418747,Needs Attention
33.96,30.3,81.0,83.55756999999998,Needs Attention
34.76,36.51,87.4,94.9655426,High Risk
33.06,26.32,80.4,77.07166720000001,Needs Attention
32.75,28.71,58.5,77.81699649999999,Needs Attention
33.98,30.7,63.7,81.418241,Needs Attention
33.68,28.91,89.0,82.46270100000001,Needs Attention
34.82,27.0,65.3,76.28679,Needs Attention
32.99,22.8,86.7,71.93982399999999,Good
35.42,26.96,69.8,76.78609920000001,Needs Attention
30.9,24.71,76.7,74.11004430000001,Good
31.22,22.09,58.4,68.6132544,Good
32.74,25.82,67.7,74.8384386,Good
34.21,24.81,64.5,73.0150255,Good
34.07,31.34,77.7,84.6819682,High Risk
32.86,31.4,76.1,84.508146,High Risk
32.76,25.38,80.6,75.5837172,Needs Attention
32.41,27.96,69.1,78.1934564,Needs Attention
30.96,21.57,63.8,68.2723434,Good
35.1,27.02,77.2,77.79744559999999,Needs Attention
35.15,30.6,62.6,81.09824400000001,Needs Attention
34.52,32.3,87.9,88.00108299999998,High Risk
33.05,26.15,73.6,76.01063599999999,Needs Attention
34.32,33.21,71.1,86.4089869,High Risk
31.73,22.94,80.5,71.651933,Good
32.42,24.01,74.1,72.7652959,Good
34.57,31.84,55.1,81.5795016,Needs Attention
36.31,35.68,62.3,88.2982536,High Risk
36.22,30.97,87.7,85.73368310000001,High Risk
32.57,28.84,76.0,80.49161600000001,Needs Attention
32.83,20.22,54.8,65.8115544,Good
32.51,20.91,79.2,68.30661280000001,Good
33.24,29.52,68.3,80.40483839999999,Needs Attention
33.58,27.57,64.5,77.0130235,Needs Attention
33.33,24.58,61.3,72.3607646,Good
33.79,29.26,87.0,82.761238,Needs Attention
34.22,29.46,51.4,77.80341560000001,Needs Attention
33.68,32.78,64.9,84.6325778,High Risk
35.6,29.55,76.4,81.660738,High Risk
32.95,33.91,93.9,91.8624751,High Risk
34.23,29.03,81.6,81.5970952,Needs Attention
33.94,28.54,64.8,78.4599808,Needs Attention
35.13,33.26,93.4,90.6385916,High Risk
32.28,25.09,58.7,72.80935170000001,Good
36.95,40.0,78.2,98.4846,High Risk
33.9,30.5,80.9,83.86405500000001,Needs Attention
32.94,30.52,64.4,81.2703312,Needs Attention
34.63,31.1,83.4,85.24282600000001,High Risk
35.31,36.51,68.8,90.9023912,High Risk
32.9,32.17,83.3,86.9754339,High Risk
34.04,22.58,52.9,68.85047180000001,Good
36.91,34.61,79.0,90.105581,High Risk
35.07,27.64,70.1,77.84598360000001,Needs Attention
35.34,29.43,88.8,83.3124016,Needs Attention
32.36,23.88,74.5,72.601994,Good
33.34,31.1,90.0,86.3311,High Risk
30.77,26.39,81.1,77.26686710000001,Needs Attention
33.41,29.4,73.5,80.99641,Needs Attention
35.06,27.86,84.5,80.089383,Needs Attention
34.49,36.7,84.5,94.644885,High Risk
35.1,36.93,80.7,94.1776849,High Risk
33.24,29.19,47.5,76.87799749999999,Needs Attention
34.09,29.26,63.2,79.2703968,Needs Attention
34.56,27.51,91.6,80.4314684,Needs Attention
33.2,33.42,59.9,84.6228942,High Risk
32.22,27.68,85.6,79.93713919999999,Needs Attention
34.7,27.31,83.5,79.0564115,Needs Attention
35.14,32.91,66.3,85.0773367,High Risk
33.04,26.85,51.1,74.3243465,Good
35.21,28.85,68.2,79.39484300000001,Needs Attention
31.21,22.67,99.9,72.79785670000001,Good
35.1,31.82,64.6,83.1865628,Needs Attention
36.76,36.76,65.5,90.546122,High Risk
36.32,31.88,63.0,82.997356,High Risk
32.72,34.85,89.6,92.62904400000001,High Risk
32.79,25.62,72.1,75.0291998,Needs Attention
34.55,29.95,67.5,80.9210875,Needs Attention
34.37,25.23,92.0,76.55978400000001,Needs Attention
34.65,28.09,82.0,80.13036199999999,Needs Attention
35.42,32.09,64.0,83.473124,Needs Attention
32.92,29.41,60.3,79.0560877,Needs Attention
33.31,23.35,88.9,73.0513685,Good
31.75,23.74,75.2,72.4497552,Good
32.64,23.48,56.4,70.3638928,Good
34.68,30.97,53.6,80.15482080000001,Needs Attention
34.6,37.26,61.6,90.3944384,High Risk
35.5,34.45,60.1,86.1076055,High Risk
31.73,21.42,50.4,67.1307232,Good
34.31,34.68,61.8,86.7713176,High Risk
35.09,32.75,64.0,84.4259,High Risk
31.71,22.82,69.4,70.5387092,Good
32.66,27.79,95.3,81.40103129999999,Needs Attention
35.51,33.38,71.8,86.7975716,High Risk
34.24,31.2,73.0,83.68123999999999,Needs Attention
31.34,23.76,81.1,73.0249664,Good
34.96,31.44,72.2,83.9144832,Needs Attention
31.62,20.45,79.8,67.609009,Good
32.26,28.11,78.4,79.6757576,Needs Attention
32.35,33.55,76.5,87.94509249999999,High Risk
34.53,29.07,100.0,84.326,High Risk
32.53,27.0,85.9,78.84737,Needs Attention
33.29,32.56,62.0,83.792928,Needs Attention
36.93,32.9,79.4,87.456174,High Risk
35.47,34.24,65.5,86.870828,High Risk
33.69,32.5,80.4,86.9965,High Risk
35.39,33.33,58.5,84.2348695,High Risk
37.5,31.93,61.7,82.8440019,High Risk
35.12,30.06,79.1,82.8769854,Needs Attention
34.84,29.36,87.0,82.92836799999999,Needs Attention
33.79,28.05,81.0,79.930795,Needs Attention
32.33,24.15,85.2,74.04794199999999,Good
32.89,25.18,79.5,75.145219,Needs Attention
33.87,27.87,77.1,79.1222923,Needs Attention
32.76,29.97,69.0,81.181207,Needs Attention
34.16,34.76,84.8,91.5109152,High Risk
32.38,28.83,87.3,82.0853041,Needs Attention
34.71,33.01,74.2,86.6759858,High Risk
36.63,33.32,73.6,87.04268479999999,High Risk
32.93,28.07,94.1,81.73013130000001,Needs Attention
34.91,31.38,74.8,84.2589176,High Risk
32.57,28.03,75.9,79.2126223,Needs Attention
34.14,34.29,80.8,89.9497568,High Risk
34.91,31.54,73.8,84.33775479999998,High Risk
33.58,24.24,65.2,72.25723520000001,Good
33.11,29.65,79.5,82.28403250000001,Needs Attention
35.23,35.59,74.5,90.72380450000001,High Risk
32.85,28.28,97.1,82.50678119999999,Needs Attention
33.88,30.79,84.5,84.9137745,High Risk
34.27,31.18,67.9,82.80560779999999,Needs Attention
33.38,24.85,83.7,75.0508555,Needs Attention
34.39,31.04,78.7,84.3724952,High Risk
32.83,23.42,90.7,73.3296206,Good
32.23,26.5,68.7,75.96434500000001,Needs Attention
34.91,33.3,77.3,87.702591,High Risk
34.48,30.43,73.8,82.6276666,Needs Attention
34.08,27.78,75.7,78.7958654,Needs Attention
33.41,30.79,64.4,81.6611724,Needs Attention
34.48,28.76,81.9,81.2027956,Needs Attention
32.52,29.05,80.0,81.39809999999999,Needs Attention
33.84,31.63,90.4,87.3006848,High Risk
32.87,26.09,74.9,76.0681959,Needs Attention
32.6,29.16,70.1,80.1320484,Needs Attention
33.19,27.75,84.5,79.9082625,Needs Attention
32.63,22.66,65.5,69.98197700000001,Good
31.32,25.32,88.0,76.28398399999999,Needs Attention
34.6,35.27,88.0,93.01192400000001,High Risk
32.43,30.54,90.1,85.39447460000001,High Risk
34.48,23.71,79.5,72.7975555,Good
32.66,22.84,69.2,70.5520272,Good
33.72,28.55,76.3,80.08041349999999,Needs Attention
35.16,35.24,79.6,91.2321296,High Risk
34.09,28.25,68.3,78.51740249999999,Needs Attention
35.63,34.23,91.0,91.851107,High Risk
32.57,30.41,82.0,83.892938,Needs Attention
35.26,30.89,64.3,81.7896473,Needs Attention
33.75,23.66,97.6,74.3690384,Good
34.39,32.75,76.2,86.636845,High Risk
33.33,27.66,61.9,76.80322460000001,Needs Attention
31.6,32.45,65.0,84.17107499999999,High Risk
31.93,25.74,92.9,77.5380354,Needs Attention
35.73,29.71,96.9,85.00950010000001,High Risk
35.06,30.41,87.1,84.69903889999999,High Risk
34.23,28.38,90.8,81.8147496,Needs Attention
33.96,30.62,89.6,85.4505648,High Risk
35.22,27.93,81.7,79.8308219,Needs Attention
34.09,26.4,78.9,77.022604,Needs Attention
34.63,35.42,81.5,91.914327,High Risk
38.04,33.2,83.8,88.75198400000001,High Risk
32.1,25.96,66.1,74.8632644,Good
32.83,31.27,83.8,85.5875174,High Risk
32.73,26.03,92.5,77.9937725,Needs Attention
33.73,24.26,72.5,72.995715,Good
34.2,33.14,71.2,86.3215232,High Risk
33.06,22.18,80.7,70.4459674,Good
34.41,32.71,67.2,84.9468088,High Risk
33.49,27.99,59.2,76.9106792,Needs Attention
33.58,28.15,88.8,81.150328,Needs Attention
31.95,30.64,69.6,82.2777856,Needs Attention
32.8,31.32,75.2,84.2327136,High Risk
34.55,25.69,67.7,74.64600870000001,Good
33.52,31.87,90.3,87.6926239,High Risk
33.58,29.45,85.2,82.81138599999998,Needs Attention
33.96,23.98,72.1,72.5301842,Good
33.5,28.32,60.8,77.5911744,Needs Attention
33.62,34.53,70.8,88.3476676,High Risk
34.33,35.71,81.8,92.4463722,High Risk
35.81,31.87,77.3,85.4499549,High Risk
34.13,24.24,76.3,73.3336688,Good
34.63,30.96,77.5,84.04916,High Risk
32.97,32.4,84.1,87.49361599999999,High Risk
34.56,31.9,74.5,85.013345,High Risk
34.67,32.14,80.4,86.4183544,High Risk
34.01,30.45,63.2,80.97885600000001,Needs Attention
33.13,28.71,100.0,83.678,Needs Attention
32.89,26.57,71.6,76.41677879999999,Needs Attention
31.61,21.41,77.4,68.97952660000001,Good
32.94,30.36,81.8,83.7803352,Needs Attention
35.08,29.74,70.1,81.0043626,Needs Attention
36.7,31.23,75.1,84.0761927,High Risk
33.61,23.65,74.9,72.2825115,Good
34.53,31.58,64.0,82.736888,Needs Attention
35.69,37.22,80.3,94.5540834,High Risk
35.87,29.31,55.2,78.1648288,Needs Attention
34.44,28.75,96.0,83.1835,Needs Attention
34.7,30.24,84.5,84.00817199999999,High Risk
35.36,37.13,82.7,94.9486449,High Risk
32.49,24.91,54.2,72.0927078,Good
35.11,29.81,65.5,80.4098945,Needs Attention
34.83,25.8,91.7,77.506914,Needs Attention
32.52,26.81,100.0,80.258,Needs Attention
34.07,28.8,89.3,82.319316,Needs Attention
35.53,34.39,87.4,91.4139914,High Risk
33.25,36.2,81.3,93.132394,High Risk
33.23,30.79,64.8,81.72590079999999,Needs Attention
33.73,27.49,86.9,79.7901219,Needs Attention
33.96,38.97,61.8,92.8709254,High Risk
31.77,27.29,60.5,76.09874549999999,Needs Attention
33.0,26.72,59.7,75.1984216,Needs Attention
32.72,21.9,86.7,70.438327,Good
35.3,34.58,74.3,89.1209106,High Risk
35.9,32.87,76.2,86.8245706,High Risk
35.71,38.67,74.8,95.5622084,High Risk
32.25,23.44,61.5,70.763344,Good
33.69,34.83,67.0,88.03403899999999,High Risk
34.44,29.28,67.6,79.9453472,Needs Attention
34.98,32.22,58.1,82.6225218,Needs Attention
33.06,22.41,68.9,69.8854851,Good
35.11,34.87,62.0,87.08190599999999,High Risk
34.82,32.15,81.9,86.69734150000001,High Risk
36.66,28.84,82.9,81.4749764,High Risk
36.04,31.58,59.5,81.97349899999999,High Risk
34.32,25.94,71.4,75.43714840000001,Needs Attention
32.58,26.68,97.3,79.6969436,Needs Attention
33.26,27.15,63.2,76.241112,Needs Attention
31.79,21.59,80.1,69.4542541,Good
35.1,32.45,76.3,86.1853565,High Risk
33.74,33.77,88.1,90.50925629999999,High Risk
32.85,26.19,78.5,76.64195849999999,Needs Attention
32.3,30.39,69.8,81.93459779999999,Needs Attention
34.02,27.94,75.8,79.0587348,Needs Attention
35.08,30.31,76.0,82.788344,Needs Attention
34.02,26.49,73.9,76.56954889999999,Needs Attention
33.72,25.47,59.2,73.3925576,Good
35.3,33.21,89.9,89.9016321,High Risk
34.28,28.74,87.8,82.00538279999999,Needs Attention
35.87,37.09,62.5,90.3548375,High Risk
34.35,29.19,71.4,80.3669434,Needs Attention
32.37,25.3,72.3,74.563081,Good
34.5,33.91,61.1,85.5416199,High Risk
34.27,31.52,52.6,80.7231248,Needs Attention
33.98,31.91,67.0,83.732003,Needs Attention
33.24,33.76,70.7,87.1651368,High Risk
32.07,26.39,57.7,74.4995597,Good
33.81,28.49,77.1,80.09773209999999,Needs Attention
34.38,28.31,89.0,81.448041,Needs Attention
32.68,23.84,85.1,73.5260616,Good
35.98,27.95,73.5,78.7668175,Needs Attention
33.94,34.35,52.9,84.54823850000001,High Risk
35.54,29.95,83.6,83.392518,High Risk
33.79,23.62,76.8,72.4085584,Good
33.41,22.78,80.1,71.3618122,Good
35.62,35.66,98.2,95.8099388,High Risk
34.59,28.64,65.1,78.64729359999998,Needs Attention
33.23,26.41,40.5,72.48968950000001,Good
34.98,27.9,62.4,77.211304,Needs Attention
33.67,23.09,80.8,71.91865279999999,Good
36.0,34.69,75.3,89.49135430000001,High Risk
33.67,27.43,60.4,76.2831428,Needs Attention
33.4,34.47,58.0,85.71937399999999,High Risk
35.11,29.21,70.7,80.2949553,Needs Attention
35.05,34.72,60.0,86.46688,High Risk
35.12,30.03,81.2,83.1532164,Needs Attention
34.28,32.41,70.1,85.02001589999999,High Risk
32.6,31.88,67.5,83.77411,Needs Attention
36.57,31.49,65.9,82.92759089999998,High Risk
34.1,30.39,78.2,83.2606302,Needs Attention
32.61,28.07,75.5,79.22112150000001,Needs Attention
36.26,36.66,77.4,93.0174916,High Risk
34.81,25.37,77.2,75.19988359999999,Needs Attention
33.52,29.02,74.1,80.49868179999999,Needs Attention
33.62,29.06,62.6,78.8964444,Needs Attention
34.24,30.61,66.2,81.6886818,Needs Attention
32.36,27.28,70.3,77.3299616,Needs Attention
33.33,30.26,99.8,86.4366852,High Risk
35.17,28.32,58.8,77.3164384,Needs Attention
32.32,22.67,70.0,70.36301,Good
32.95,29.04,76.2,80.83299519999998,Needs Attention
32.41,24.6,71.4,73.404556,Good
33.28,22.06,87.9,70.7957326,Good
32.03,29.55,71.3,80.89805849999999,Needs Attention
34.32,30.95,72.2,83.16734100000001,Needs Attention
36.34,31.11,84.8,85.49016719999999,High Risk
35.98,31.27,96.7,87.7363091,High Risk
32.67,21.27,91.9,69.7386587,Good
33.8,23.56,73.4,72.0075096,Good
36.45,36.89,74.4,92.7133984,High Risk
32.75,24.81,75.6,74.1540964,Good
35.02,31.44,76.8,84.68846080000002,High Risk
34.76,26.25,64.8,75.136,Needs Attention
32.63,29.32,86.2,82.74370160000001,Needs Attention
33.71,26.47,77.5,76.9673075,Needs Attention
34.47,31.25,74.5,84.0074375,High Risk
33.9,29.55,59.7,79.1633365,Needs Attention
33.35,27.21,75.7,77.9069903,Needs Attention
34.87,24.8,52.3,71.749796,Good
34.2,30.07,68.0,81.175824,Needs Attention
33.74,24.15,68.2,72.414497,Good
34.47,30.71,78.4,83.79977360000001,Needs Attention
35.64,39.51,97.6,102.52244239999999,High Risk
34.02,34.4,81.9,90.344164,High Risk
33.85,31.87,92.4,88.0549012,High Risk
33.87,28.66,82.7,81.1533018,Needs Attention
31.51,21.24,88.5,69.458326,Good
33.49,23.71,97.3,74.4303317,Good
35.11,34.13,66.2,86.84681939999999,High Risk
34.1,25.84,65.4,74.6085664,Good
32.57,26.2,83.0,77.18154,Needs Attention
32.82,28.34,75.0,79.57285,Needs Attention
33.87,24.75,77.6,74.26464000000001,Good
34.3,24.09,72.0,72.68825199999999,Good
33.48,28.8,67.8,79.263736,Needs Attention
35.39,25.43,94.4,77.1649608,Needs Attention
35.07,26.04,61.8,74.4867928,Good
31.94,25.88,83.2,76.6820384,Needs Attention
35.36,31.09,81.3,84.8804083,High Risk
33.14,28.07,56.1,76.60419730000001,Needs Attention
35.09,28.29,65.0,78.124515,Needs Attention
32.98,31.39,67.0,82.96588700000001,Needs Attention
33.87,28.43,81.8,80.65408260000001,Needs Attention
33.31,27.89,70.6,78.2885366,Needs Attention
32.3,30.88,74.0,83.353488,Needs Attention
34.83,31.67,57.5,81.7583475,Needs Attention
31.85,28.41,100.0,83.138,Needs Attention
33.5,29.32,75.9,81.22684120000001,Needs Attention
34.07,25.87,81.0,76.416853,Needs Attention
32.53,25.56,68.5,74.541614,Good
35.23,32.08,67.2,84.0173824,High Risk
34.78,30.78,98.0,87.08055599999999,High Risk
33.84,30.82,52.0,79.69433599999999,Needs Attention
33.56,30.12,78.3,82.84842040000001,Needs Attention
34.88,29.18,60.5,78.761661,Needs Attention
33.21,31.79,70.1,84.08754210000001,High Risk
34.03,32.74,67.3,85.0091798,High Risk
35.21,32.64,63.2,84.1229952,High Risk
32.51,28.6,75.4,80.032556,Needs Attention
37.46,34.55,44.2,83.083289,High Risk
35.0,29.91,71.2,81.4284608,Needs Attention
34.99,31.53,73.9,84.3392633,High Risk
34.71,30.13,58.7,79.8206469,Needs Attention
33.76,29.99,93.2,84.93547319999999,High Risk
32.68,26.06,67.9,75.2166926,Needs Attention
34.22,31.81,72.2,84.4786518,High Risk
36.54,40.0,67.9,95.8787,High Risk
32.51,27.5,74.0,78.1395,Needs Attention
32.67,29.28,90.7,83.3380904,Needs Attention
34.68,27.22,100.0,80.99600000000001,Needs Attention
34.26,27.05,83.9,78.6808005,Needs Attention
35.25,35.18,88.1,92.8811442,High Risk
34.63,26.31,95.6,78.8411364,Needs Attention
33.18,27.1,78.0,78.02362,Needs Attention
33.72,22.65,93.8,72.26634299999999,Good
33.02,25.97,84.5,76.97740350000001,Needs Attention
32.01,22.17,76.7,70.1239461,Good
35.1,31.53,79.2,85.2357424,High Risk
35.45,40.0,53.1,92.1343,High Risk
32.8,27.53,78.5,78.7687395,Needs Attention
31.92,22.33,56.5,68.79808549999998,Good
35.92,32.6,55.5,82.68157000000001,High Risk
33.76,26.09,77.3,76.3448943,Needs Attention
34.43,34.2,61.6,86.049728,High Risk
36.13,27.87,74.9,78.8298837,Needs Attention
31.77,26.47,76.7,76.8720651,Needs Attention
34.8,28.29,77.2,79.7967812,Needs Attention
35.47,32.03,64.2,83.4213274,Needs Attention
35.53,28.09,85.8,80.6437078,High Risk
34.21,27.01,73.9,77.37118609999999,Needs Attention
33.93,28.2,80.3,80.07725399999998,Needs Attention
34.93,23.91,60.6,71.34586540000001,Good
33.45,30.59,72.9,82.7303089,Needs Attention
31.91,21.85,88.2,70.46488300000001,Good
33.29,27.22,86.6,79.3011948,Needs Attention
35.54,32.04,65.4,83.64481839999999,High Risk
33.17,30.21,68.5,81.4615115,Needs Attention
33.31,31.36,63.1,82.26857840000001,Needs Attention
33.86,28.74,67.1,79.0757946,Needs Attention
35.28,33.68,58.2,84.6639424,High Risk
33.81,32.7,73.3,86.03450900000001,High Risk
34.66,30.78,82.6,84.5900372,High Risk
35.67,32.71,65.6,84.65748239999999,High Risk
35.38,32.0,73.9,85.06381999999999,High Risk
33.67,27.24,72.4,77.53574239999999,Needs Attention
32.54,23.62,87.7,73.3986926,Good
35.6,30.68,67.7,82.0323564,High Risk
35.38,31.18,68.1,82.8387442,Needs Attention
35.42,33.36,64.8,85.4563072,High Risk
34.71,25.25,61.3,73.3100675,Good
33.73,25.37,81.4,75.6541682,Needs Attention
33.17,30.84,73.4,83.1943944,Needs Attention
32.53,28.72,75.7,80.2617296,Needs Attention
31.92,21.46,90.3,69.9542962,Good
34.64,30.5,91.0,85.46945000000001,High Risk
32.62,21.59,55.2,67.6928032,Good
34.93,25.22,82.8,75.5611384,Needs Attention
35.17,34.41,77.7,89.5302043,High Risk
34.87,36.3,69.5,90.740715,High Risk
31.71,24.14,78.9,73.4266954,Good
34.5,27.68,54.3,75.83583759999999,Needs Attention
33.73,29.17,92.6,83.4272058,Needs Attention
33.77,36.12,81.2,92.9817456,High Risk
33.33,27.03,64.6,76.2432662,Needs Attention
32.42,27.09,68.0,76.755888,Needs Attention
35.78,35.19,54.6,86.01770259999999,High Risk
34.77,27.5,71.2,77.77759999999999,Needs Attention
33.46,31.89,69.2,84.0825012,High Risk
32.08,23.09,59.1,70.0613281,Good
32.89,28.32,84.3,80.81932239999999,Needs Attention
31.73,22.36,90.3,71.48786919999999,Good
31.95,24.78,74.7,74.0152534,Good
33.94,32.36,71.3,85.15765319999998,High Risk
32.85,28.8,80.2,81.026024,Needs Attention
33.97,27.72,74.8,78.5840144,Needs Attention
33.28,26.01,62.0,74.467038,Good
34.6,28.12,67.2,78.1752736,Needs Attention
35.64,30.2,71.4,81.898972,High Risk
35.1,32.93,78.0,87.247846,High Risk
32.3,20.0,75.1,66.6305,Good
33.7,25.67,77.5,75.7055075,Needs Attention
34.25,29.64,56.7,78.8381212,Needs Attention
33.67,28.6,83.0,81.09762,Needs Attention
34.0,30.61,75.0,83.097025,Needs Attention
32.99,30.07,100.0,86.126,High Risk
34.21,27.78,70.3,78.0829466,Needs Attention
33.25,26.89,78.9,77.8022479,Needs Attention
34.81,28.02,100.0,82.436,Needs Attention
35.44,33.59,77.3,88.15941930000001,High Risk
32.55,26.07,74.2,75.9566006,Needs Attention
34.77,28.75,63.2,78.5382,Needs Attention
31.54,29.73,93.3,84.5001091,High Risk
36.69,35.24,61.1,87.4234236,High Risk
32.26,27.8,80.1,79.40882199999999,Needs Attention
34.91,32.84,69.3,85.5210388,High Risk
35.07,33.93,72.7,87.8076389,High Risk
34.66,28.74,57.9,77.7737554,Needs Attention
33.24,28.16,91.1,81.4795224,Needs Attention
31.51,27.68,71.7,78.1157944,Needs Attention
33.2,27.98,60.4,77.0575208,Needs Attention
34.19,32.42,90.0,88.57642,High Risk
32.04,29.92,69.0,81.106552,Needs Attention
33.93,29.94,79.0,82.670474,Needs Attention
31.83,24.5,85.1,74.616705,Good
33.51,25.13,80.7,75.19231090000001,Needs Attention
35.19,37.57,48.6,87.8583298,High Risk
35.32,28.29,83.3,80.6329143,Needs Attention
32.85,25.9,73.8,75.648658,Needs Attention
35.23,34.72,71.1,88.6949608,High Risk
33.73,30.13,73.7,82.1499519,Needs Attention
32.7,31.31,55.7,80.9612733,Needs Attention
33.41,28.45,77.3,80.0625315,Needs Attention
34.12,27.73,58.6,76.46878219999999,Needs Attention
34.11,28.32,71.6,79.0747488,Needs Attention
32.33,23.47,76.9,72.18194570000001,Good
32.32,28.65,87.9,81.86831649999999,Needs Attention
34.52,30.18,65.2,80.9027864,Needs Attention
35.56,36.4,92.4,95.86806399999999,High Risk
34.53,29.34,86.4,82.8064624,Needs Attention
31.65,20.0,69.8,66.339,Good
32.11,28.62,61.7,78.1410546,Needs Attention
36.37,39.96,57.7,93.2428508,High Risk
34.38,32.47,78.3,86.5735699,High Risk
34.3,25.76,66.2,74.58158879999999,Good
35.81,31.36,89.4,86.67288160000001,High Risk
33.07,26.03,66.8,75.0460596,Needs Attention
32.99,23.58,64.2,71.20617639999999,Good
32.88,27.61,77.8,78.8044742,Needs Attention
33.19,29.37,66.8,79.96026839999999,Needs Attention
32.11,21.51,75.1,68.9762699,Good
31.95,24.4,86.8,74.619008,Good
33.5,29.04,76.4,80.8618944,Needs Attention
35.12,27.37,76.5,78.2588695,Needs Attention
34.95,30.58,77.5,83.449805,Needs Attention
33.01,24.14,54.7,71.1038342,Good
35.67,31.86,79.7,85.84799579999999,High Risk
32.01,24.26,76.9,73.4232806,Good
37.26,35.57,85.7,93.0352551,High Risk
31.91,22.14,82.3,70.50350780000001,Good
34.63,24.63,72.6,73.5710662,Good
35.83,30.67,87.4,85.1820242,High Risk
33.45,35.66,71.5,90.202031,High Risk
35.27,30.26,78.0,83.023372,Needs Attention
33.89,31.25,71.3,83.4750375,Needs Attention
33.2,29.07,80.5,81.50253649999999,Needs Attention
33.35,24.89,70.5,73.7513755,Good
32.4,27.04,94.8,80.02358079999999,Needs Attention
33.18,24.15,99.2,75.393132,Needs Attention
31.83,23.89,85.5,73.64609050000001,Good
34.18,30.61,93.5,86.0577465,High Risk
34.0,24.51,56.5,71.78326849999999,Good
34.3,30.28,57.9,79.90389880000001,Needs Attention
32.33,23.79,71.1,72.1481431,Good
34.42,30.19,75.5,82.52291550000001,Needs Attention
32.04,27.05,72.6,77.27061699999999,Needs Attention
35.2,34.63,55.3,85.4012861,High Risk
33.57,30.29,88.8,84.76504479999998,High Risk
35.4,33.94,100.0,93.092,High Risk
33.46,25.98,90.4,77.66766080000001,Needs Attention
34.23,29.22,88.0,82.840664,Needs Attention
32.89,25.08,77.7,74.7959884,Good
32.66,27.35,64.9,76.74544850000001,Needs Attention
34.83,27.95,75.9,79.0877095,Needs Attention
32.49,26.1,100.0,78.98,Needs Attention
33.1,24.14,70.8,72.6492088,Good
32.47,23.35,69.5,71.3409675,Good
32.41,20.0,88.3,67.3565,Good
32.31,24.77,89.1,75.47176929999999,Needs Attention
35.15,31.51,64.8,82.7709952,Needs Attention
33.66,22.61,71.9,70.4264241,Good
33.5,23.53,69.0,71.56564300000001,Good
36.38,36.16,75.8,91.8853872,High Risk
32.8,26.45,88.2,78.207511,Needs Attention
36.5,30.28,65.4,81.0796888,High Risk
33.32,31.57,88.1,86.80843829999999,High Risk
35.02,31.65,76.2,84.916027,High Risk
32.78,22.91,100.0,73.238,Good
33.46,28.08,78.8,79.6821696,Needs Attention
32.57,22.53,73.8,70.4567686,Good
35.2,38.79,81.9,97.4595199,High Risk
32.81,22.62,71.0,70.36879800000001,Good
33.15,24.81,53.5,71.8862165,Good
35.28,24.84,72.1,73.8406436,Good
33.47,23.01,71.9,71.0351481,Good
35.25,34.41,55.9,85.2212381,High Risk
36.16,38.69,74.1,95.42519709999999,High Risk
34.97,27.1,50.2,74.540558,Good
31.77,23.72,70.8,72.0146224,Good
31.75,20.05,77.9,66.8635605,Good
31.79,28.02,76.2,79.2373276,Needs Attention
33.95,27.73,70.1,77.9813427,Needs Attention
33.94,26.39,74.0,76.427214,Needs Attention
32.98,29.89,65.6,80.54186159999999,Needs Attention
35.31,30.58,75.1,83.0664242,Needs Attention
33.31,30.29,75.7,82.7100347,Needs Attention
33.14,27.74,64.2,77.21978919999998,Needs Attention
32.93,24.59,78.2,74.0723862,Good
35.67,31.66,78.1,85.2554954,High Risk
32.94,29.05,73.0,80.38593499999999,Needs Attention
34.67,32.55,100.0,90.59,High Risk
35.03,32.16,73.3,85.2052472,High Risk
34.43,23.31,71.6,71.4653604,Good
33.1,23.26,69.9,71.24105259999999,Good
35.25,25.98,63.3,74.5727866,Good
32.36,24.77,83.2,74.8686536,Good
35.82,32.02,66.8,83.85926640000001,High Risk
33.88,30.41,68.2,81.7117238,Needs Attention
35.84,33.4,68.5,86.20871,High Risk
35.23,30.59,63.2,81.1798512,Needs Attention
33.3,29.83,54.0,78.687418,Needs Attention
34.95,33.8,69.4,86.976428,High Risk
33.43,30.88,85.5,85.224676,High Risk
36.02,29.27,77.4,81.36893020000001,High Risk
38.41,34.92,93.7,93.5789396,High Risk
33.69,29.46,84.0,82.649536,Needs Attention
33.92,27.78,81.3,79.5351886,Needs Attention
33.03,25.65,97.6,77.903756,Needs Attention
33.95,31.81,73.8,84.7537222,High Risk
34.8,33.95,75.8,88.43685900000001,High Risk
33.62,28.8,74.9,80.272788,Needs Attention
33.38,34.23,93.5,92.3407995,High Risk
32.36,21.12,75.0,68.3638,Good
33.62,28.78,67.2,79.1489584,Needs Attention
33.95,28.84,82.1,81.3609636,Needs Attention
33.05,26.09,65.2,74.9498732,Good
35.28,38.54,81.4,96.9350444,High Risk
34.43,28.74,80.0,80.90147999999999,Needs Attention
33.85,27.37,72.7,77.77261010000001,Needs Attention
34.98,29.1,81.8,81.739362,Needs Attention
32.54,20.99,57.1,67.0020371,Good
32.91,25.96,77.0,76.10590800000001,Needs Attention
36.84,32.93,69.4,85.6739858,High Risk
31.41,26.48,100.0,79.664,Needs Attention
34.93,25.68,76.9,75.6545408,Needs Attention
34.99,34.24,67.8,87.3215728,High Risk
36.74,34.36,58.5,85.665694,High Risk
33.33,31.07,90.7,86.3952851,High Risk
32.33,27.18,70.8,77.24240560000001,Needs Attention
33.84,28.04,65.5,77.828438,Needs Attention
33.38,25.78,79.0,76.047338,Needs Attention
33.21,25.02,82.8,75.2351944,Needs Attention
33.03,24.82,82.6,74.8887068,Good
32.64,26.53,75.2,76.7867544,Needs Attention
31.54,24.86,76.9,74.3660666,Good
32.7,22.75,77.8,71.124605,Good
32.72,29.88,79.0,82.57494799999999,Needs Attention
32.65,29.94,80.1,82.83922059999999,Needs Attention
34.72,35.8,88.1,93.92410199999999,High Risk
33.55,26.33,75.7,76.5346919,Needs Attention
35.73,30.18,65.2,80.9027864,High Risk
34.83,30.25,73.3,82.27211750000001,Needs Attention
34.79,27.98,84.0,80.21996800000001,Needs Attention
34.88,31.98,53.6,81.5088672,Needs Attention
34.65,32.1,53.6,81.669744,Needs Attention
36.22,30.31,86.0,84.359034,High Risk
32.3,27.98,93.2,81.45278640000001,Needs Attention
33.04,27.57,59.8,76.4022914,Needs Attention
32.3,23.53,76.2,72.21326140000001,Good
33.86,25.78,70.2,75.0597844,Needs Attention
32.32,26.51,71.9,76.3614831,Needs Attention
33.49,24.5,78.7,73.979585,Good
34.57,30.76,59.5,80.82627799999999,Needs Attention
35.39,33.79,61.7,85.4867457,High Risk
33.69,25.37,71.4,74.5725382,Good
35.31,30.13,73.3,82.0878371,Needs Attention
32.83,24.86,61.5,72.778111,Good
33.93,27.78,84.5,79.957659,Needs Attention
32.48,26.24,70.0,75.72872,Needs Attention
33.31,31.41,69.9,83.4824341,Needs Attention
34.75,26.28,78.4,76.7730848,Needs Attention
33.78,33.05,73.5,86.60883249999999,High Risk
34.08,28.02,85.0,80.42003000000001,Needs Attention
33.66,26.4,63.8,75.235368,Needs Attention
33.75,23.99,58.2,71.23185819999999,Good
32.41,30.01,71.3,81.59535869999999,Needs Attention
35.22,32.58,75.7,86.2811294,High Risk
33.87,30.09,60.1,79.9818491,Needs Attention
36.41,37.96,58.3,90.62007320000001,High Risk
34.62,34.72,77.2,89.9194016,High Risk
34.39,27.77,65.9,77.48742569999999,Needs Attention
35.47,27.73,57.6,76.3372552,Needs Attention
33.96,30.88,86.6,85.4036592,High Risk
32.0,25.65,67.4,74.553519,Good
33.67,33.67,88.8,90.4742704,High Risk
34.67,30.45,75.3,82.8961615,Needs Attention
32.76,30.03,78.5,82.7366145,Needs Attention
34.14,31.75,72.5,84.4385625,High Risk
37.49,35.89,43.1,84.5215041,High Risk
34.25,29.68,61.4,79.60188480000001,Needs Attention
34.28,28.55,73.5,79.6894075,Needs Attention
33.95,35.03,79.4,90.8557818,High Risk
33.37,32.87,53.5,82.6837955,Needs Attention
34.16,27.72,74.4,78.5314432,Needs Attention
33.45,29.02,61.5,78.68052699999998,Needs Attention
34.91,29.78,77.8,82.23355160000001,Needs Attention
34.12,30.45,74.8,82.816934,Needs Attention
35.82,23.57,83.9,72.97147770000001,Needs Attention
32.04,22.83,87.8,72.0811926,Good
33.34,25.45,80.5,75.6853775,Needs Attention
32.21,25.14,85.3,75.69547580000001,Needs Attention
34.2,26.42,70.8,76.09410640000002,Needs Attention
34.69,31.54,100.0,88.77199999999999,High Risk
32.79,28.32,60.4,77.5362272,Needs Attention
33.66,29.79,68.7,80.8668727,Needs Attention
34.05,24.1,85.8,74.022622,Good
34.55,27.15,84.0,78.85744,Needs Attention
32.99,31.35,80.8,85.216592,High Risk
33.85,31.38,83.1,85.65051220000001,High Risk
34.85,26.1,50.0,73.2105,Good
35.05,29.65,94.1,84.4818435,High Risk
35.71,37.8,72.6,93.70457199999998,High Risk
34.7,28.93,90.0,82.63992999999999,Needs Attention
32.04,26.23,50.6,73.4501562,Good
32.81,28.3,78.1,79.935977,Needs Attention
33.57,29.37,68.2,80.16713659999999,Needs Attention
34.75,28.4,81.9,80.619304,Needs Attention
34.68,28.87,78.8,80.93836440000001,Needs Attention
33.28,23.23,79.4,72.0222738,Good
32.89,25.15,62.3,73.2743655,Good
36.18,28.4,74.3,79.569288,High Risk
33.52,28.34,72.8,79.2702048,Needs Attention
33.86,26.74,80.9,77.80703340000001,Needs Attention
34.47,28.29,86.9,81.1263699,Needs Attention
35.37,29.24,76.8,81.23375680000001,Needs Attention
34.45,32.56,59.7,83.3804368,Needs Attention
33.38,28.6,76.3,80.158682,Needs Attention
36.55,30.6,100.0,87.08000000000001,High Risk
34.59,26.83,94.8,79.65639159999999,Needs Attention
33.76,31.29,40.0,78.31574,Needs Attention
33.1,30.5,75.8,83.05341,Needs Attention
35.58,32.46,86.2,87.96671479999999,High Risk
32.88,31.85,72.8,84.643032,High Risk
34.7,31.35,69.5,83.3253675,Needs Attention
33.47,28.61,71.8,79.54326019999999,Needs Attention
33.99,29.98,81.6,83.1340432,Needs Attention
33.6,33.25,61.2,84.62640999999999,High Risk
33.38,26.39,89.3,78.2366073,Needs Attention
33.44,26.49,74.3,76.61724929999998,Needs Attention
33.41,29.73,63.8,80.0359626,Needs Attention
35.86,30.66,88.5,85.341859,High Risk
33.43,25.7,56.5,73.41279499999999,Good
34.66,28.7,68.3,79.186179,Needs Attention
32.31,28.62,68.1,79.0392178,Needs Attention
30.61,20.14,100.0,68.25200000000001,Good
33.94,28.12,66.8,78.1211184,Needs Attention
35.24,28.37,49.1,76.0487733,Needs Attention
32.66,28.36,68.0,78.639552,Needs Attention
34.96,34.66,80.5,90.485387,High Risk
33.56,24.14,84.4,73.9546184,Good
32.39,25.7,100.0,78.25999999999999,Needs Attention
32.07,20.0,91.9,67.5545,Good
32.87,27.08,77.3,77.9044116,Needs Attention
32.21,27.42,64.3,76.77004939999999,Needs Attention
32.1,26.96,94.5,79.846528,Needs Attention
32.89,33.43,70.6,86.64806420000001,High Risk
34.82,32.44,67.1,84.53066759999999,High Risk
34.3,29.31,70.0,80.34293,Needs Attention
33.94,27.52,60.0,76.35808,Needs Attention
33.7,33.1,69.4,85.928486,High Risk
34.59,28.92,72.2,80.07203760000002,Needs Attention
33.68,25.73,83.8,76.50402259999998,Needs Attention
32.33,22.14,70.3,69.5892758,Good
34.53,27.23,59.8,75.92560460000001,Needs Attention
33.72,32.02,55.8,81.94528840000001,Needs Attention
37.05,38.11,77.5,95.3264975,High Risk
35.2,29.25,75.9,81.1175425,Needs Attention
34.11,25.94,68.3,75.08434980000001,Needs Attention
32.52,24.26,69.4,72.6944756,Good
34.63,31.21,79.7,84.8086263,High Risk
31.3,21.94,91.7,70.87609020000001,Good
34.8,31.2,65.6,82.453728,Needs Attention
33.61,32.27,76.1,85.86829530000001,High Risk
34.67,30.75,86.5,85.1707625,High Risk
36.2,28.12,65.7,77.9721916,Needs Attention
33.64,31.26,74.8,84.07285519999999,High Risk
36.47,29.68,74.5,81.57778400000001,High Risk
33.52,25.89,59.3,73.9902423,Good
34.51,36.4,77.0,92.52072,High Risk
32.7,27.59,75.4,78.46053140000001,Needs Attention
36.45,32.1,81.7,86.581343,High Risk
32.34,20.0,60.8,65.844,Good
34.21,34.11,75.1,88.5502439,High Risk
34.69,34.88,91.6,93.08457920000001,High Risk
34.11,29.12,99.9,84.40147119999999,High Risk
34.14,31.24,90.4,86.63575039999999,High Risk
34.46,31.23,60.9,81.7164793,Needs Attention
36.02,26.43,80.4,77.2483228,Needs Attention
33.12,31.19,69.2,83.0359452,Needs Attention
33.63,25.77,78.4,75.9641432,Needs Attention
33.15,26.56,65.7,75.69392079999999,Needs Attention
34.15,33.51,54.4,83.71104559999999,Needs Attention
37.11,32.9,70.9,85.903139,High Risk
31.82,26.17,83.7,77.2138471,Needs Attention
30.98,26.07,78.5,76.4515005,Needs Attention
35.33,26.42,79.8,77.16112840000001,Needs Attention
34.16,31.93,77.6,85.5964032,High Risk
31.68,25.0,79.9,74.89955,Good
34.35,30.43,81.4,83.8304198,Needs Attention
36.04,31.99,71.7,84.66626169999999,High Risk
34.05,28.65,76.0,80.19475999999999,Needs Attention
34.53,33.04,95.9,90.71720640000001,High Risk
35.43,27.78,76.7,78.9278874,Needs Attention
34.45,28.14,75.5,79.33014299999999,Needs Attention
34.51,25.09,76.2,74.6536942,Good
33.45,33.07,72.4,86.43675320000001,High Risk
31.99,25.93,69.8,75.24004860000001,Needs Attention
34.54,30.4,77.5,83.1659,Needs Attention
34.02,28.71,68.9,79.2857781,Needs Attention
33.98,24.79,73.3,73.8873593,Good
31.75,26.56,65.5,75.66993199999999,Needs Attention
35.44,34.53,76.3,89.4413261,High Risk
34.75,29.81,82.0,82.919858,Needs Attention
33.74,24.96,72.5,74.06514,Good
33.58,30.22,50.9,78.7276602,Needs Attention
34.05,28.42,82.1,80.6793918,Needs Attention
35.2,40.0,76.4,98.0292,High Risk
33.66,30.14,63.1,80.5182566,Needs Attention
32.46,27.48,84.3,79.43788359999999,Needs Attention
34.15,34.68,58.2,86.0501224,High Risk
32.01,21.64,87.5,70.06155,Good
33.33,29.38,74.3,81.0839466,Needs Attention
34.61,36.98,47.8,86.9180756,High Risk
32.44,28.54,77.1,80.1763966,Needs Attention
34.08,22.07,70.1,69.4687593,Good
32.93,27.42,68.3,77.2838814,Needs Attention
35.16,34.82,66.1,87.8377598,High Risk
32.42,30.5,73.5,82.687825,Needs Attention
34.25,25.64,69.2,74.7382512,Good
33.3,26.26,52.7,73.7351298,Good
32.85,26.76,90.3,78.9853372,Needs Attention
33.6,30.44,72.1,82.3738676,Needs Attention
35.55,34.35,66.2,87.16920300000001,High Risk
31.88,33.21,61.5,84.62550850000001,High Risk
33.32,30.82,84.2,84.9145356,High Risk
32.53,23.67,59.4,70.89788019999999,Good
34.21,23.69,76.6,72.5001746,Good
36.38,31.13,68.0,82.74801599999999,High Risk
32.32,23.62,68.7,71.6727706,Good
34.41,28.1,61.8,77.41574200000001,Needs Attention
35.57,30.22,67.6,81.33583279999999,High Risk
33.39,24.45,75.1,73.54353049999999,Good
33.5,24.9,77.8,74.522078,Good
32.47,28.62,65.6,78.6883728,Needs Attention
34.77,31.01,73.9,83.53762610000001,Needs Attention
36.03,33.25,85.7,89.1876975,High Risk
34.68,31.43,55.0,81.006935,Needs Attention
34.87,29.29,74.9,81.03302790000001,Needs Attention
35.44,26.02,63.6,74.66463279999999,Good
33.6,24.72,62.4,72.67102720000001,Good
32.3,26.96,78.1,77.81450240000001,Needs Attention
35.08,30.64,68.5,82.101416,Needs Attention
35.2,30.35,60.4,80.394386,Needs Attention
31.8,20.6,90.9,68.52544600000002,Good
34.43,25.86,86.0,76.965804,Needs Attention
35.83,33.82,51.8,83.6303724,High Risk
34.06,29.32,57.3,78.4876564,Needs Attention
32.25,23.33,82.1,72.4193907,Good
35.73,38.42,71.6,94.4150328,High Risk
33.87,28.88,93.0,82.98361600000001,Needs Attention
32.56,30.54,82.4,84.16751040000001,High Risk
33.62,30.6,78.6,83.657284,Needs Attention
32.3,27.53,62.7,76.7218969,Needs Attention
32.75,26.09,80.9,76.7599419,Needs Attention
34.68,37.49,59.7,90.2875147,High Risk
35.41,33.01,90.7,89.7086693,High Risk
35.28,32.29,80.1,86.60624709999999,High Risk
34.67,31.31,65.1,82.5307819,Needs Attention
31.76,24.99,84.7,75.3846647,Needs Attention
34.63,34.11,100.0,93.398,High Risk
31.81,25.63,72.4,75.0776588,Needs Attention
33.79,30.13,81.6,83.37671920000001,Needs Attention
32.97,22.44,69.8,70.00148879999999,Good
32.96,20.84,76.0,67.992416,Good
34.38,30.27,56.9,79.7333937,Needs Attention
34.19,25.76,75.0,75.56739999999999,Needs Attention
33.47,21.04,75.5,68.272248,Good
33.92,31.16,96.6,87.52535439999998,High Risk
36.18,37.48,53.5,88.85958199999999,High Risk
35.63,34.56,71.6,88.5523104,High Risk
33.02,27.97,90.5,81.0739215,Needs Attention
34.05,29.04,72.1,80.24056159999999,Needs Attention
34.15,32.55,72.9,85.7324605,High Risk
32.79,33.49,65.0,85.682715,High Risk
33.82,27.63,63.8,77.00856060000001,Needs Attention
32.56,29.14,53.1,77.6287066,Needs Attention
34.24,30.2,67.4,81.275052,Needs Attention
32.76,31.22,63.1,82.0677218,Needs Attention
34.65,28.47,76.4,79.9690692,Needs Attention
33.21,28.52,65.5,78.528494,Needs Attention
35.89,34.52,69.2,88.01456160000001,High Risk
34.19,33.84,69.6,87.0747136,High Risk
33.11,30.91,74.4,83.4649696,Needs Attention
35.4,35.88,68.7,89.9417644,High Risk
33.2,27.45,62.3,76.5559365,Needs Attention
35.71,35.49,76.0,90.881576,High Risk
35.07,31.17,87.8,86.08588739999999,High Risk
36.09,40.0,76.5,98.05449999999999,High Risk
34.97,24.23,67.7,72.4848729,Good
34.61,26.24,73.5,76.137436,Needs Attention
34.2,30.68,50.4,79.2516928,Needs Attention
32.52,30.59,73.3,82.7942453,Needs Attention
34.49,36.8,70.2,91.64466399999999,High Risk
33.58,26.33,63.8,75.1344546,Needs Attention
34.13,32.62,66.0,84.598108,High Risk
35.18,33.65,70.1,86.88496349999998,High Risk
34.65,31.82,86.9,87.0225642,High Risk
31.74,25.16,88.1,76.0256004,Needs Attention
35.74,34.63,63.9,87.1198843,High Risk
33.57,33.92,68.8,87.0403904,High Risk
33.49,31.4,69.1,83.333126,Needs Attention
34.07,29.82,84.7,83.3470646,Needs Attention
35.29,29.9,76.7,82.25486699999999,Needs Attention
32.73,28.69,76.1,80.2713591,Needs Attention
36.16,31.56,81.4,85.65634159999999,High Risk
33.87,29.12,67.8,79.7377264,Needs Attention
35.14,25.61,91.4,77.1473646,Needs Attention
33.93,24.81,75.0,74.092525,Good
32.73,25.99,64.7,74.7471747,Good
34.79,29.89,72.2,81.55107419999999,Needs Attention
34.88,28.89,89.8,82.5432878,Needs Attention
35.48,29.86,69.9,81.1543186,Needs Attention
36.41,31.0,86.4,85.57096000000001,High Risk
33.34,26.49,67.5,75.80634249999999,Needs Attention
34.45,34.86,65.8,87.83570119999999,High Risk
32.17,27.93,82.9,79.9910303,Needs Attention
33.1,27.27,64.5,76.5784585,Needs Attention
34.19,30.93,84.9,85.2095743,High Risk
32.13,21.65,79.2,69.486232,Good
33.61,25.84,64.5,74.507032,Good
33.18,32.92,74.1,86.5186828,High Risk
32.15,22.05,68.4,69.310678,Good
36.39,33.47,79.2,88.3282576,High Risk
35.8,35.04,97.7,94.6030392,High Risk
33.96,27.52,70.6,77.73022879999999,Needs Attention
34.29,30.17,81.4,83.4102962,Needs Attention
34.27,33.48,75.3,87.60923559999999,High Risk
31.75,27.13,75.3,77.7320011,Needs Attention
34.81,32.47,73.0,85.627769,High Risk
30.96,26.32,64.7,75.2258496,Needs Attention
33.02,27.09,79.0,78.132989,Needs Attention
33.06,25.8,71.5,75.23603,Needs Attention
35.5,30.37,64.1,81.0058983,High Risk
36.58,33.63,87.2,90.1028064,High Risk
35.19,28.26,76.2,79.61277879999999,Needs Attention
33.61,23.92,72.3,72.45751840000001,Good
32.0,24.67,91.1,75.5050263,Needs Attention
35.74,30.58,53.0,79.536126,High Risk
35.73,36.38,90.3,95.3775286,High Risk
33.17,30.57,64.4,81.3427092,Needs Attention
33.42,27.45,77.5,78.5130125,Needs Attention
35.18,32.06,67.9,84.1099526,High Risk
34.05,28.04,63.9,77.6130844,Needs Attention
33.52,27.49,90.8,80.2938108,Needs Attention
33.22,25.17,97.3,77.0193059,Needs Attention
33.84,34.63,72.3,88.7985151,High Risk
31.66,20.0,79.0,66.845,Good
33.42,32.19,75.7,85.6729517,High Risk
34.11,27.15,95.8,80.341703,Needs Attention
32.55,27.36,49.6,74.80365439999999,Good
37.01,35.77,79.5,92.0579785,High Risk
31.88,26.14,66.3,75.15001179999999,Needs Attention
33.91,26.28,46.7,73.0587324,Good
32.53,28.48,70.7,79.1927064,Needs Attention
33.77,30.66,97.2,86.7385048,High Risk
33.51,27.23,67.1,76.84961670000001,Needs Attention
32.77,22.7,84.5,71.593185,Good
31.41,25.54,89.4,76.8076324,Needs Attention
34.57,34.13,74.8,88.52284759999999,High Risk
33.08,29.3,76.4,81.269148,Needs Attention
34.54,30.8,54.4,80.05644799999999,Needs Attention
33.25,27.95,66.4,77.81751200000001,Needs Attention
33.1,26.36,85.9,77.7847076,Needs Attention
34.37,35.71,75.7,91.1621453,High Risk
35.1,28.25,79.4,80.03449499999999,Needs Attention
32.19,27.23,76.6,78.0520982,Needs Attention
34.22,33.38,100.0,92.084,High Risk
33.22,26.11,69.8,75.51023219999999,Needs Attention
33.0,26.62,94.3,79.22893339999999,Needs Attention
34.86,29.04,76.6,80.8907936,Needs Attention
32.07,29.0,95.3,83.52273,Needs Attention
33.29,30.04,60.3,79.9424788,Needs Attention
34.51,37.37,77.2,94.09124359999998,High Risk
35.48,30.34,70.3,81.93822979999999,Needs Attention
35.28,20.0,76.7,66.7185,Good
33.92,30.31,89.7,84.94018929999999,High Risk
32.47,29.15,79.5,81.4855075,Needs Attention
34.4,29.17,89.6,82.9898568,Needs Attention
33.01,29.98,67.0,80.88853399999999,Needs Attention
33.18,28.89,65.1,79.0109161,Needs Attention
33.09,28.79,75.2,80.2998792,Needs Attention
33.74,31.45,74.5,84.3169475,High Risk
32.95,26.83,72.8,76.95881759999999,Needs Attention
31.76,25.21,63.5,73.4878665,Good
35.27,40.0,89.4,101.3182,High Risk
34.05,26.14,70.6,75.6478916,Needs Attention
33.75,29.4,92.1,83.750326,Needs Attention
32.62,23.02,75.2,71.3305296,Good
31.78,29.47,82.8,82.48744839999999,Needs Attention
33.81,25.27,81.7,75.52473409999999,Needs Attention
32.73,27.23,65.1,76.5964627,Needs Attention
35.55,33.18,79.4,87.90307080000001,High Risk
35.61,30.89,98.1,87.29265910000001,High Risk
33.65,31.27,78.0,84.621394,High Risk
30.77,21.92,85.8,70.4050864,Good
37.13,36.35,83.3,93.80835450000001,High Risk
33.47,24.23,78.7,73.5505199,Good
37.33,35.11,77.2,90.5333708,High Risk
36.15,33.09,81.6,88.16552560000001,High Risk
34.36,31.31,84.2,85.7198898,High Risk
34.23,25.58,58.8,73.5020296,Good
33.39,29.61,78.0,81.994942,Needs Attention
33.99,27.12,72.8,77.4027264,Needs Attention
33.16,29.12,70.3,80.1009464,Needs Attention
33.05,28.0,90.6,81.13852,Needs Attention
32.16,20.85,66.2,67.386573,Good
33.46,33.49,58.3,84.4194233,High Risk
33.93,28.68,84.5,81.43955399999999,Needs Attention
33.03,27.06,58.0,75.462452,Needs Attention
32.54,26.76,51.9,74.3034556,Good
35.19,30.43,85.9,84.5425763,High Risk
34.38,25.42,76.9,75.2460002,Needs Attention
32.67,20.0,80.7,66.9385,Good
34.28,30.63,69.7,82.2788189,Needs Attention
35.42,31.08,58.4,81.09281279999999,Needs Attention
34.01,28.2,60.8,77.42174399999999,Needs Attention
33.72,24.41,71.7,73.1459503,Good
33.72,29.36,59.7,78.8971408,Needs Attention
32.22,23.14,78.7,71.8183682,Good
33.32,24.89,69.5,73.64796449999999,Good
34.19,26.0,77.2,76.19168,Needs Attention
33.81,32.38,76.9,86.1823178,High Risk
33.42,27.55,79.6,78.943202,Needs Attention
33.76,27.21,81.0,78.57679900000001,Needs Attention
34.36,36.82,70.9,91.8298262,High Risk
34.27,30.41,77.2,83.1342548,Needs Attention
32.55,30.36,77.8,83.1500792,Needs Attention
34.4,27.52,45.9,74.5328632,Good
33.7,26.61,82.8,77.8264492,Needs Attention
35.31,20.25,76.8,67.11658,Good
35.36,32.87,81.8,87.8460834,High Risk
35.08,30.79,59.6,80.8844316,Needs Attention
34.4,28.28,71.2,78.9592064,Needs Attention
33.43,28.45,61.9,77.9272445,Needs Attention
33.95,31.94,83.9,86.7033834,High Risk
31.48,22.78,58.1,69.5463282,Good
33.23,26.64,63.9,75.59343039999999,Needs Attention
32.11,24.45,81.4,74.167577,Good
33.99,36.09,67.4,89.9761134,High Risk
35.84,32.5,63.9,84.047125,High Risk
30.59,20.19,85.9,67.53997790000001,Good
33.71,22.94,86.4,72.1481584,Good
35.19,28.47,83.7,80.98269610000001,Needs Attention
33.64,27.11,85.2,78.9422428,Needs Attention
33.04,23.7,72.2,72.112686,Good
36.11,36.78,72.5,92.12314500000001,High Risk
33.55,30.25,67.2,81.31762,Needs Attention
34.16,30.9,77.0,83.87307,Needs Attention
32.88,26.23,68.7,75.56200989999999,Needs Attention
35.45,31.89,69.8,84.1861278,High Risk
35.29,27.48,82.2,79.1668744,Needs Attention
32.4,27.87,89.2,80.7305396,Needs Attention
32.36,31.44,79.8,85.19322880000001,High Risk
32.91,22.48,96.5,72.185568,Good
35.94,35.39,66.5,88.75540649999999,High Risk
37.24,29.73,52.9,78.38649830000001,High Risk
35.39,34.12,83.6,90.22147679999999,High Risk
34.1,24.7,65.7,72.97752100000001,Good
35.59,25.31,71.7,74.5137973,Needs Attention
34.09,24.35,53.8,71.29939700000001,Good
34.69,30.0,64.2,80.4868,Needs Attention
32.6,29.26,57.0,78.361018,Needs Attention
33.32,27.14,69.8,77.0562828,Needs Attention
33.16,24.94,70.3,73.80599179999999,Good
32.6,23.93,76.1,72.8296227,Good
33.63,28.81,89.9,82.42158810000001,Needs Attention
34.74,27.14,83.1,78.7279066,Needs Attention
32.47,26.26,55.5,74.062657,Good
35.66,35.19,82.3,91.7067563,High Risk
33.92,28.67,76.3,80.2682579,Needs Attention
33.94,34.08,73.8,88.25092959999999,High Risk
32.3,26.87,74.7,77.2537711,Needs Attention
32.36,29.98,77.5,82.503455,Needs Attention
34.09,28.78,66.7,79.0779974,Needs Attention
32.28,22.21,72.8,69.88689120000001,Good
34.1,34.71,89.2,92.31120680000001,High Risk
31.9,28.46,66.6,78.5936164,Needs Attention
35.7,31.99,62.6,83.0855826,High Risk
32.94,25.99,74.3,75.8444643,Needs Attention
32.93,28.34,61.4,77.7019524,Needs Attention
32.14,25.53,54.3,72.93856210000001,Good
34.47,33.94,70.9,87.4755254,High Risk
34.37,30.25,92.4,85.26079,High Risk
33.7,30.47,74.5,82.8003485,Needs Attention
33.72,34.43,77.1,89.4430747,High Risk
34.57,33.63,49.4,82.92318780000001,Needs Attention
35.25,32.06,80.3,86.2724382,High Risk
32.6,23.31,76.1,71.86032089999999,Good
35.06,26.22,67.0,75.34892599999999,Needs Attention
32.6,24.98,77.2,74.5859144,Good
33.48,31.91,77.0,85.461093,High Risk
33.01,29.68,62.3,79.73763360000001,Needs Attention
31.09,23.44,79.0,72.321824,Good
34.61,28.25,89.4,81.40124499999999,Needs Attention
32.92,23.02,72.3,71.08432540000001,Good
33.73,28.79,64.6,78.7944566,Needs Attention
32.64,22.38,72.9,70.15496979999999,Good
34.43,31.12,85.3,85.58920640000001,High Risk
33.34,30.51,60.3,80.6037547,Needs Attention
34.93,36.63,81.9,93.9585703,High Risk
33.95,32.39,66.9,84.42142089999999,High Risk
35.62,27.31,77.9,78.3431451,Needs Attention
35.27,32.27,68.2,84.47415860000001,High Risk
32.73,23.41,68.2,71.3154638,Good
34.16,25.15,93.3,76.5599005,Needs Attention
35.08,30.33,58.1,80.00451269999999,Needs Attention
30.73,20.37,80.8,67.53967039999999,Good
33.47,28.85,95.8,83.331017,Needs Attention
32.87,24.92,83.2,75.11370559999999,Needs Attention
34.33,29.41,59.0,78.863481,Needs Attention
32.64,24.69,59.6,72.34418760000001,Good
33.95,30.7,66.0,81.78837999999999,Needs Attention
33.3,29.08,76.9,80.9969948,Needs Attention
35.76,34.6,77.7,89.830258,High Risk
32.41,29.03,59.7,78.4348009,Needs Attention
32.7,25.93,64.5,74.63740150000001,Good
31.84,28.01,65.3,77.7578247,Needs Attention
31.7,23.62,72.8,72.0452064,Good
34.31,30.62,98.8,86.9238344,High Risk
34.47,31.36,63.8,82.38580320000001,Needs Attention
35.39,38.88,63.3,93.1058296,High Risk
34.21,26.51,61.4,75.1072686,Needs Attention
34.7,27.93,82.6,79.9509782,Needs Attention
33.18,26.7,74.5,76.966085,Needs Attention
34.1,29.85,64.2,80.269963,Needs Attention
33.6,30.53,70.6,82.2721382,Needs Attention
34.22,28.79,65.5,78.9222755,Needs Attention
33.49,33.35,78.6,88.024669,High Risk
34.82,26.53,100.0,79.754,Needs Attention
35.51,32.94,81.6,87.92284959999999,High Risk
33.05,31.15,73.9,83.7534515,Needs Attention
32.98,28.95,67.0,79.37103499999999,Needs Attention
33.83,27.74,58.9,76.52217139999999,Needs Attention
35.34,38.71,83.8,97.7862902,High Risk
33.54,25.73,83.2,76.4369864,Needs Attention
33.61,30.19,69.4,81.57204140000002,Needs Attention
34.47,26.0,89.6,77.61024,Needs Attention
35.14,36.14,75.3,91.7467858,High Risk
36.59,32.55,84.3,87.7758535,High Risk
33.7,26.29,78.6,76.8124006,Needs Attention
32.9,31.05,72.9,83.4348955,Needs Attention
35.78,30.03,63.5,80.4221595,High Risk
34.28,26.93,73.3,77.17369310000001,Needs Attention
34.65,32.03,85.1,87.05995469999999,High Risk
34.59,30.56,68.9,82.0461816,Needs Attention
32.8,29.86,80.3,82.7415042,Needs Attention
32.04,28.83,62.0,78.48215400000001,Needs Attention
34.01,30.72,84.4,84.78240319999999,High Risk
35.12,29.92,78.8,82.60799039999999,Needs Attention
34.1,29.24,60.6,78.8608456,Needs Attention
34.73,26.44,72.3,76.30245880000001,Needs Attention
36.24,35.78,86.2,93.4891364,High Risk
34.44,24.8,59.9,72.528948,Good
35.11,30.71,62.1,81.1750009,Needs Attention
34.81,27.72,74.2,78.5051576,Needs Attention
35.04,36.04,100.0,96.872,High Risk
32.78,25.39,66.9,74.11525089999999,Good
33.24,26.06,80.9,76.7116146,Needs Attention
32.27,25.12,78.1,74.90143280000001,Good
34.21,30.29,67.9,81.48644089999999,Needs Attention
33.25,23.51,76.9,72.24479810000001,Good
33.45,27.09,69.6,76.9561936,Needs Attention
34.15,20.39,70.7,66.97737269999999,Good
33.85,29.96,55.1,79.0311804,Needs Attention
31.5,27.0,74.7,77.45521,Needs Attention
34.01,23.05,85.8,72.280231,Good
34.24,33.34,75.7,87.4662962,High Risk
32.1,23.77,88.1,73.6873563,Good
35.56,32.19,82.0,86.779742,High Risk
34.02,26.2,74.3,76.169034,Needs Attention
35.23,35.41,67.5,88.9923325,High Risk
34.99,32.0,69.2,84.24695999999999,High Risk
31.85,24.97,57.4,72.5069522,Good
34.14,25.33,71.8,74.55497059999999,Good
35.35,31.42,76.8,84.6570544,High Risk
32.88,27.95,95.6,81.721698,Needs Attention
34.58,28.32,81.3,80.40721839999999,Needs Attention
34.79,34.09,64.6,86.47701860000001,High Risk
33.19,26.01,57.7,73.97469230000002,Good
34.36,29.37,72.5,80.8025175,Needs Attention
33.22,32.82,84.7,88.29265459999999,High Risk
32.05,32.24,72.4,85.16954240000001,High Risk
36.36,28.36,81.5,80.499366,High Risk
32.49,27.84,72.8,78.50484479999999,Needs Attention
31.76,22.04,83.6,70.43878559999999,Good
30.89,24.78,55.8,72.08136760000001,Good
34.88,30.27,94.3,85.59296389999999,High Risk
35.15,28.45,61.7,77.89951350000001,Needs Attention
34.04,29.3,84.5,82.46041500000001,Needs Attention
34.8,33.16,71.7,86.44446279999998,High Risk
30.9,24.25,73.6,73.08722,Good
32.62,28.06,72.1,78.74724739999999,Needs Attention
33.44,29.75,78.1,82.23160250000001,Needs Attention
32.46,26.18,80.5,76.85845099999999,Needs Attention
34.6,34.73,87.7,92.0438279,High Risk
34.65,32.63,91.9,89.27570030000001,High Risk
36.05,30.16,79.0,83.02073600000001,High Risk
33.8,36.18,95.6,96.17719919999999,High Risk
32.49,23.0,76.1,71.37567,Good
34.33,28.97,87.9,82.4059837,Needs Attention
33.16,30.47,80.1,83.6888053,Needs Attention
32.79,25.34,68.4,74.20343439999999,Good
34.36,30.2,77.2,82.803656,Needs Attention
32.82,24.57,81.0,74.321383,Good
34.86,31.76,74.6,84.8138304,High Risk
34.63,33.23,80.0,88.09445999999998,High Risk
33.64,30.09,85.4,83.90059140000001,Needs Attention
31.16,21.59,74.7,69.07225269999999,Good
34.89,25.13,40.0,70.88678,Good
34.24,31.26,95.1,87.4522774,High Risk
32.82,29.08,71.4,80.20008879999999,Needs Attention
32.42,20.0,65.1,66.0805,Good
35.84,33.97,61.5,85.7038345,High Risk
34.37,29.55,71.0,80.853195,Needs Attention
32.39,25.72,68.2,74.74622959999999,Good
33.81,32.98,66.2,85.1616324,High Risk
31.65,26.29,66.8,75.4286028,Needs Attention
34.95,26.25,81.4,77.076125,Needs Attention
33.58,30.43,99.4,86.6790458,High Risk
34.35,36.12,84.8,93.75426239999999,High Risk
33.98,35.49,88.5,93.4859635,High Risk
33.64,30.44,70.5,82.120498,Needs Attention
33.44,30.85,76.3,83.6807645,Needs Attention
35.63,32.17,80.1,86.4138883,High Risk
31.57,23.97,67.1,72.0434313,Good
32.83,31.58,69.9,83.7377758,Needs Attention
33.61,26.06,85.3,77.2175882,Needs Attention
33.86,30.27,88.1,84.62159129999999,High Risk
33.32,28.09,75.8,79.29279779999999,Needs Attention
34.6,31.0,60.7,81.35873000000001,Needs Attention
33.92,29.47,71.5,80.80653949999999,Needs Attention
31.86,20.0,57.7,65.6735,Good
32.58,29.72,75.9,81.8514052,Needs Attention
32.71,31.57,78.1,85.11300829999999,High Risk
33.43,30.78,71.8,82.8434396,Needs Attention
32.64,28.59,77.9,80.3670939,Needs Attention
35.26,35.57,80.0,91.84313999999999,High Risk
32.33,30.25,78.1,83.0231975,Needs Attention
33.65,30.75,60.6,80.98985499999999,Needs Attention
34.38,33.18,72.0,86.53050400000001,High Risk
33.95,30.45,79.9,83.6250545,Needs Attention
33.34,25.41,93.9,77.07579009999999,Needs Attention
31.61,20.0,71.7,66.4435,Good
32.72,27.09,81.6,78.4584856,Needs Attention
35.43,32.04,85.5,87.146158,High Risk
33.13,27.59,72.6,78.09613660000001,Needs Attention
35.62,32.2,88.8,87.991264,High Risk
35.01,29.59,89.4,83.6726254,Needs Attention
34.72,34.15,91.6,91.83128599999999,High Risk
33.34,27.82,80.5,79.493849,Needs Attention
34.28,30.87,100.0,87.566,High Risk
33.73,31.02,67.6,82.51922479999999,Needs Attention
34.99,35.01,100.0,95.018,High Risk
33.71,22.17,84.2,70.69756860000001,Good
34.28,27.17,91.1,79.7847513,Needs Attention
35.33,32.39,71.2,85.1853632,High Risk
35.22,35.18,85.1,92.26529819999999,High Risk
32.83,29.96,92.1,84.71452839999999,High Risk
33.66,27.83,62.0,77.058354,Needs Attention
35.0,32.03,73.0,84.953381,High Risk
33.93,32.47,49.3,81.39843289999999,Needs Attention
32.78,27.56,72.9,78.0892276,Needs Attention
35.22,30.32,65.2,81.10655359999998,Needs Attention
35.26,33.72,72.4,87.4291472,High Risk
37.21,36.56,100.0,97.808,High Risk
33.9,31.97,95.6,88.78258679999999,High Risk
33.27,29.18,57.7,78.3531914,Needs Attention
34.51,28.78,81.7,81.2068274,Needs Attention
33.91,31.23,84.6,85.6548742,High Risk
33.06,28.54,70.9,79.3112114,Needs Attention
33.03,29.76,77.1,82.0958104,Needs Attention
32.39,24.77,78.3,74.3677609,Good
35.53,34.19,58.8,85.4881828,High Risk
31.43,24.44,62.6,72.2910456,Good
33.92,27.27,77.1,78.1783183,Needs Attention
33.14,29.39,76.2,81.3805282,Needs Attention
35.1,36.96,66.5,91.060716,High Risk
33.23,27.31,65.5,76.7637695,Needs Attention
32.97,26.34,73.9,76.3383074,Needs Attention
33.0,26.8,85.6,78.478592,Needs Attention
36.03,35.64,74.1,90.7172476,High Risk
31.39,20.0,94.5,67.6975,Good
35.41,24.99,66.7,73.5054467,Good
35.91,39.93,77.3,98.1466311,High Risk
34.06,31.36,70.7,83.5413048,Needs Attention
32.24,24.58,82.1,74.44787819999999,Good
33.3,28.83,65.6,78.9948552,Needs Attention
34.87,29.27,98.1,84.4071313,High Risk
35.07,32.38,54.7,82.24044140000001,Needs Attention
34.49,36.36,95.6,96.4933584,High Risk
31.99,30.55,76.1,83.1792645,Needs Attention
35.28,26.84,81.6,78.05402559999999,Needs Attention
34.08,32.15,91.0,88.292435,High Risk
32.61,26.21,85.3,77.4657587,Needs Attention
33.69,24.87,66.2,73.2774006,Good
30.0,21.96,82.2,70.2036088,Good
33.87,22.74,97.4,72.71847239999998,Good
33.93,25.41,64.4,73.8732996,Good
32.19,24.29,100.0,75.72200000000001,Needs Attention
33.54,30.25,79.6,83.25791,Needs Attention
33.19,24.2,69.8,72.643284,Good
32.38,20.0,64.3,66.0365,Good
32.29,24.82,72.3,73.8307114,Good
31.87,27.11,51.5,74.7166335,Good
35.12,26.58,70.0,76.23974,Needs Attention
35.78,35.08,71.8,89.3829656,High Risk
33.35,26.55,62.1,75.2478745,Needs Attention
34.56,32.52,84.0,87.672832,High Risk
34.24,28.92,72.4,80.10069920000001,Needs Attention
34.33,28.83,67.4,79.25120580000001,Needs Attention
31.15,25.66,71.1,74.9791174,Good
33.34,28.76,79.3,80.8343132,Needs Attention
32.68,25.94,75.9,75.9492754,Needs Attention
33.69,29.68,66.6,80.3862112,Needs Attention
34.2,28.06,76.5,79.340341,Needs Attention
31.33,25.22,74.4,74.6650432,Good
33.28,32.97,61.3,84.2483039,High Risk
33.43,30.71,71.5,82.68867350000001,Needs Attention
33.48,27.21,82.0,78.70317800000001,Needs Attention
34.57,29.58,81.9,82.53185979999999,Needs Attention
35.1,28.66,72.2,79.6755948,Needs Attention
32.75,25.53,83.1,76.0992757,Needs Attention
36.17,29.28,63.2,79.2991104,High Risk
33.84,26.52,63.6,75.38445279999999,Needs Attention
33.43,25.22,72.0,74.409016,Good
32.38,22.51,93.0,71.959057,Good
33.05,27.57,77.0,78.637311,Needs Attention
33.19,31.27,71.7,83.5719841,Needs Attention
32.13,26.22,93.5,78.438243,Needs Attention
36.03,39.08,71.6,95.41746719999999,High Risk
34.36,32.54,100.0,90.572,High Risk
34.37,34.22,68.9,87.50730420000001,High Risk
34.93,32.18,62.9,83.4099078,Needs Attention
36.73,36.41,73.0,91.666607,High Risk
32.25,25.85,72.0,75.36838,Needs Attention
31.66,20.0,65.3,66.0915,Good
34.08,27.22,100.0,80.99600000000001,Needs Attention
33.23,31.23,78.8,84.69104759999999,High Risk
34.01,29.61,80.6,82.3853034,Needs Attention
33.87,30.1,69.5,81.452805,Needs Attention
34.07,34.28,68.1,87.4397332,High Risk
33.74,30.53,87.3,84.9315631,High Risk
34.59,32.2,54.9,82.03232200000001,Needs Attention
33.05,25.24,61.3,73.29589879999999,Good
31.6,24.62,72.0,73.495336,Good
35.96,35.46,91.2,93.9971248,High Risk
33.7,29.4,70.5,80.55223,Needs Attention
32.69,26.51,80.0,77.32902,Needs Attention
34.25,26.51,75.3,76.76760970000001,Needs Attention
33.54,26.4,90.6,78.407416,Needs Attention
32.46,26.16,56.0,73.984704,Good
31.03,23.87,83.8,73.4543294,Good
33.68,23.0,72.6,71.07922,Good
35.23,28.22,86.1,80.90034579999998,Needs Attention
31.72,26.63,65.2,75.73583239999999,Needs Attention
33.85,33.43,75.3,87.5314621,High Risk
34.0,30.17,73.8,82.22710540000001,Needs Attention
33.45,30.06,63.0,80.388022,Needs Attention
33.08,26.03,59.6,74.2202412,Good
34.77,28.52,68.0,78.876864,Needs Attention
35.49,30.44,76.6,83.0864696,Needs Attention
33.41,31.86,65.9,83.4686826,Needs Attention
33.8,28.62,71.0,79.44619800000001,Needs Attention
33.56,33.32,52.4,83.0810832,Needs Attention
33.34,29.03,70.6,80.00872820000001,Needs Attention
32.77,32.17,87.3,87.6773659,High Risk
32.94,27.04,83.5,78.614516,Needs Attention
31.73,21.75,74.0,69.26955000000001,Good
34.76,30.07,77.9,82.7072847,Needs Attention
34.23,31.9,65.1,83.388931,Needs Attention
34.27,31.3,94.5,87.422215,High Risk
34.02,30.69,99.8,87.2098338,High Risk
32.54,27.61,77.0,78.700203,Needs Attention
31.26,25.77,100.0,78.386,Needs Attention
33.85,31.21,66.8,82.6674972,Needs Attention
34.29,30.71,60.0,80.83684,Needs Attention
33.04,26.76,66.5,76.083546,Needs Attention
33.81,33.44,72.4,87.0016544,High Risk
32.78,25.47,100.0,77.846,Needs Attention
32.94,26.67,71.6,76.5686628,Needs Attention
35.71,35.55,64.7,88.61424149999999,High Risk
35.05,32.47,64.2,84.0573826,High Risk
32.92,27.57,88.7,80.1576441,Needs Attention
33.88,30.15,87.0,84.248695,High Risk
34.07,29.62,69.2,80.6886696,Needs Attention
32.28,20.0,52.5,65.3875,Good
34.46,25.37,61.5,73.5017245,Good
33.63,28.8,95.7,83.22888400000001,Needs Attention
34.47,27.57,83.3,79.4559519,Needs Attention
32.85,29.99,75.8,82.25759579999999,Needs Attention
34.03,33.52,97.4,91.84499520000001,High Risk
33.31,27.71,98.5,81.6810065,Needs Attention
32.99,24.77,74.6,73.9895358,Good
34.54,30.3,74.8,82.58435599999999,Needs Attention
31.14,27.69,68.0,77.64580800000002,Needs Attention
35.49,28.38,71.6,79.1658792,Needs Attention
34.01,27.83,57.2,76.4222724,Needs Attention
35.99,37.97,57.1,90.3544613,High Risk
30.83,20.04,54.3,65.5404028,Good
34.09,27.45,88.0,79.86493999999999,Needs Attention
35.42,28.99,56.3,77.88915629999998,Needs Attention
35.17,25.88,98.4,78.4028608,Needs Attention
34.31,32.6,66.2,84.604788,High Risk
34.69,32.25,95.8,89.309645,High Risk
36.19,28.81,70.6,79.6767614,High Risk
33.3,27.92,56.2,76.41272959999999,Needs Attention
33.87,28.55,90.4,82.049408,Needs Attention
36.5,28.58,91.8,82.29647559999998,High Risk
33.52,28.69,64.1,78.57898709999999,Needs Attention
32.54,28.25,71.0,78.88642499999999,Needs Attention
34.51,30.01,64.1,80.4858459,Needs Attention
37.23,32.01,73.6,85.0270664,High Risk
33.88,24.08,76.3,73.08320959999999,Good
33.5,24.8,70.8,73.646416,Good
30.19,22.01,53.2,68.11272679999999,Good
35.33,32.47,68.0,84.73550399999999,High Risk
33.37,30.0,83.4,83.4436,Needs Attention
34.14,31.02,72.5,83.32330499999999,Needs Attention
34.08,23.28,71.1,71.3760592,Good
34.16,36.14,63.8,89.2767468,High Risk
35.23,26.56,67.7,75.9338088,Needs Attention
33.49,29.67,91.9,84.1850627,High Risk
33.69,32.42,61.3,83.46902539999999,Needs Attention
33.67,25.05,83.6,75.368082,Needs Attention
34.09,26.81,75.6,77.2709764,Needs Attention
34.43,29.72,77.9,82.15386120000001,Needs Attention
35.21,40.0,66.2,95.4486,High Risk
34.39,30.2,70.8,81.805384,Needs Attention
34.05,35.43,74.9,90.55929929999999,High Risk
33.95,33.82,68.8,86.8912784,High Risk
33.91,30.47,79.0,83.514287,Needs Attention
32.17,25.04,80.5,75.026528,Needs Attention
35.5,33.24,100.0,91.83200000000001,High Risk
31.98,23.01,78.3,71.5778617,Good
34.78,35.4,52.1,85.78266599999999,High Risk
33.07,29.8,89.0,83.96778,Needs Attention
32.83,20.0,72.6,66.493,Good
32.83,27.64,99.1,81.63442760000001,Needs Attention
36.81,31.62,92.7,87.6747226,High Risk
34.47,28.05,68.9,78.30098550000001,Needs Attention
33.87,31.86,83.7,86.53765179999999,High Risk
33.05,25.6,67.9,74.53487600000001,Good
32.23,23.78,75.0,72.49345,Good
34.13,28.71,83.1,81.29122989999999,Needs Attention
33.55,29.13,88.4,82.7475108,Needs Attention
33.05,27.61,85.7,79.8341523,Needs Attention
34.72,33.91,75.9,88.3937131,High Risk
31.6,25.6,100.0,78.08000000000001,Needs Attention
33.88,30.25,70.6,81.849635,Needs Attention
34.34,29.27,55.7,78.1839561,Needs Attention
32.58,22.77,58.0,69.52423399999999,Good
33.5,23.72,92.7,74.0256556,Good
33.37,29.05,74.1,80.54498949999999,Needs Attention
34.87,36.92,76.9,93.3160652,High Risk
33.16,31.32,68.5,83.113358,Needs Attention
31.95,22.1,69.6,69.475984,Good
33.67,20.0,65.6,66.108,Good
34.53,31.93,80.7,86.1330349,High Risk
33.1,28.62,73.8,79.83914440000001,Needs Attention
33.71,33.57,80.2,88.6770086,High Risk
31.56,25.48,79.1,75.58063320000001,Needs Attention
33.23,30.4,69.9,81.96540399999999,Needs Attention
35.06,32.38,57.5,82.737615,Needs Attention
32.96,27.21,56.5,75.4805135,Needs Attention
32.5,27.3,100.0,81.14,Needs Attention
34.68,29.1,92.7,83.320843,Needs Attention
34.72,31.17,91.1,86.63231129999998,High Risk
33.62,28.94,66.9,79.34195140000001,Needs Attention
33.91,32.9,75.1,86.670521,High Risk
33.05,27.15,65.2,76.492682,Needs Attention
34.62,23.69,59.3,70.91668829999999,Good
36.38,36.91,67.9,91.2986711,High Risk
34.54,26.58,90.9,78.75070779999999,Needs Attention
31.67,26.73,85.1,78.3017577,Needs Attention
33.51,28.74,63.4,78.5521484,Needs Attention
33.17,29.27,71.2,80.45893760000001,Needs Attention
33.88,27.45,84.0,79.34992,Needs Attention
34.64,28.93,68.1,79.4993167,Needs Attention
33.96,28.84,76.0,80.49161600000001,Needs Attention
33.05,29.7,79.8,82.409194,Needs Attention
31.31,20.0,79.7,66.8835,Good
35.76,36.52,78.0,92.927944,High Risk
34.23,28.41,67.2,78.60310480000001,Needs Attention
34.29,31.32,68.4,83.0966512,Needs Attention
32.71,23.49,61.4,70.8253314,Good
33.37,27.12,56.3,75.3321744,Needs Attention
33.4,26.31,73.6,76.2568184,Needs Attention
35.52,34.88,84.8,91.7088576,High Risk
33.8,26.66,58.4,74.9571456,Good
34.33,32.03,78.3,85.8760951,High Risk
33.14,26.4,84.4,77.67358399999999,Needs Attention
33.26,27.19,53.0,75.011493,Needs Attention
32.8,28.02,71.8,78.64597640000001,Needs Attention
34.01,34.14,94.8,92.4380728,High Risk
32.68,21.44,81.6,69.31768960000001,Good
32.01,23.74,52.6,70.3699676,Good
32.87,21.21,82.9,69.03265909999999,Good
32.78,24.65,66.0,72.93481,Good
33.79,25.75,83.3,76.4808525,Needs Attention
32.98,22.54,66.7,69.9031382,Good
33.87,26.06,74.4,75.9641536,Needs Attention
33.42,20.94,68.5,67.66636100000001,Good
33.25,24.93,75.0,74.278825,Good
35.32,33.8,68.2,86.74648400000001,High Risk
32.63,30.61,72.3,82.6649197,Needs Attention
35.38,29.75,60.9,79.62537250000001,Needs Attention
34.94,24.99,80.9,74.9879409,Good
33.32,22.86,77.1,71.2401094,Good
33.51,24.44,55.6,71.5983536,Good
34.2,28.83,86.9,82.0283373,Needs Attention
35.87,32.47,72.9,85.6099237,High Risk
34.32,32.61,76.9,86.5437191,High Risk
35.07,31.52,84.2,86.06504159999999,High Risk
32.23,26.05,78.9,76.4657155,Needs Attention
32.76,29.1,89.0,82.78401,Needs Attention
33.09,27.71,71.5,78.13512349999999,Needs Attention
34.13,28.2,87.4,81.04413199999999,Needs Attention
34.55,37.15,76.5,93.5875525,High Risk
32.09,21.95,81.1,70.10563549999999,Good
33.42,28.06,79.8,79.78516119999999,Needs Attention
33.76,33.85,89.9,90.9896385,High Risk
30.33,23.14,83.7,72.2487982,Good
32.26,26.43,69.7,75.9786929,Needs Attention
33.51,26.88,67.3,76.3582376,Needs Attention
33.96,28.11,74.4,79.1346016,Needs Attention
33.91,22.62,65.9,69.95601420000001,Good
34.72,31.38,62.4,82.1799088,Needs Attention
33.67,31.67,49.5,80.3940835,Needs Attention
33.35,31.03,56.4,80.6950108,Needs Attention
33.34,25.52,98.8,77.8044224,Needs Attention
33.58,29.35,67.1,79.97511150000001,Needs Attention
33.8,25.4,97.8,77.481388,Needs Attention
33.78,27.67,79.8,79.1611534,Needs Attention
36.58,37.61,74.4,93.8269216,High Risk
33.36,29.38,57.0,78.525934,Needs Attention
33.71,24.25,75.1,73.2328325,Good
35.68,29.72,97.7,85.1481756,High Risk
32.67,23.59,93.7,73.8915917,Good
33.19,24.2,78.3,73.464214,Good
32.03,24.84,61.2,72.7188592,Good
34.15,27.22,63.5,76.379553,Needs Attention
35.47,32.75,64.8,84.57088,High Risk
33.72,31.31,90.3,86.7384007,High Risk
34.65,31.09,94.6,87.0721286,High Risk
33.07,24.6,77.4,74.007796,Good
33.62,26.83,71.4,76.7871538,Needs Attention
34.65,30.09,93.6,85.1706976,High Risk
33.66,26.49,63.3,75.3054883,Needs Attention
33.35,27.89,75.6,78.9540916,Needs Attention
34.8,30.77,80.6,84.2505138,High Risk
34.42,27.6,64.6,77.06950400000001,Needs Attention
33.38,29.9,67.4,80.831874,Needs Attention
34.97,35.37,66.4,88.7053232,High Risk
33.49,28.31,92.0,81.859848,Needs Attention
35.17,33.72,98.0,92.31434399999999,High Risk
35.25,31.24,76.4,84.3078864,High Risk
32.29,23.13,71.8,71.2091666,Good
32.94,24.59,67.8,73.0277998,Good
32.83,25.67,75.0,75.42767500000001,Needs Attention
32.67,25.58,68.4,74.5603528,Good
33.84,28.64,73.8,79.8699568,Needs Attention
33.49,31.46,80.0,85.25892,High Risk
34.49,34.02,70.1,87.4414398,High Risk
33.13,30.23,72.7,82.1476379,Needs Attention
33.87,27.22,72.8,77.55579840000001,Needs Attention
32.25,20.67,71.2,67.4309696,Good
33.37,29.28,69.7,80.2537784,Needs Attention
33.75,29.1,84.1,82.07306899999999,Needs Attention
33.65,29.73,53.8,78.5226926,Needs Attention
36.41,37.42,93.9,97.96850620000001,High Risk
34.3,33.96,76.6,88.6070264,High Risk
34.9,32.14,82.3,86.7512078,High Risk
32.3,25.15,83.7,75.5424445,Needs Attention
34.02,26.95,66.5,76.36253249999999,Needs Attention
34.56,28.62,64.0,78.463832,Needs Attention
34.06,25.9,62.6,74.378466,Good
35.42,31.0,72.0,83.2108,Needs Attention
36.02,30.43,83.4,84.1469338,High Risk
33.94,24.65,68.0,73.13688,Good
36.12,33.79,82.3,89.4320783,High Risk
32.77,29.41,46.6,77.0263094,Needs Attention
31.77,22.08,70.4,69.5064768,Good
32.31,28.79,89.0,82.259769,Needs Attention
34.88,30.12,72.9,82.01040520000001,Needs Attention
33.12,32.89,65.1,84.82887609999999,High Risk
31.83,27.65,67.1,77.4688185,Needs Attention
33.37,32.31,40.0,79.54586,Needs Attention
32.29,29.75,62.9,79.92842250000001,Needs Attention
32.89,23.74,87.7,73.6000802,Good
31.59,23.34,68.0,71.193888,Good
33.08,33.49,69.4,86.5123394,High Risk
34.62,33.78,47.0,82.658634,Needs Attention
33.97,30.29,55.4,79.52555339999999,Needs Attention
33.21,34.98,89.3,92.7886686,High Risk
33.9,33.23,82.4,88.54080479999999,High Risk
34.18,31.73,59.4,82.1662438,Needs Attention
32.65,25.35,67.4,74.11034099999999,Good
34.79,35.93,74.6,91.2712422,High Risk
35.19,31.15,60.6,81.55383099999999,Needs Attention
35.32,27.46,51.0,75.114154,Needs Attention
32.88,26.33,73.1,76.2287577,Needs Attention
32.72,30.03,81.9,83.2612243,Needs Attention
32.15,22.32,82.1,70.7803728,Good
34.43,31.8,85.5,86.74861,High Risk
32.89,25.19,56.4,72.70378840000001,Good
34.55,30.48,75.7,83.0063264,Needs Attention
35.27,26.91,71.8,76.9578662,Needs Attention
31.95,27.94,74.0,78.81824399999999,Needs Attention
32.64,25.97,72.5,75.60816750000001,Needs Attention
34.96,28.36,67.1,78.5155644,Needs Attention
34.74,36.56,40.0,84.67136,High Risk
35.52,34.54,88.9,91.9636994,High Risk
34.55,30.42,79.0,83.434682,Needs Attention
34.79,28.9,57.2,77.894892,Needs Attention
37.9,32.38,80.7,86.8570534,High Risk
34.9,33.52,69.6,86.59502080000001,High Risk
31.46,25.68,70.0,74.88704,Good
34.53,28.69,65.8,78.81873979999999,Needs Attention
34.21,21.71,81.4,69.7401206,Good
33.33,33.49,65.4,85.75813540000001,High Risk
35.8,37.26,61.8,90.4396132,High Risk
31.5,29.32,88.6,83.09714480000001,Needs Attention
30.78,20.5,72.9,67.275355,Good
34.99,31.44,73.2,84.0827392,High Risk
33.01,25.38,83.3,75.8760246,Needs Attention
32.83,26.35,67.0,75.54045500000001,Needs Attention
33.47,31.51,69.4,83.5481606,Needs Attention
32.11,30.02,78.7,82.7515826,Needs Attention
33.93,27.05,56.5,75.2614175,Needs Attention
32.93,26.4,77.7,76.880572,Needs Attention
32.43,29.5,65.9,80.017395,Needs Attention
33.4,27.36,85.3,79.36839919999998,Needs Attention
33.34,24.56,81.6,74.3653504,Good
33.25,27.67,80.0,79.18734,Needs Attention
34.08,30.36,55.7,79.66791479999999,Needs Attention
33.59,28.29,73.8,79.33073979999999,Needs Attention
31.93,23.35,60.9,70.5827485,Good
35.69,32.96,74.6,86.6720784,High Risk
32.56,20.0,47.2,65.096,Good
34.27,27.21,56.5,75.4805135,Needs Attention
33.92,26.52,89.3,78.45683639999999,Needs Attention
33.21,29.59,79.4,82.1732154,Needs Attention
34.72,31.25,70.8,83.39185,Needs Attention
35.02,33.51,64.1,85.54191089999999,High Risk
32.49,26.15,62.0,74.66636999999999,Good
33.75,31.35,77.4,84.647551,High Risk
34.47,29.78,70.9,81.18597980000001,Needs Attention
33.57,22.15,93.6,71.381776,Good
33.59,36.6,72.8,91.91395200000001,High Risk
34.03,23.24,75.7,71.71605319999999,Good
35.08,30.68,58.3,80.5214756,Needs Attention
35.42,30.56,70.7,82.3333608,Needs Attention
33.7,30.1,77.1,82.630729,Needs Attention
33.66,27.02,70.5,76.963309,Needs Attention
33.79,32.31,69.2,84.71043480000002,High Risk
32.29,22.76,78.9,71.2309636,Good
32.32,28.74,93.2,82.7696232,Needs Attention
31.68,26.74,76.7,77.2957842,Needs Attention
35.26,26.29,88.7,77.9968377,Needs Attention
34.1,30.71,82.5,84.4599925,High Risk
34.75,33.31,88.0,89.71677199999999,High Risk
33.4,27.63,67.7,77.51765490000001,Needs Attention
33.58,32.12,72.5,85.00383000000001,High Risk
33.46,29.2,72.6,80.557408,Needs Attention
33.07,25.43,81.6,75.7728712,Needs Attention
33.32,27.97,84.5,80.2705035,Needs Attention
32.78,27.8,76.5,78.93283,Needs Attention
33.57,26.21,85.5,77.4890545,Needs Attention
34.21,30.71,68.2,82.1572778,Needs Attention
34.24,29.94,85.6,83.68295359999999,Needs Attention
33.06,22.64,87.2,71.7134592,Good
32.23,22.39,83.1,70.97262909999999,Good
33.89,30.7,76.6,83.494238,Needs Attention
34.38,25.74,83.6,76.49805359999999,Needs Attention
33.09,30.21,64.3,80.8059797,Needs Attention
32.64,32.12,77.4,85.8612712,High Risk
33.18,23.92,78.6,73.04850880000001,Good
32.0,23.35,59.0,70.415235,Good
35.76,35.7,80.7,92.198701,High Risk
34.78,30.41,60.0,80.41564,Needs Attention
33.23,27.32,69.9,77.3392132,Needs Attention
31.82,25.26,75.5,74.84468700000001,Good
35.03,26.96,66.2,76.3400448,Needs Attention
31.3,24.24,76.0,73.304576,Good
34.33,32.53,75.8,86.2210626,High Risk
31.38,25.89,65.2,74.6587772,Good
34.82,33.37,81.8,88.6559934,High Risk
32.8,27.4,65.8,76.93350799999999,Needs Attention
33.6,24.83,100.0,76.69399999999999,Needs Attention
33.34,27.29,73.7,77.7774027,Needs Attention
33.12,20.0,60.9,65.8495,Good
33.22,28.52,63.2,78.2079936,Needs Attention
32.12,28.32,88.8,81.4374784,Needs Attention
34.57,32.3,70.1,84.85457699999998,High Risk
31.96,21.45,58.6,67.738703,Good
32.99,33.65,85.2,89.756002,High Risk
33.41,32.28,70.0,84.80684000000001,High Risk
34.04,34.01,82.8,89.88637719999998,High Risk
35.06,28.79,86.2,81.8621102,Needs Attention
35.15,33.06,78.3,87.5088202,High Risk
32.21,23.12,100.0,73.616,Good
34.69,31.85,54.3,81.45520450000001,Needs Attention
31.25,25.92,65.2,74.7024416,Good
31.87,22.39,71.9,70.0916259,Good
33.16,24.5,100.0,76.1,Needs Attention
33.85,29.02,96.6,83.74538679999999,Needs Attention
32.56,25.7,90.5,77.20141499999998,Needs Attention
35.64,30.5,65.5,81.416225,High Risk
32.56,21.77,66.9,68.7854887,Good
31.99,20.49,65.1,66.7932001,Good
35.57,34.49,65.6,87.25528560000001,High Risk
34.71,32.62,92.9,89.43844019999999,High Risk
33.32,24.8,72.1,73.779692,Good
35.24,28.99,73.7,80.39477369999999,Needs Attention
35.26,33.08,84.3,88.64747559999999,High Risk
35.6,30.68,55.0,79.99106,High Risk
33.21,29.59,75.6,81.6034396,Needs Attention
33.14,33.38,61.8,84.9229516,High Risk
32.99,26.08,71.5,75.66102799999999,Needs Attention
33.52,29.12,68.0,79.766784,Needs Attention
35.0,28.93,67.3,79.3845911,Needs Attention
34.25,27.91,77.7,79.2652093,Needs Attention
33.32,27.44,77.7,78.5229712,Needs Attention
34.12,29.29,72.4,80.6656004,Needs Attention
33.82,29.14,79.4,81.45498839999999,Needs Attention
34.12,24.81,64.6,73.0252874,Good
34.66,32.21,83.2,87.0232328,High Risk
33.89,25.09,72.5,74.26374750000001,Good
34.91,28.13,69.2,78.4610004,Needs Attention
33.49,27.82,65.5,77.50757899999999,Needs Attention
33.25,30.43,72.1,82.3586297,Needs Attention
33.39,20.52,97.4,68.77961520000001,Good
33.44,32.56,74.2,85.9809248,High Risk
34.77,26.29,61.3,74.7836123,Good
35.89,33.88,86.0,90.290232,High Risk
34.66,27.09,69.3,76.9186363,Needs Attention
34.28,28.8,78.4,80.770208,Needs Attention
33.33,36.66,67.7,90.8841318,High Risk
32.54,27.89,90.4,80.9241344,Needs Attention
34.97,33.96,67.9,86.9261516,High Risk
33.12,29.16,91.8,83.2933912,Needs Attention
33.75,30.66,62.4,81.1519216,Needs Attention
34.31,29.28,71.5,80.51814800000001,Needs Attention
34.23,32.39,91.8,88.84517979999998,High Risk
32.05,26.26,77.0,76.577598,Needs Attention
33.71,25.06,100.0,77.108,Needs Attention
33.65,26.45,71.8,76.25828899999999,Needs Attention
33.56,29.4,78.1,81.677486,Needs Attention
34.16,28.12,97.9,82.3316852,Needs Attention
34.35,31.84,56.8,81.8722688,Needs Attention
35.94,34.22,55.3,84.8447234,High Risk
33.06,25.1,65.5,73.54059500000001,Good
34.3,26.06,84.8,77.1600912,Needs Attention
30.86,23.26,55.7,70.0017618,Good
35.74,37.12,82.2,94.8201136,High Risk
33.59,30.22,81.3,83.4754714,Needs Attention
33.31,30.92,99.2,87.52551360000001,High Risk
33.67,23.64,87.5,73.41404999999999,Good
34.5,29.0,79.4,81.23154,Needs Attention
32.3,31.04,91.3,86.4426248,High Risk
35.14,27.99,81.5,79.9011315,Needs Attention
35.1,33.3,69.5,86.24656499999999,High Risk
36.24,38.25,61.3,91.7293775,High Risk
32.19,25.21,68.2,73.9887878,Good
31.45,24.91,74.5,74.19597049999999,Good
32.69,25.49,77.1,75.3778621,Needs Attention
34.83,35.42,49.4,85.2485052,High Risk
35.25,33.17,72.4,86.5894292,High Risk
33.83,28.46,75.3,79.8007762,Needs Attention
32.78,29.15,81.6,81.791236,Needs Attention
33.26,25.73,94.5,77.6995015,Needs Attention
34.18,32.56,77.2,86.5189568,High Risk
32.55,27.48,64.1,76.8310332,Needs Attention
32.06,27.96,53.2,76.0659728,Needs Attention
34.75,31.44,83.2,85.76529920000002,High Risk
33.95,28.25,64.6,78.01170499999999,Needs Attention
34.01,28.06,85.4,80.5400076,Needs Attention
33.05,29.04,91.8,83.08713279999999,Needs Attention
34.49,32.18,56.5,82.28618300000001,Needs Attention
33.78,35.59,81.6,92.21012560000001,High Risk
33.28,31.34,90.5,86.822973,High Risk
34.37,32.21,87.2,87.72674880000001,High Risk
33.78,28.2,49.8,75.92376399999999,Needs Attention
31.67,26.17,64.8,75.0198784,Needs Attention
33.27,31.62,59.6,82.0464648,Needs Attention
33.51,29.68,81.3,82.6034416,Needs Attention
33.42,23.31,80.0,72.20262,Good
32.71,27.69,42.6,74.31508060000002,Good
33.76,28.67,71.4,79.57817619999999,Needs Attention
33.51,26.96,84.6,78.6198784,Needs Attention
35.73,34.93,76.8,90.16887759999999,High Risk
34.33,30.92,76.8,83.8718944,Needs Attention
34.89,34.49,70.6,88.24754060000001,High Risk
35.18,30.05,62.3,80.2655385,Needs Attention
36.88,29.33,74.8,81.0803516,High Risk
34.31,25.25,75.6,74.83981,Good
34.47,29.05,82.4,81.745128,Needs Attention
34.7,29.05,83.4,81.88972299999999,Needs Attention
30.96,23.53,76.0,72.19527200000002,Good
32.41,26.84,88.1,78.8516796,Needs Attention
33.16,27.71,70.5,78.0037945,Needs Attention
36.2,30.65,57.7,80.3835995,High Risk
33.79,30.85,80.7,84.3953905,High Risk
33.91,26.67,76.5,77.16172449999999,Needs Attention
34.42,30.88,81.0,84.492472,High Risk
33.87,28.27,59.8,77.3837054,Needs Attention
31.88,20.0,96.5,67.8075,Good
32.23,27.06,83.5,78.647249,Needs Attention
32.13,33.32,71.5,86.650262,High Risk
33.51,22.27,63.8,69.2814774,Good
33.24,29.45,87.9,83.21248449999999,Needs Attention
33.29,35.34,61.8,87.7097188,High Risk
33.49,25.96,100.0,78.72800000000001,Needs Attention
34.08,29.01,67.6,79.5459524,Needs Attention
33.35,23.78,95.6,74.3973432,Good
36.01,35.51,72.8,90.24546720000001,High Risk
32.81,28.67,94.0,82.76100199999999,Needs Attention
32.95,29.19,66.2,79.6078422,Needs Attention
34.5,34.42,75.2,89.0516016,High Risk
34.97,31.65,84.7,86.3638745,High Risk
31.11,25.5,82.9,76.028405,Needs Attention
33.3,26.41,88.2,78.1401838,Needs Attention
36.43,30.98,69.2,82.72197840000001,High Risk
34.0,26.5,76.0,76.8356,Needs Attention
32.64,20.53,90.0,68.35153000000001,Good
34.61,28.79,66.5,79.0642965,Needs Attention
30.04,23.08,81.9,71.9965948,Good
36.45,35.47,72.4,90.1009772,High Risk
34.14,29.71,77.5,82.07759750000001,Needs Attention
34.18,25.38,76.0,75.085712,Needs Attention
32.08,26.21,65.5,75.15947449999999,Needs Attention
30.61,21.44,71.9,68.64590640000002,Good
34.43,24.6,76.7,73.937418,Good
33.68,33.07,73.8,86.69490340000002,High Risk
36.72,37.93,93.9,98.85570729999999,High Risk
34.76,31.91,87.1,87.2074739,High Risk
34.32,28.63,78.5,80.51460449999999,Needs Attention
34.33,27.27,65.8,76.7435234,Needs Attention
33.14,25.17,65.1,73.60021330000001,Good
34.4,37.24,98.7,98.73862120000001,High Risk
34.18,28.25,62.9,77.77935749999999,Needs Attention
36.04,37.46,76.4,94.0506456,High Risk
33.18,34.57,79.3,90.10166989999999,High Risk
33.58,22.04,71.3,69.5138748,Good
30.93,26.34,63.0,75.054658,Needs Attention
34.1,26.32,65.6,75.33166080000001,Needs Attention
33.07,28.68,68.4,79.17054879999999,Needs Attention
34.29,28.76,66.5,79.020246,Needs Attention
36.36,40.0,90.9,101.6977,High Risk
32.8,24.69,74.9,73.89608190000001,Good
34.29,29.92,68.7,81.0605896,Needs Attention
35.79,31.47,76.3,84.6512939,High Risk
34.34,28.99,83.0,81.73398299999998,Needs Attention
35.75,29.44,70.9,80.67193040000001,High Risk
31.66,24.82,85.8,75.2174044,Needs Attention
30.92,29.43,59.7,78.9952129,Needs Attention
33.74,31.05,89.1,86.0980945,High Risk
33.53,30.31,74.9,82.61556809999999,Needs Attention
33.82,31.28,74.4,84.0371968,High Risk
34.0,34.65,66.7,87.70883450000001,High Risk
37.09,32.75,60.3,83.7553675,High Risk
32.51,29.29,55.0,78.108305,Needs Attention
33.17,24.31,65.8,72.41772019999999,Good
33.79,26.6,82.1,77.72591399999999,Needs Attention
33.81,28.12,63.5,77.674338,Needs Attention
34.34,30.01,56.4,79.2992836,Needs Attention
34.17,27.09,64.1,76.2676431,Needs Attention
33.0,25.26,70.4,74.2986096,Good
32.44,24.25,70.9,72.8251175,Good
32.82,22.4,73.5,70.23285999999999,Good
34.05,28.06,87.4,80.8095956,Needs Attention
33.32,23.12,90.0,72.75712,Good
31.36,25.0,99.1,76.90595,Needs Attention
33.22,27.42,55.5,75.639619,Needs Attention
31.67,23.66,64.7,71.3674398,Good
34.51,30.52,83.4,84.29414320000001,High Risk
34.95,31.96,69.6,84.2565184,High Risk
33.01,26.8,85.3,78.44189600000001,Needs Attention
32.69,27.25,77.5,78.1975625,Needs Attention
36.24,31.15,94.0,87.07768999999999,High Risk
33.01,26.14,87.5,77.60467499999999,Needs Attention
34.36,25.87,87.7,77.1747101,Needs Attention
36.25,33.79,70.1,87.0955221,High Risk
35.31,32.54,73.8,85.8783748,High Risk
34.39,31.41,71.3,83.71757670000001,Needs Attention
36.08,32.7,56.9,83.070537,High Risk
32.33,21.09,92.7,69.4817257,Good
34.35,34.42,83.9,90.77209620000001,High Risk
33.41,30.57,70.9,82.38038870000001,Needs Attention
33.88,33.04,90.7,89.7599072,High Risk
34.0,30.55,67.4,81.79209300000001,Needs Attention
34.16,29.2,52.9,77.679632,Needs Attention
32.21,27.9,87.1,80.50159099999999,Needs Attention
33.59,30.47,59.7,80.4522841,Needs Attention
33.64,27.75,72.7,78.3539075,Needs Attention
34.97,32.47,77.5,86.4308075,High Risk
32.41,22.65,79.6,71.11280599999999,Good
33.49,26.83,85.2,78.4792684,Needs Attention
34.22,37.18,82.0,94.872524,High Risk
32.38,26.5,81.6,77.50396,Needs Attention
33.45,28.05,65.5,77.8430225,Needs Attention
33.45,25.47,78.5,75.4992105,Needs Attention
34.18,30.34,56.9,79.8295254,Needs Attention
32.35,26.05,93.7,78.1661615,Needs Attention
33.34,28.26,58.2,77.1508468,Needs Attention
35.74,32.4,70.8,85.12940799999998,High Risk
33.63,26.2,59.2,74.41169599999999,Good
34.18,32.15,66.2,83.945367,Needs Attention
33.43,32.29,75.2,85.74055919999999,High Risk
33.9,33.22,68.7,85.97801859999998,High Risk
33.82,29.56,88.7,83.51702279999999,Needs Attention
36.15,40.0,77.7,98.3581,High Risk
35.05,33.22,69.4,86.1081332,High Risk
34.31,30.3,73.4,82.36459799999999,Needs Attention
32.67,25.5,89.6,76.76172000000001,Needs Attention
33.16,28.61,85.9,81.52063009999999,Needs Attention
36.68,34.71,61.3,86.7136577,High Risk
34.57,35.84,66.8,89.47970880000001,High Risk
33.72,34.91,80.7,90.92764629999999,High Risk
32.85,32.14,79.2,86.2081312,High Risk
32.38,23.98,62.4,71.6144848,Good
34.94,30.95,84.0,85.09552000000001,High Risk
32.19,24.03,64.3,71.8661771,Good
33.84,23.05,90.6,72.68916700000001,Good
33.88,29.96,81.4,83.0709656,Needs Attention
36.83,31.09,61.4,81.6010674,High Risk
33.74,32.61,68.7,85.0690393,High Risk
33.43,30.99,68.4,82.6058884,Needs Attention
34.21,31.13,76.9,84.21818029999999,High Risk
33.35,25.06,72.6,74.22842440000001,Good
34.99,28.58,61.3,78.0282446,Needs Attention
32.76,22.97,58.3,69.8263949,Good
32.63,20.99,81.6,68.5896616,Good
33.01,31.96,78.4,85.7824736,High Risk
32.79,25.99,76.3,76.0730663,Needs Attention
33.93,32.49,78.2,86.5874082,High Risk
34.16,33.43,67.6,86.0841932,High Risk
33.57,26.52,77.2,77.0103056,Needs Attention
33.72,31.36,100.0,88.44800000000001,High Risk
31.37,26.36,89.1,78.16219240000001,Needs Attention
32.01,21.62,71.5,68.89141699999999,Good
32.84,29.49,68.7,80.4198337,Needs Attention
33.77,27.12,40.7,73.3745616,Good
34.07,27.24,87.8,79.4865528,Needs Attention
33.32,36.9,84.4,94.951964,High Risk
31.78,22.9,68.5,70.583135,Good
34.32,30.53,57.8,80.2337766,Needs Attention
31.64,25.02,61.1,72.9632478,Good
36.97,32.63,80.3,87.1872711,High Risk
34.88,30.19,73.9,82.27350590000002,Needs Attention
33.86,30.52,83.3,84.2782284,High Risk
32.25,25.22,76.0,74.835728,Good
31.01,25.94,86.6,77.16699960000001,Needs Attention
35.17,32.71,79.4,87.1529226,High Risk
36.92,36.08,84.9,93.70970080000001,High Risk
35.7,30.92,49.9,79.4842892,High Risk
32.81,25.41,60.2,73.4173518,Good
32.99,30.36,70.6,82.0156184,Needs Attention
36.4,38.71,88.0,98.79525199999999,High Risk
33.67,29.41,97.6,84.5824184,High Risk
36.98,34.85,73.0,89.275595,High Risk
33.38,26.04,67.7,75.1640892,Needs Attention
33.75,28.83,51.5,76.98677550000001,Needs Attention
35.12,31.48,85.4,86.2016808,High Risk
34.98,30.59,68.4,82.0110244,Needs Attention
32.62,25.93,100.0,78.674,Needs Attention
32.22,25.76,66.1,74.57038639999999,Good
34.0,32.95,100.0,91.31,High Risk
34.34,33.77,84.0,89.72483199999999,High Risk
33.93,35.05,62.7,87.4809865,High Risk
35.52,36.22,77.8,92.41016839999999,High Risk
33.51,29.54,84.3,82.8256978,Needs Attention
33.25,27.76,72.3,78.3164752,Needs Attention
35.51,34.4,85.1,90.976356,High Risk
34.63,31.85,84.8,86.710812,High Risk
32.81,25.07,82.2,75.2535646,Needs Attention
34.39,24.87,74.8,74.1650324,Good
34.76,30.97,60.9,81.34912270000001,Needs Attention
33.18,28.29,74.1,79.37186109999999,Needs Attention
34.58,28.89,77.1,80.7270481,Needs Attention
35.27,33.29,52.5,83.0598775,Needs Attention
36.02,32.04,77.0,85.665492,High Risk
33.75,34.32,73.8,88.6206784,High Risk
32.96,21.27,59.4,67.5425362,Good
35.03,30.01,71.0,81.549129,Needs Attention
35.32,31.78,71.3,84.2784486,High Risk
35.21,22.89,98.2,73.05150019999999,Good
35.04,26.38,77.6,76.8371712,Needs Attention
34.58,25.64,87.4,76.7554664,Needs Attention
34.02,29.09,73.6,80.5342376,Needs Attention
34.81,35.51,52.5,86.0119225,High Risk
33.67,37.09,83.1,94.97317210000001,High Risk
33.06,25.74,67.1,74.65292459999999,Good
34.59,31.11,71.0,83.21331899999998,Needs Attention
34.19,31.24,62.4,81.9800224,Needs Attention
32.31,30.55,75.9,83.14737550000001,Needs Attention
33.76,30.6,87.8,85.12873200000001,High Risk
34.52,30.21,86.2,84.2241098,High Risk
34.13,35.75,94.0,95.08445,High Risk
34.73,33.41,95.7,91.33063630000001,High Risk
33.24,24.76,50.4,71.50264960000001,Good
35.34,32.18,60.7,83.02362740000001,Needs Attention
35.96,32.57,53.3,82.2460119,High Risk
33.61,30.26,82.6,83.7436124,Needs Attention
34.77,33.53,66.7,86.06206490000001,High Risk
35.36,29.75,69.1,80.8678775,Needs Attention
34.44,29.8,72.4,81.444248,Needs Attention
34.28,29.48,79.6,82.0274192,Needs Attention
33.37,20.93,57.2,66.9259404,Good
31.54,28.68,59.9,77.97262679999999,Needs Attention
33.54,26.33,75.0,76.452325,Needs Attention
33.19,24.25,89.4,74.62100500000001,Good
34.64,34.74,74.7,89.4485722,High Risk
32.07,31.02,65.5,82.17461899999999,Needs Attention
33.62,28.88,49.2,76.7240704,Needs Attention
32.61,26.74,86.4,78.47652640000001,Needs Attention
35.45,30.18,66.2,81.0585684,Needs Attention
34.83,32.97,61.2,84.2299636,High Risk
32.32,25.69,54.4,73.1653064,Good
31.85,28.98,57.7,78.0769454,Needs Attention
36.22,32.47,63.5,83.93246549999999,High Risk
32.78,21.26,72.1,68.3854754,Good
33.46,28.77,60.5,78.1839915,Needs Attention
33.9,27.28,77.2,78.20675840000001,Needs Attention
33.28,28.46,72.0,79.342888,Needs Attention
34.26,26.99,100.0,80.582,Needs Attention
36.03,29.55,54.5,78.3857025,Needs Attention
33.76,36.69,76.9,92.9546639,High Risk
32.19,27.7,77.1,78.854833,Needs Attention
35.76,30.17,62.6,80.48345580000002,High Risk
36.13,36.98,76.1,93.2318622,High Risk
34.1,26.8,84.2,78.30734400000001,Needs Attention
33.74,36.26,76.2,92.1278188,High Risk
33.89,29.02,91.6,83.02389679999999,Needs Attention
34.1,36.13,48.9,86.0634943,High Risk
34.02,32.0,64.9,83.49962,Needs Attention
33.9,30.23,92.7,85.27317790000001,High Risk
33.57,28.74,85.9,81.7364834,Needs Attention
34.21,26.5,81.5,77.492025,Needs Attention
35.41,29.3,89.8,83.23988600000001,Needs Attention
35.36,32.59,52.0,82.039232,Needs Attention
32.67,28.95,84.5,81.8841225,Needs Attention
33.8,27.73,87.8,80.3093706,Needs Attention
34.97,28.0,67.1,77.98482,Needs Attention
34.13,32.97,100.0,91.346,High Risk
35.45,33.9,77.4,88.667014,High Risk
32.41,26.33,48.7,73.3576829,Good
34.48,26.33,79.6,76.9935932,Needs Attention
34.14,30.52,66.4,81.5886272,Needs Attention
34.93,35.11,89.0,92.94752100000001,High Risk
34.51,33.58,81.6,88.95826719999998,High Risk
34.79,23.99,67.8,72.13906779999999,Good
37.04,27.94,93.0,81.356758,High Risk
32.61,25.28,86.3,76.03437360000001,Needs Attention
31.69,27.93,65.1,77.6146057,Needs Attention
34.8,35.42,73.2,90.19076559999999,High Risk
32.83,23.31,81.2,72.30794279999999,Good
32.59,22.52,70.6,70.1855288,Good
34.36,25.69,71.0,75.013401,Needs Attention
35.27,30.15,75.4,82.44506899999999,Needs Attention
34.32,31.48,62.2,82.2889544,Needs Attention
33.96,30.75,48.2,78.98818499999999,Needs Attention
33.94,33.7,77.9,88.447077,High Risk
32.11,21.95,51.1,67.87648549999999,Good
34.95,33.75,63.1,85.6974875,High Risk
33.67,27.75,53.7,75.8511325,Needs Attention
33.33,31.93,55.2,81.7188064,Needs Attention
32.6,23.71,80.1,72.85259289999999,Good
33.57,29.02,72.3,80.23894539999999,Needs Attention
33.33,29.95,71.9,81.5965095,Needs Attention
33.91,33.62,59.2,84.77060959999999,High Risk
32.8,22.66,67.1,70.1121114,Good
33.52,29.12,79.5,81.437596,Needs Attention
32.3,24.66,74.4,73.7989696,Good
33.33,31.02,84.9,85.3581202,High Risk
34.2,32.11,86.6,87.4544874,High Risk
35.56,34.15,72.0,88.00762,High Risk
33.46,26.86,52.8,74.5464592,Good
35.59,32.71,65.9,84.7117311,High Risk
36.18,34.44,73.8,88.80555279999999,High Risk
33.61,22.43,65.7,69.6623449,Good
34.63,31.45,62.3,82.26301649999999,Needs Attention
34.7,32.83,75.8,86.6891886,High Risk
34.07,27.97,100.0,82.346,Needs Attention
32.59,24.16,69.1,72.5159144,Good
34.62,32.77,75.0,86.450425,High Risk
32.3,24.2,59.3,71.629194,Good
32.16,28.29,89.9,81.53758289999999,Needs Attention
33.98,28.84,85.5,81.845518,Needs Attention
34.58,31.86,84.7,86.7100658,High Risk
32.94,26.49,91.3,78.64451629999999,Needs Attention
34.08,26.26,69.9,75.7470826,Needs Attention
33.13,29.4,71.4,80.685484,Needs Attention
32.91,33.03,95.5,90.6260135,High Risk
34.9,38.15,82.6,96.58648099999999,High Risk
31.11,22.97,48.4,68.99080520000001,Good
34.26,30.26,80.5,83.414807,Needs Attention
32.15,24.65,68.0,73.13688,Good
35.4,33.08,85.8,88.92421359999999,High Risk
33.82,25.25,79.9,75.2998025,Needs Attention
32.33,26.3,54.1,73.952717,Good
32.5,26.64,78.2,77.3199552,Needs Attention
34.12,28.7,77.5,80.48457499999999,Needs Attention
34.84,30.29,79.4,83.2904574,Needs Attention
32.28,30.93,81.9,84.7199533,High Risk
33.95,28.98,93.0,83.156686,Needs Attention
30.66,23.68,80.0,72.79535999999999,Good
33.79,31.91,75.3,85.1671477,High Risk
34.64,28.79,88.8,82.2313648,Needs Attention
37.34,33.65,100.0,92.57,High Risk
32.92,26.17,86.0,77.48083799999999,Needs Attention
31.3,22.59,77.5,70.8475775,Good
33.21,28.86,80.2,81.1222628,Needs Attention
34.8,34.18,78.1,89.2451342,High Risk
33.23,29.64,75.2,81.62118720000001,Needs Attention
32.71,28.2,100.0,82.75999999999999,Needs Attention
32.62,25.52,66.0,74.20796800000001,Good
37.16,36.03,88.9,94.4819633,High Risk
32.72,24.88,73.5,74.04623199999999,Good
32.33,26.1,57.2,74.041308,Good
33.55,31.28,72.7,83.7538544,Needs Attention
31.84,21.58,68.4,68.61171279999999,Good
33.82,34.1,81.9,89.85792099999999,High Risk
33.56,31.5,76.1,84.664485,High Risk
35.0,32.6,62.7,83.97569800000001,Needs Attention
33.94,31.23,92.7,87.0009079,High Risk
31.99,28.36,88.1,81.4086084,Needs Attention
33.77,24.75,94.0,75.93785000000001,Needs Attention
33.96,28.44,77.8,80.11605680000001,Needs Attention
31.67,25.1,74.6,74.50055400000001,Good
33.76,30.94,83.4,84.98112040000001,High Risk
33.63,32.23,68.1,84.39714369999999,High Risk
35.49,34.91,76.6,90.09694939999999,High Risk
33.66,30.49,72.9,82.57713790000001,Needs Attention
36.19,32.7,57.5,83.17897500000001,High Risk
33.29,27.81,76.5,78.94850349999999,Needs Attention
33.46,27.09,69.7,76.9687127,Needs Attention
35.34,30.89,72.1,83.0595731,Needs Attention
33.99,27.45,79.4,78.75764699999999,Needs Attention
33.24,30.08,90.3,84.6425176,High Risk
33.02,24.76,64.8,72.9732352,Good
33.87,25.47,71.0,74.680563,Good
35.37,31.54,65.8,82.98378679999999,Needs Attention
35.81,32.55,65.0,84.31642500000001,High Risk
35.54,25.06,67.9,73.7344826,Needs Attention
34.12,31.68,72.6,84.3486832,High Risk
32.75,26.87,82.0,78.151766,Needs Attention
32.82,29.07,78.8,81.25638839999999,Needs Attention
32.84,34.67,62.3,86.8572159,High Risk
35.47,32.23,90.5,88.3412685,High Risk
34.02,32.18,86.3,87.5185266,High Risk
36.01,36.64,64.2,90.0854512,High Risk
34.11,26.18,89.7,77.9273254,Needs Attention
31.94,25.06,78.9,74.8905166,Good
32.28,26.11,73.1,75.89134589999999,Needs Attention
35.07,27.98,79.3,79.5901586,Needs Attention
31.84,20.0,74.7,66.60849999999999,Good
32.94,28.17,81.5,80.1921645,Needs Attention
32.32,26.82,77.2,77.48258960000001,Needs Attention
34.2,32.14,71.0,84.771606,High Risk
35.34,30.41,50.7,78.9456913,Needs Attention
33.84,26.6,81.3,77.62964199999999,Needs Attention
34.34,31.36,70.5,83.507812,Needs Attention
35.71,31.89,84.3,86.6904373,High Risk
34.34,25.93,80.8,76.49082560000001,Needs Attention
35.46,27.03,70.8,77.01576759999999,Needs Attention
34.42,20.1,87.3,67.46892700000001,Good
32.6,24.64,77.5,74.08094,Good
34.09,26.03,77.0,76.21596900000002,Needs Attention
33.41,29.3,73.3,80.813231,Needs Attention
35.33,25.22,95.2,76.8839456,Needs Attention
34.83,26.95,66.4,76.350152,Needs Attention
33.13,24.1,71.1,72.617449,Good
35.99,29.68,60.2,79.4208864,High Risk
34.9,30.7,83.7,84.63684099999999,High Risk
34.45,30.61,68.0,81.976752,Needs Attention
33.01,29.05,69.4,79.86539299999998,Needs Attention
32.64,22.84,68.8,70.51878079999999,Good
32.3,26.52,75.8,76.8429384,Needs Attention
34.17,27.37,60.0,76.14748,Needs Attention
34.15,27.39,48.1,74.65044409999999,Good
33.6,29.3,80.5,81.87213500000001,Needs Attention
36.34,34.7,49.6,84.353288,High Risk
35.72,32.25,85.2,87.44113000000002,High Risk
33.04,25.05,93.7,76.4285315,Needs Attention
36.47,31.71,73.0,84.462917,High Risk
33.68,31.56,90.6,87.21522639999999,High Risk
32.81,25.78,74.7,75.5647834,Needs Attention
33.41,32.4,94.2,89.288992,High Risk
33.14,28.36,69.5,78.846198,Needs Attention
32.48,23.36,46.6,69.3347024,Good
32.57,30.82,74.0,83.260932,Needs Attention
34.39,29.87,95.5,85.07879150000001,High Risk
34.44,28.09,81.4,80.0493074,Needs Attention
33.66,28.85,68.8,79.480412,Needs Attention
30.7,26.12,78.9,76.57709320000001,Needs Attention
33.96,31.44,86.7,86.3541952,High Risk
32.41,28.83,74.0,80.191158,Needs Attention
33.28,29.67,100.0,85.406,High Risk
35.29,30.43,68.8,81.8363816,Needs Attention
30.59,24.38,87.0,74.605294,Good
32.25,25.42,84.1,76.0283378,Needs Attention
32.68,20.16,66.6,66.3980944,Good
33.52,31.26,69.9,83.2571326,Needs Attention
32.03,24.15,87.2,74.240112,Good
35.64,29.53,76.7,81.6742149,High Risk
34.34,30.48,79.1,83.5460832,Needs Attention
35.02,31.41,55.4,81.0470286,Needs Attention
33.18,24.18,82.9,73.8758678,Good
33.79,28.74,78.4,80.6750384,Needs Attention
36.17,35.68,74.2,90.80001440000001,High Risk
36.79,35.86,79.3,92.1593102,High Risk
32.97,32.95,70.1,85.8321705,High Risk
33.94,30.35,67.9,81.5753735,Needs Attention
32.86,24.98,72.1,74.0539742,Good
34.93,31.87,69.4,84.0871022,High Risk
34.46,28.37,100.0,83.066,Needs Attention
34.38,31.24,85.9,85.8875084,High Risk
36.34,26.47,63.4,75.2886602,Needs Attention
34.55,28.31,99.4,82.8756386,Needs Attention
35.06,29.66,69.8,80.8388532,Needs Attention
32.82,29.99,75.4,82.1960354,Needs Attention
33.37,30.97,85.8,85.4228374,High Risk
32.59,26.68,51.4,74.1369848,Good
33.82,23.63,72.2,72.00595139999999,Good
34.13,35.5,68.1,89.250445,High Risk
34.85,38.96,77.5,96.66716,High Risk
33.05,30.79,79.4,84.08848739999999,High Risk
35.12,23.7,74.1,72.286783,Good
32.95,25.91,73.5,75.63001150000001,Needs Attention
34.58,31.04,87.8,85.8675888,High Risk
33.75,34.36,78.6,89.6286904,High Risk
33.59,24.15,75.5,73.1159175,Good
32.0,28.5,76.8,80.07172000000001,Needs Attention
32.98,29.78,97.0,85.14853400000001,High Risk
33.73,32.46,77.1,86.34369339999999,High Risk
33.62,27.63,68.8,77.6612456,Needs Attention
31.74,22.74,52.1,68.99816459999998,Good
35.57,31.48,57.8,81.5468856,High Risk
35.05,33.5,69.4,86.52731000000001,High Risk
33.01,28.67,73.7,79.90209209999999,Needs Attention
34.92,30.62,68.3,82.03962539999999,Needs Attention
32.97,27.1,79.2,78.173968,Needs Attention
32.49,25.62,68.2,74.5977116,Good
35.33,33.11,64.0,84.945596,High Risk
31.8,30.55,82.4,84.183768,High Risk
34.75,30.96,91.4,86.32186560000001,High Risk
34.26,35.01,61.7,87.2201583,High Risk
32.21,24.78,77.9,74.34268380000002,Good
35.02,26.79,52.1,74.36761410000001,Good
33.35,29.63,57.3,78.9146101,Needs Attention
34.11,26.74,67.9,76.2245954,Needs Attention
36.29,32.13,88.6,87.8380082,High Risk
33.89,28.25,65.7,78.1620475,Needs Attention
32.68,25.03,65.2,73.4070644,Good
33.48,29.26,75.4,81.05981960000001,Needs Attention
35.21,29.68,75.4,81.71353280000001,Needs Attention
36.55,32.74,65.6,84.7012656,High Risk
33.56,30.57,98.8,86.83442840000001,High Risk
33.13,30.84,71.8,82.9346888,Needs Attention
33.43,30.28,76.4,82.8041808,Needs Attention
34.43,28.25,70.2,78.777085,Needs Attention
35.48,26.14,80.3,76.77101579999999,Needs Attention
34.43,30.16,89.8,84.70104320000002,High Risk
31.98,27.67,95.0,81.151335,Needs Attention
35.73,35.76,65.9,89.1720816,High Risk
37.47,34.37,88.2,91.5382966,High Risk
35.68,31.53,81.6,85.6416952,High Risk
35.78,30.51,86.7,84.8026483,High Risk
32.44,28.65,73.9,79.89942649999999,Needs Attention
33.31,23.96,72.8,72.5656512,Good
32.61,28.14,86.2,80.7809132,Needs Attention
34.73,29.41,86.5,82.9378535,Needs Attention
34.44,29.92,93.8,84.90611039999999,High Risk
35.7,30.88,77.4,83.9067088,High Risk
34.89,32.69,73.7,86.0914047,High Risk
32.78,26.23,45.5,72.8551035,Good
32.71,26.27,55.7,74.09966610000001,Good
34.64,34.8,70.3,88.65485599999998,High Risk
33.86,32.08,61.8,83.07458559999999,Needs Attention
34.6,27.44,84.8,79.43642879999999,Needs Attention
34.76,28.57,59.3,77.7343899,Needs Attention
32.27,28.59,69.0,79.120729,Needs Attention
33.76,29.13,69.5,79.9996965,Needs Attention
34.13,30.89,89.5,85.8924845,High Risk
35.02,39.14,67.7,94.5551022,High Risk
36.08,29.76,80.4,82.59616960000001,High Risk
35.54,31.65,77.3,85.10339549999999,High Risk
33.15,22.25,85.8,70.952695,Good
34.52,27.06,85.2,78.85956879999999,Needs Attention
34.04,33.92,74.6,88.15867680000001,High Risk
34.05,30.61,54.6,79.8322294,Needs Attention
31.21,20.0,72.2,66.471,Good
34.45,31.7,74.8,84.755084,High Risk
35.53,36.67,78.4,93.2532872,High Risk
32.97,21.02,66.1,67.6291778,Good
36.1,35.08,88.7,92.8355004,High Risk
32.52,20.0,75.2,66.636,Good
33.68,32.75,64.0,84.4259,High Risk
32.48,28.97,69.5,79.7600085,Needs Attention
32.37,20.0,98.1,67.8955,Good
35.41,30.78,83.0,84.654726,High Risk
34.6,33.6,87.6,90.128464,High Risk
32.62,30.46,62.5,80.882225,Needs Attention
36.04,31.34,66.7,82.84204220000001,High Risk
33.81,27.35,66.8,76.988202,Needs Attention
32.36,21.55,77.2,69.186134,Good
33.2,31.77,72.9,84.53772670000001,High Risk
35.11,36.0,69.1,90.20594,High Risk
35.22,33.52,70.6,86.78386880000001,High Risk
32.56,21.05,65.5,67.6338725,Good
31.88,22.94,72.8,71.0043168,Good
32.97,25.62,88.4,76.8325992,Needs Attention
31.87,22.63,56.8,69.2332016,Good
35.23,29.18,79.2,81.4896544,Needs Attention
34.82,30.57,91.6,85.6849988,High Risk
32.08,23.28,72.8,71.52476159999999,Good
34.5,32.11,68.7,84.3239743,High Risk
34.43,31.4,86.1,86.186746,High Risk
32.82,26.81,63.2,75.75298079999999,Needs Attention
33.19,28.31,74.7,79.4850943,Needs Attention
31.12,21.2,62.5,67.652,Good
32.52,27.67,52.6,75.5997758,Needs Attention
33.85,29.03,73.2,80.3841604,Needs Attention
33.59,29.67,59.8,79.3465334,Needs Attention
36.25,30.52,74.9,82.9413852,High Risk
34.43,29.98,88.4,84.1798968,High Risk
32.45,27.94,97.3,81.9312638,Needs Attention
32.55,30.14,76.1,82.53827460000001,Needs Attention
34.86,33.01,87.2,89.0653728,High Risk
33.27,28.62,79.8,80.68117240000001,Needs Attention
35.15,30.27,70.4,81.84847919999999,Needs Attention
33.8,28.26,51.9,76.28917059999999,Needs Attention
31.4,26.41,94.5,78.8864755,Needs Attention
33.2,31.09,62.4,81.7658584,Needs Attention
32.65,26.78,91.6,79.1781752,Needs Attention
34.41,30.54,81.4,84.00816440000001,High Risk
32.78,29.11,63.3,79.06956369999999,Needs Attention
33.59,27.78,78.7,79.1919314,Needs Attention
32.23,27.69,100.0,81.84200000000001,Needs Attention
35.09,26.97,93.4,79.72758019999999,Needs Attention
34.04,22.42,68.8,69.89251039999999,Good
35.32,30.53,66.5,81.6192255,Needs Attention
34.11,29.93,76.2,82.2252934,Needs Attention
33.64,32.4,73.0,85.52047999999999,High Risk
34.62,26.87,89.4,79.0620622,Needs Attention
35.05,36.58,83.9,94.3158138,High Risk
34.09,27.48,54.7,75.6179444,Needs Attention
32.45,25.5,80.5,75.765725,Needs Attention
32.99,25.03,72.9,74.2140013,Good
31.59,22.06,75.4,69.8533076,Good
35.22,35.13,78.0,90.72868600000001,High Risk
35.52,34.48,89.4,91.96146879999999,High Risk
33.74,31.4,86.7,86.28746199999999,High Risk
34.39,25.42,66.0,74.061628,Good
35.47,36.25,74.3,91.7020125,High Risk
32.68,27.59,69.6,77.70571360000001,Needs Attention
32.12,27.92,54.8,76.2259584,Needs Attention
35.17,34.75,73.7,89.26304250000001,High Risk
34.13,31.64,97.1,88.45831559999999,High Risk
35.34,37.8,54.5,89.51948999999999,High Risk
34.37,29.99,74.7,82.0883047,Needs Attention
33.98,27.41,74.3,78.03917369999999,Needs Attention
33.07,26.55,78.5,77.21333249999999,Needs Attention
31.21,21.61,63.4,68.30163259999999,Good
32.9,27.89,57.9,76.5980269,Needs Attention
35.14,33.58,58.5,84.58215699999998,High Risk
34.3,31.4,91.0,87.00926,High Risk
33.22,29.08,63.2,79.0119744,Needs Attention
32.2,25.02,69.0,73.790362,Good
34.44,29.91,100.0,85.838,High Risk
34.31,33.05,66.2,85.264209,High Risk
34.72,30.72,79.1,83.92842479999999,Needs Attention
34.62,29.67,87.8,83.5670574,Needs Attention
32.78,25.81,87.2,77.0177568,Needs Attention
35.25,32.47,59.0,83.12942699999999,Needs Attention
32.02,20.0,66.4,66.152,Good
34.25,30.53,78.6,83.5461142,Needs Attention
33.79,39.28,98.1,102.23684320000001,High Risk
31.62,22.97,65.9,70.46785770000001,Good
32.68,28.03,69.1,78.29804270000001,Needs Attention
33.41,28.97,80.0,81.26993999999999,Needs Attention
33.43,27.15,82.4,78.65618400000001,Needs Attention
35.74,33.15,83.2,88.558892,High Risk
36.21,30.89,64.8,81.8710528,High Risk
33.21,29.61,68.6,80.5836354,Needs Attention
34.96,32.19,77.6,86.0067456,High Risk
35.34,29.07,90.1,82.89254929999998,Needs Attention
35.58,40.0,72.1,96.9413,High Risk
35.1,29.61,74.7,81.4994833,Needs Attention
33.24,29.78,62.7,79.94103940000001,Needs Attention
32.41,22.16,97.4,71.68940160000001,Good
32.79,26.83,76.9,77.46154729999999,Needs Attention
33.06,33.59,87.9,90.16855390000002,High Risk
31.32,23.66,75.4,72.3436436,Good
32.89,20.37,76.0,67.258088,Good
34.88,29.13,57.0,78.18235899999999,Needs Attention
36.24,34.48,49.2,83.98771839999999,High Risk
33.94,29.17,90.0,83.04817,Needs Attention
32.54,27.66,75.9,78.63490060000001,Needs Attention
31.82,21.57,77.5,69.2387825,Good
32.72,30.81,60.0,80.97724,Needs Attention
32.85,31.65,64.2,82.872007,Needs Attention
32.5,21.87,87.7,70.4617901,Good
35.09,33.54,95.9,91.5969114,High Risk
37.61,32.06,67.5,84.040195,High Risk
34.53,33.53,83.1,89.16079570000001,High Risk
32.94,31.33,77.3,84.5993091,High Risk
34.11,31.61,73.6,84.41161039999999,High Risk
33.86,31.08,97.2,87.48286239999999,High Risk
33.95,32.47,69.6,85.0210288,High Risk
32.55,21.72,89.9,70.3685172,Good
31.41,23.0,79.6,71.67212,Good
33.23,26.06,74.8,76.0101512,Needs Attention
35.88,28.48,91.5,82.082908,High Risk
35.29,30.55,78.5,83.56193250000001,Needs Attention
34.24,30.3,73.8,82.42738599999998,Needs Attention
35.53,33.47,91.6,90.6638348,High Risk
34.22,33.59,90.0,90.56659000000002,High Risk
32.73,25.51,89.4,76.7567806,Needs Attention
35.1,29.95,40.0,76.69969999999999,Needs Attention
31.79,25.61,80.3,75.9203817,Needs Attention
34.2,28.25,77.5,79.7748125,Needs Attention
36.29,30.29,74.6,82.53747659999999,High Risk
31.71,20.0,82.3,67.0265,Good
35.37,38.64,78.1,96.3061616,High Risk
33.91,31.27,83.1,85.4709163,High Risk
33.33,26.62,71.8,76.5168284,Needs Attention
36.22,36.71,93.0,96.534997,High Risk
34.25,27.61,84.3,79.65167770000001,Needs Attention
33.82,29.53,81.5,82.3910805,Needs Attention
34.29,27.05,80.9,78.3064155,Needs Attention
35.33,35.61,88.9,93.7721171,High Risk
34.39,28.58,87.3,81.6667366,Needs Attention
32.89,29.6,73.6,81.318944,Needs Attention
36.23,33.82,86.9,90.3631842,High Risk
34.37,31.34,77.1,84.58160860000001,High Risk
31.18,28.78,98.0,83.520156,Needs Attention
36.08,33.44,88.2,89.9729392,High Risk
35.74,39.15,67.5,94.52098749999999,High Risk
33.6,30.27,100.0,86.48599999999999,High Risk
33.25,29.47,49.8,77.57859939999999,Needs Attention
34.23,29.68,82.6,82.79952320000001,Needs Attention
33.95,34.24,66.6,87.0864016,High Risk
32.7,26.6,97.6,79.591184,Needs Attention
32.98,27.89,78.0,79.273558,Needs Attention
32.21,22.85,65.5,70.25908249999999,Good
32.29,24.26,71.8,72.92769320000001,Good
34.05,26.93,66.4,76.3208048,Needs Attention
33.9,28.78,71.3,79.7308386,Needs Attention
35.47,36.08,71.1,90.7538512,High Risk
34.68,31.14,66.0,82.43227599999999,Needs Attention
32.89,25.35,78.2,75.27636299999999,Needs Attention
32.2,26.09,79.7,76.62159270000001,Needs Attention
36.42,34.5,63.0,86.75365,High Risk
35.44,33.51,55.1,83.84316989999999,Needs Attention
35.17,29.11,78.7,81.3054743,Needs Attention
36.23,27.23,81.4,78.65966780000001,Needs Attention
34.19,33.5,83.8,89.24387000000002,High Risk
30.79,25.03,81.6,75.1257352,Needs Attention
32.91,30.57,93.9,86.0521777,High Risk
37.55,38.09,87.0,97.51881700000001,High Risk
33.77,29.82,100.0,85.676,High Risk
32.7,25.9,100.0,78.62,Needs Attention
31.78,30.64,53.9,79.7605104,Needs Attention
33.31,27.12,48.6,74.3659168,Good
31.61,23.42,74.9,71.9256642,Good
33.61,31.8,81.1,85.992602,High Risk
35.36,33.47,74.1,87.3676573,High Risk
32.53,27.76,83.4,79.7797216,Needs Attention
32.56,27.49,71.8,77.83994179999999,Needs Attention
33.1,25.15,66.7,73.74069949999999,Good
34.37,28.4,68.5,78.76796,Needs Attention
32.89,26.75,72.6,76.81199500000001,Needs Attention
34.21,24.96,85.1,75.3768504,Needs Attention
34.06,36.57,69.2,91.07947560000001,High Risk
32.76,30.87,71.5,82.9315295,Needs Attention
32.77,31.29,81.8,85.2867678,High Risk
34.04,32.53,72.6,85.6481122,High Risk
34.62,32.08,88.4,87.7187328,High Risk
32.49,27.35,64.0,76.63046,Needs Attention
32.65,30.09,61.4,80.1832074,Needs Attention
33.83,27.92,78.7,79.4144096,Needs Attention
34.79,30.75,79.9,84.1053575,High Risk
34.92,30.37,64.6,81.08472979999999,Needs Attention
34.18,27.47,91.1,80.29831829999999,Needs Attention
31.81,23.68,98.1,74.4502792,Good
34.07,29.58,67.5,80.374135,Needs Attention
33.98,28.18,92.8,81.7449296,Needs Attention
31.76,21.44,46.4,66.87987840000001,Good
34.25,31.03,87.9,85.86721630000001,High Risk
33.35,32.86,64.7,84.7123158,High Risk
35.16,39.11,86.7,99.15028629999999,High Risk
33.72,27.44,63.5,76.696056,Needs Attention
34.63,26.85,74.2,77.16137300000001,Needs Attention
33.85,24.56,65.3,72.7330032,Good
34.46,29.83,72.4,81.49005079999999,Needs Attention
35.55,29.81,97.0,85.201643,High Risk
32.98,25.75,73.7,75.40637249999999,Needs Attention
32.26,28.3,100.0,82.94,Needs Attention
31.37,21.09,70.4,68.0145864,Good
33.72,32.71,92.9,89.5941141,High Risk
33.6,25.92,55.5,73.60044400000001,Good
34.52,28.86,71.6,79.8949224,Needs Attention
33.22,23.29,68.6,71.17227059999999,Good
34.3,26.67,93.5,79.2192855,Needs Attention
34.85,27.88,77.2,79.1513264,Needs Attention
32.81,28.95,49.9,76.9153895,Needs Attention
34.04,30.92,59.3,81.0175044,Needs Attention
34.2,34.76,62.8,87.0861872,High Risk
34.88,31.93,86.2,87.0851234,High Risk
34.15,32.85,84.7,88.34211049999999,High Risk
36.11,34.78,71.4,88.84619080000002,High Risk
34.78,31.28,68.4,83.0371648,Needs Attention
33.0,28.85,83.6,81.591114,Needs Attention
35.37,33.04,61.4,84.3658944,High Risk
33.35,33.29,80.5,88.28386549999999,High Risk
34.49,31.59,79.5,85.38230949999999,High Risk
32.45,23.18,71.7,71.2765594,Good
33.77,25.63,79.8,75.8971126,Needs Attention
32.24,27.9,76.2,79.049602,Needs Attention
32.95,32.12,81.0,86.491228,High Risk
34.36,28.91,59.0,78.166431,Needs Attention
34.26,33.55,82.4,89.06104799999999,High Risk
35.99,34.26,87.3,91.1765902,High Risk
34.07,33.8,78.9,88.796818,High Risk
35.49,33.82,82.2,89.4616396,High Risk
33.14,24.85,73.7,74.0207055,Good
34.3,30.93,85.7,85.34013990000001,High Risk
32.16,26.57,75.8,76.92095939999999,Needs Attention
32.83,22.4,61.2,69.264112,Good
32.58,27.85,84.8,80.112732,Needs Attention
34.17,34.3,55.4,84.972978,High Risk
32.84,30.84,78.4,84.0059744,High Risk
35.17,37.07,70.4,92.0958072,High Risk
34.8,29.71,69.6,80.88367840000001,Needs Attention
35.86,38.79,77.1,96.3026191,High Risk
33.44,29.71,66.5,80.41517850000001,Needs Attention
33.82,29.09,81.1,81.62167009999999,Needs Attention
32.77,23.88,75.7,72.71408840000001,Good
34.65,33.44,67.6,86.0989856,High Risk
33.46,26.99,91.1,79.47661109999999,Needs Attention
32.25,26.41,77.5,76.87267250000001,Needs Attention
34.82,34.12,82.6,90.02668879999999,High Risk
33.05,33.63,92.0,91.014504,High Risk
35.12,33.53,91.8,90.80463460000001,High Risk
32.42,27.55,82.0,79.25459000000001,Needs Attention
34.72,28.8,71.4,79.775368,Needs Attention
31.45,28.76,57.8,77.7872472,Needs Attention
35.83,32.13,77.5,85.8945425,High Risk
33.47,35.21,88.1,92.9316099,High Risk
32.91,30.47,79.3,83.5618829,Needs Attention
35.55,36.9,40.0,85.0814,High Risk
34.97,32.59,85.4,88.03924140000001,High Risk
33.26,28.06,86.2,80.64784279999999,Needs Attention
35.17,32.31,71.4,85.09954660000001,High Risk
34.35,35.82,86.9,93.7038042,High Risk
34.94,36.99,82.5,94.6759825,High Risk
34.38,33.75,66.8,86.40465,High Risk
33.24,29.1,90.3,82.97262699999999,Needs Attention
31.79,28.13,59.8,77.1874226,Needs Attention
34.14,31.3,74.3,84.051441,High Risk
36.82,35.7,73.1,90.599433,High Risk
35.02,30.74,65.1,81.7017226,Needs Attention
32.91,30.82,78.6,84.0066748,High Risk
33.17,29.21,90.7,83.2185353,Needs Attention
34.52,27.69,90.0,80.53069,Needs Attention
33.83,28.35,83.7,80.7860605,Needs Attention
34.3,29.54,54.6,78.3871516,Needs Attention
35.48,35.87,59.0,87.869367,High Risk
33.92,28.04,77.0,79.376292,Needs Attention
35.38,29.21,74.6,80.8650534,Needs Attention
33.09,25.54,69.0,74.56677400000001,Good
33.36,31.87,97.9,89.0037227,High Risk
35.37,34.47,76.3,89.34740389999999,High Risk
34.49,35.5,81.5,92.04367500000001,High Risk
33.76,29.81,86.9,83.6652411,Needs Attention
35.7,31.3,75.7,84.285059,High Risk
32.84,28.39,100.0,83.102,Needs Attention
33.66,31.11,63.7,82.0088993,Needs Attention
34.38,30.26,67.7,81.4106598,Needs Attention
33.25,29.23,63.7,79.3005149,Needs Attention
34.69,29.55,93.8,84.26282099999999,High Risk
33.17,30.81,84.6,84.96290739999999,High Risk
32.57,27.82,68.5,77.904833,Needs Attention
35.22,28.03,64.6,77.6928062,Needs Attention
33.69,35.83,91.6,94.7155772,High Risk
35.84,39.84,79.3,98.5076888,High Risk
34.4,24.18,91.9,74.7433058,Good
32.67,23.96,74.3,72.7069572,Good
34.15,25.17,81.1,75.2991413,Needs Attention
34.2,28.59,78.6,80.4651226,Needs Attention
34.41,32.58,67.5,84.808885,High Risk
34.06,31.37,73.3,83.99206790000001,Needs Attention
31.93,29.69,60.8,79.52550480000001,Needs Attention
33.84,31.12,80.9,84.8628192,High Risk
33.36,26.23,84.1,77.3588357,Needs Attention
33.71,28.02,86.9,80.6753862,Needs Attention
35.9,28.92,83.0,81.619764,High Risk
32.69,22.66,73.5,70.63264900000001,Good
33.34,24.35,93.6,75.20238400000001,Needs Attention
33.85,24.51,85.7,74.69301929999999,Good
34.8,32.06,91.7,88.2605298,High Risk
33.82,29.98,92.4,84.79510479999999,High Risk
34.12,31.44,73.5,84.133216,High Risk
33.67,21.64,79.7,69.50590919999999,Good
32.91,23.07,84.3,72.18532990000001,Good
34.08,31.65,61.2,82.361002,Needs Attention
32.46,20.0,61.5,65.8825,Good
33.77,33.9,59.4,85.20003399999999,High Risk
32.37,21.71,73.7,69.1862673,Good
35.77,32.37,71.0,85.11957299999999,High Risk
32.79,25.45,57.8,73.212099,Good
36.2,33.2,76.8,87.452224,High Risk
36.05,40.0,73.9,97.3967,High Risk
31.85,20.0,89.2,67.406,Good
34.36,31.78,99.2,89.06670240000001,High Risk
31.97,21.77,80.5,69.77180150000001,Good
32.26,30.71,66.6,81.8996314,Needs Attention
34.33,28.17,82.8,80.3688124,Needs Attention
35.78,29.52,75.1,81.4197248,High Risk
33.4,25.35,72.1,74.61777649999999,Good
34.81,32.12,64.7,83.6389236,Needs Attention
32.38,23.21,69.4,71.12256260000001,Good
35.74,33.97,72.9,87.9074887,High Risk
33.34,27.36,84.6,79.27889439999998,Needs Attention
32.82,23.39,81.1,72.4281971,Good
33.57,35.38,96.9,95.0414878,High Risk
33.17,28.73,83.1,81.3238837,Needs Attention
35.56,36.63,80.1,93.56322370000001,High Risk
35.49,33.89,71.3,87.47693430000001,High Risk
33.9,25.81,62.6,74.2497894,Good
32.21,28.66,68.2,79.11265879999999,Needs Attention
32.47,29.48,66.6,80.09234319999999,Needs Attention
35.45,35.11,44.3,83.80239270000001,Needs Attention
34.96,30.75,62.9,81.3611325,Needs Attention
34.65,29.71,94.2,84.6014518,High Risk
32.07,28.2,79.4,79.954692,Needs Attention
33.57,28.8,70.5,79.64746,Needs Attention
34.71,34.22,79.8,89.6412844,High Risk
34.14,29.01,51.6,77.2387684,Needs Attention
32.46,27.42,78.4,78.5813072,Needs Attention
31.48,26.74,90.3,78.95125780000001,Needs Attention
33.41,26.78,73.5,76.96776700000001,Needs Attention
33.05,23.39,53.7,70.0016257,Good
34.01,26.0,70.0,75.36800000000001,Needs Attention
34.58,34.99,90.4,93.0293504,High Risk
34.23,28.17,78.1,79.7301623,Needs Attention
34.7,31.82,58.0,82.05124400000001,Needs Attention
33.09,20.0,100.0,68.0,Good
34.1,31.27,60.0,81.62308,Needs Attention
32.01,28.35,72.1,79.18914649999999,Needs Attention
33.25,27.07,62.6,76.05126179999999,Needs Attention
33.92,29.72,62.6,79.8400728,Needs Attention
33.77,27.02,69.6,76.85126079999999,Needs Attention
30.62,20.5,82.6,67.85687,Good
36.13,32.69,90.5,89.12600549999999,High Risk
34.68,29.97,70.4,81.3963912,Needs Attention
33.36,27.74,62.9,77.0486754,Needs Attention
32.65,25.14,80.7,75.20840020000001,Needs Attention
34.24,23.12,81.1,71.9927168,Good
32.92,29.9,77.9,82.43847899999999,Needs Attention
36.1,35.45,78.3,91.2973765,High Risk
34.78,29.81,73.6,81.6420584,Needs Attention
32.39,23.47,76.2,72.11939860000001,Good
33.85,29.9,72.8,81.65812799999999,Needs Attention
33.62,28.79,87.8,82.0893438,Needs Attention
34.55,32.46,100.0,90.428,High Risk
33.65,31.43,77.2,84.74002039999999,High Risk
31.51,20.0,74.9,66.6195,Good
33.82,31.18,78.1,84.49556419999999,High Risk
32.61,24.99,67.1,73.5472071,Good
32.28,23.31,84.2,72.5712498,Good
31.53,28.25,80.3,80.15750249999999,Needs Attention
34.12,30.64,70.0,82.34192,Needs Attention
31.91,22.44,85.8,71.2679848,Good
32.58,31.82,75.2,85.0099536,High Risk
34.0,32.05,63.4,83.31080299999999,Needs Attention
33.39,29.19,79.2,81.5055952,Needs Attention
34.15,25.53,77.8,75.51761660000001,Needs Attention
32.43,25.08,86.5,75.722558,Needs Attention
35.12,33.1,85.0,88.80965,High Risk
33.74,22.96,73.7,71.1108048,Good
33.99,33.26,69.3,86.14938819999999,High Risk
33.53,28.34,75.0,79.57285,Needs Attention
35.18,28.62,79.4,80.62503720000001,Needs Attention
32.54,22.17,80.8,70.43752640000001,Good
33.92,28.41,78.6,80.1792574,Needs Attention
33.82,31.45,73.9,84.2159345,High Risk
33.25,23.65,87.0,73.385245,Good
34.06,30.99,66.9,82.3601869,Needs Attention
32.12,29.36,100.0,84.848,High Risk
32.87,26.42,84.2,77.68278360000001,Needs Attention
33.32,32.42,61.5,83.504617,Needs Attention
32.04,20.19,77.2,67.04511320000002,Good
34.17,30.39,84.3,84.22358229999999,High Risk
35.43,35.48,70.8,89.7830416,High Risk
34.89,34.76,57.1,85.93978039999999,High Risk
32.89,30.56,62.5,81.0251,Needs Attention
33.02,27.79,81.5,79.5777615,Needs Attention
33.75,26.46,53.9,74.1442206,Good
34.49,27.79,57.6,76.42006959999999,Needs Attention
33.32,31.18,81.4,85.0423148,High Risk
32.07,25.77,72.3,75.28019289999999,Needs Attention
36.06,32.03,66.7,83.8565699,High Risk
35.4,37.53,69.1,92.4918977,High Risk
33.73,28.75,57.4,77.716775,Needs Attention
31.96,23.62,80.8,72.77191040000001,Good
32.82,23.62,65.3,71.36392140000001,Good
37.3,32.11,68.6,84.3064854,High Risk
33.88,28.76,79.2,80.8201408,Needs Attention
35.36,32.51,71.9,85.4923431,High Risk
33.3,26.87,66.5,76.2450645,Needs Attention
33.44,32.32,51.1,81.5222648,Needs Attention
32.96,28.37,79.4,80.2260222,Needs Attention
32.11,26.07,75.9,76.1522587,Needs Attention
33.58,27.4,68.8,77.318288,Needs Attention
33.84,24.21,62.6,71.9622054,Good
35.44,36.96,75.2,92.9999808,High Risk
33.35,28.61,80.8,80.8054112,Needs Attention
35.0,31.58,76.2,84.8065204,High Risk
33.59,26.85,94.7,79.67908050000001,Needs Attention
31.74,24.79,83.5,74.9320535,Good
32.49,28.06,73.7,78.9629178,Needs Attention
35.39,33.4,83.9,89.098674,High Risk
33.03,26.92,75.6,77.4424048,Needs Attention
32.74,25.52,75.5,75.24962400000001,Needs Attention
33.67,29.62,90.6,83.9037628,Needs Attention
34.75,31.0,64.2,81.93238000000001,Needs Attention
35.16,35.57,75.3,90.8601679,High Risk
33.31,30.42,89.3,85.0637094,High Risk
33.58,31.58,78.7,85.2306254,High Risk
34.1,31.88,70.6,84.3092072,High Risk
33.05,24.39,54.5,71.42202449999999,Good
32.9,25.15,47.8,71.737583,Good
32.72,24.66,99.9,76.37788660000001,Needs Attention
32.68,23.67,78.7,72.6606071,Good
36.17,32.18,68.0,84.30537600000001,High Risk
33.23,30.16,79.2,83.0518528,Needs Attention
34.76,29.32,63.6,79.4154448,Needs Attention
31.47,20.0,71.0,66.405,Good
36.57,37.22,63.7,90.8111486,High Risk
31.13,25.42,58.0,73.192364,Good
35.15,37.21,49.7,87.64143630000001,High Risk
32.59,23.2,55.8,69.928744,Good
32.17,25.75,87.3,76.9285525,Needs Attention
34.12,20.19,63.2,66.24877920000002,Good
34.21,30.45,81.4,83.862737,Needs Attention
33.92,24.59,86.5,74.9060465,Good
33.61,24.71,75.2,73.95760080000001,Good
33.49,23.51,71.4,71.75117860000002,Good
34.14,32.11,76.6,85.7055974,High Risk
35.71,31.85,70.0,84.16055000000001,High Risk
35.91,36.25,89.4,94.961725,High Risk
33.19,26.26,97.5,78.975565,Needs Attention
34.11,29.88,92.4,84.62262879999999,High Risk
32.55,23.84,49.2,70.18678720000001,Good
33.48,27.66,69.8,77.83681320000001,Needs Attention
33.25,26.92,75.0,77.3683,Needs Attention
36.11,30.86,80.6,84.3952284,High Risk
36.08,33.07,54.3,83.09923990000001,High Risk
33.41,32.96,54.1,82.9143464,Needs Attention
34.05,25.63,90.7,77.10414589999999,Needs Attention
34.17,32.99,68.3,85.56184830000001,High Risk
34.81,28.82,57.2,77.7847896,Needs Attention
33.14,27.7,61.8,76.847014,Needs Attention
33.5,26.17,79.7,76.7495151,Needs Attention
33.11,26.76,65.1,75.9128524,Needs Attention
33.54,35.97,77.9,92.0364237,High Risk
35.51,30.23,63.3,80.6786341,High Risk
32.99,29.7,54.1,78.52772300000001,Needs Attention
33.57,27.95,92.1,81.2537305,Needs Attention
34.71,38.78,79.8,96.9373756,High Risk
35.49,34.22,71.0,87.918438,High Risk
32.94,26.12,68.7,75.3980956,Needs Attention
32.95,27.91,92.6,81.2515134,Needs Attention
32.48,28.14,82.1,80.2250106,Needs Attention
33.78,29.58,88.8,83.5657696,Needs Attention
31.81,26.2,68.0,75.43584,Needs Attention
34.16,30.76,75.6,83.4268144,Needs Attention
36.12,34.81,79.8,90.58529620000002,High Risk
30.42,23.75,68.4,71.83885,Good
32.33,24.49,73.9,73.48632889999999,Good
33.74,27.07,68.0,76.726224,Needs Attention
32.39,27.25,79.8,78.48914500000001,Needs Attention
35.76,36.99,59.1,89.4530791,High Risk
34.89,33.01,81.9,88.0912381,High Risk
33.54,32.78,78.7,87.1375814,High Risk
33.48,27.94,72.6,78.6311956,Needs Attention
34.21,27.85,80.4,79.528786,Needs Attention
31.75,23.19,70.6,71.1965186,Good
34.14,32.13,67.0,84.056129,High Risk
35.13,30.96,81.5,84.70317600000001,High Risk
33.96,34.14,82.0,89.942252,High Risk
33.94,28.16,68.9,78.4651176,Needs Attention
32.62,28.43,67.9,78.72953030000001,Needs Attention
33.69,29.68,72.8,81.32136960000001,Needs Attention
34.82,32.57,68.4,84.9556012,High Risk
30.36,23.12,93.3,73.0405504,Good
33.81,31.94,78.8,85.8200328,High Risk
34.07,28.92,75.2,80.50196160000002,Needs Attention
33.06,24.77,63.8,72.8855274,Good
31.56,20.66,83.9,68.1973026,Good
32.6,28.45,67.7,78.73144350000001,Needs Attention
35.42,34.79,67.2,88.0153912,High Risk
34.75,35.7,84.3,92.956249,High Risk
34.48,30.42,79.6,83.5295768,Needs Attention
35.61,36.85,45.0,86.130175,High Risk
33.26,28.83,73.1,80.0629827,Needs Attention
35.43,32.81,76.5,86.78525350000001,High Risk
32.8,27.2,70.9,77.28525200000001,Needs Attention
34.36,26.94,76.9,77.6343914,Needs Attention
34.35,26.29,53.3,73.8454443,Good
33.0,20.76,41.0,65.67908399999999,Good
36.56,34.15,63.3,86.3103805,High Risk
36.92,26.43,78.4,77.0110088,Needs Attention
33.2,25.79,40.0,71.68274,Good
32.97,24.28,64.9,72.28624280000001,Good
33.52,28.18,51.9,76.1832658,Needs Attention
34.09,36.05,72.1,90.9223295,High Risk
36.54,37.38,98.5,98.94340700000001,High Risk
33.03,22.36,72.4,70.08515359999998,Good
34.24,27.58,73.7,78.2238954,Needs Attention
33.92,24.86,85.1,75.21160139999999,Needs Attention
35.03,32.95,75.3,86.7848365,High Risk
33.31,30.15,72.4,81.978614,Needs Attention
32.88,26.45,86.1,77.9579155,Needs Attention
31.35,29.29,80.7,81.88545970000001,Needs Attention
33.21,27.09,78.5,78.0703935,Needs Attention
35.71,35.46,73.3,90.2729582,High Risk
33.92,31.19,70.8,83.30119479999999,Needs Attention
33.7,31.68,86.0,86.635152,High Risk
31.63,20.0,71.0,66.405,Good
34.74,28.73,89.8,82.2714446,Needs Attention
35.32,37.33,62.4,90.6750808,High Risk
36.43,34.3,92.2,92.20675399999999,High Risk
31.71,21.61,80.7,69.52887729999999,Good
33.64,27.75,63.4,77.128865,Needs Attention
32.35,24.19,81.1,73.7185091,Good
36.94,35.84,67.2,89.5644352,High Risk
34.06,29.98,75.4,82.1804708,Needs Attention
35.0,25.93,69.2,75.1718244,Needs Attention
33.35,29.14,73.4,80.5820724,Needs Attention
33.27,20.0,86.3,67.2465,Good
32.94,24.66,81.2,74.4866808,Good
34.48,29.15,61.5,78.8649775,Needs Attention
33.28,32.38,62.2,83.5721564,Needs Attention
32.46,21.23,78.2,68.7495414,Good
32.43,27.48,79.1,78.7668132,Needs Attention
34.74,33.04,66.9,85.3784224,High Risk
31.17,23.19,94.1,73.23117210000001,Good
33.8,29.92,84.8,83.52723839999999,Needs Attention
34.74,29.26,67.5,79.901095,Needs Attention
35.56,35.86,66.3,89.4031282,High Risk
34.19,28.08,72.3,78.8047216,Needs Attention
31.85,28.31,71.0,78.977199,Needs Attention
34.83,32.42,90.1,88.59421579999999,High Risk
34.06,23.69,86.8,73.4337908,Good
32.66,28.12,75.4,79.2854552,Needs Attention
35.22,27.18,83.1,78.79321420000001,Needs Attention
33.58,28.44,84.9,81.09980440000001,Needs Attention
32.62,32.39,75.7,85.98483769999999,High Risk
32.74,31.22,79.8,84.8412244,High Risk
34.98,26.01,82.1,76.7684679,Needs Attention
33.93,29.55,80.9,82.3336905,Needs Attention
36.23,34.96,65.7,87.9615328,High Risk
31.96,25.67,66.9,74.5274977,Good
33.92,29.58,71.5,80.973503,Needs Attention
33.55,28.23,66.5,78.2420205,Needs Attention
33.52,28.75,57.3,77.7026125,Needs Attention
32.05,22.48,83.1,71.1195712,Good
34.5,34.64,79.2,90.1933312,High Risk
34.28,25.9,58.9,73.958849,Good
34.79,33.1,72.1,86.42714900000001,High Risk
33.43,26.51,72.8,76.4689872,Needs Attention
34.28,26.5,77.2,76.97882,Needs Attention
33.59,33.85,62.0,85.62963,High Risk
32.86,32.98,58.8,83.8037176,Needs Attention
34.78,29.83,81.2,82.83044039999999,Needs Attention
35.4,32.04,56.6,82.1118936,Needs Attention
33.13,27.85,72.2,78.440523,Needs Attention
33.14,28.97,71.1,79.9900933,Needs Attention
32.6,26.35,73.5,76.3065775,Needs Attention
33.11,32.62,78.0,86.757364,High Risk
32.63,26.23,94.2,78.5372734,Needs Attention
35.47,34.94,55.8,85.92355479999999,High Risk
33.44,27.74,85.5,80.02342299999998,Needs Attention
34.17,29.08,44.9,76.3604508,Needs Attention
33.86,32.03,91.7,88.2089949,High Risk
34.53,29.1,50.5,77.198045,Needs Attention
33.0,27.81,100.0,82.05799999999999,Needs Attention
31.78,28.88,70.3,79.73951360000001,Needs Attention
34.7,32.58,90.5,88.938351,High Risk
34.98,26.35,88.0,78.01562,Needs Attention
33.1,28.5,69.8,79.09767000000001,Needs Attention
34.79,29.04,70.7,80.03826719999999,Needs Attention
33.63,32.46,65.0,84.18561,High Risk
34.22,28.6,84.4,81.293816,Needs Attention
36.72,36.23,69.9,90.7221223,High Risk
33.61,28.37,65.2,78.2683676,Needs Attention
33.31,28.05,81.4,79.984673,Needs Attention
33.47,28.32,64.2,78.0582256,Needs Attention
34.11,23.73,71.1,72.05730969999999,Good
33.23,24.85,76.3,74.2885445,Good
35.21,26.88,67.3,76.3582376,Needs Attention
34.86,33.54,69.1,86.5304786,High Risk
33.09,28.87,93.4,83.02343420000001,Needs Attention
32.79,27.06,72.5,77.273415,Needs Attention
34.74,33.91,70.7,87.3916263,High Risk
33.1,35.2,72.9,89.791492,High Risk
34.28,34.02,80.5,89.456939,High Risk
32.61,25.59,62.6,73.9352466,Good
33.52,27.02,80.1,78.1584898,Needs Attention
36.9,36.25,78.1,92.52233749999999,High Risk
33.94,29.96,53.5,78.78541399999999,Needs Attention
31.76,27.93,96.5,81.8067255,Needs Attention
33.45,31.87,92.5,88.0721525,High Risk
34.74,33.03,65.4,85.08770380000001,High Risk
33.33,26.71,61.5,75.4029835,Needs Attention
35.34,29.88,77.7,82.3762924,Needs Attention
35.31,32.71,57.9,83.2650991,Needs Attention
33.61,24.36,91.4,75.0037896,Needs Attention
33.51,29.05,69.4,79.86539299999998,Needs Attention
33.8,24.54,94.5,75.62229699999999,Needs Attention
32.11,25.07,65.1,73.45476430000001,Good
34.12,26.75,73.7,76.9460025,Needs Attention
33.83,30.91,90.2,86.0405118,High Risk
32.14,27.71,71.1,78.0825919,Needs Attention
35.64,26.41,78.3,76.96743970000001,Needs Attention
35.0,29.21,88.1,82.83846989999999,Needs Attention
32.42,24.41,68.3,72.8105097,Good
35.45,30.72,59.9,80.83476719999999,Needs Attention
33.11,33.53,57.5,84.32375250000001,High Risk
32.56,28.68,82.0,81.08722399999999,Needs Attention
33.41,28.19,79.7,79.9795557,Needs Attention
33.67,30.49,87.7,84.9281327,High Risk
31.48,20.89,71.7,67.7961487,Good
34.25,31.15,57.8,81.09075299999999,Needs Attention
35.42,40.0,46.8,90.54039999999999,High Risk
33.28,28.51,100.0,83.31800000000001,Needs Attention
33.86,28.52,81.3,80.73019239999999,Needs Attention
35.35,31.97,76.6,85.48602979999998,High Risk
34.92,35.58,78.3,91.5034486,High Risk
33.9,32.9,57.8,83.509638,Needs Attention
30.89,20.38,65.5,66.656711,Good
36.62,31.25,95.9,87.5678625,High Risk
37.29,39.29,82.9,98.51589589999999,High Risk
35.16,31.49,65.8,82.91071579999999,Needs Attention
33.07,24.38,60.3,71.97902859999999,Good
33.35,30.13,68.8,81.3890456,Needs Attention
32.42,23.88,71.2,72.2937344,Good
35.64,33.93,99.6,92.9968372,High Risk
30.88,25.18,72.7,74.4225014,Good
33.43,29.3,60.7,78.960149,Needs Attention
33.67,25.57,74.3,75.1953249,Needs Attention
32.24,26.81,78.2,77.58926579999999,Needs Attention
35.27,34.94,59.6,86.6945976,High Risk
34.12,29.41,79.8,81.9451882,Needs Attention
31.94,26.76,89.5,78.887798,Needs Attention
32.86,24.42,76.7,73.65493860000001,Good
33.54,21.51,65.4,68.29776460000001,Good
33.07,23.99,68.7,72.22411869999999,Good
34.39,29.45,55.1,78.33988049999999,Needs Attention
34.84,32.92,73.4,86.3906472,High Risk
33.32,26.76,78.7,77.5710188,Needs Attention
35.22,35.28,64.2,88.1194624,High Risk
32.07,26.13,98.3,78.83733209999998,Needs Attention
33.48,28.05,84.5,80.40222750000001,Needs Attention
32.12,24.68,53.5,71.712062,Good
35.42,32.96,53.7,82.8410248,Needs Attention
35.99,37.39,63.2,90.9424752,High Risk
32.9,21.95,93.9,71.05673949999999,Good
34.97,27.62,85.7,79.8507366,Needs Attention
34.41,34.06,94.5,92.23993300000001,High Risk
32.05,23.21,75.1,71.61720290000001,Good
33.84,31.27,72.5,83.7052425,Needs Attention
33.24,33.89,60.0,85.30156000000001,High Risk
32.39,29.31,79.2,81.69688479999999,Needs Attention
34.7,31.2,72.6,83.614888,Needs Attention
33.85,36.04,72.2,90.9284712,High Risk
34.29,36.79,94.4,96.9831624,High Risk
33.56,28.75,73.5,79.9969375,Needs Attention
32.9,26.87,91.0,79.258883,Needs Attention
33.76,25.32,55.9,72.8278412,Good
34.54,32.91,100.0,91.238,High Risk
31.88,23.51,70.5,71.6704045,Good
34.37,27.99,83.5,80.16933350000001,Needs Attention
35.44,29.41,85.4,82.7748786,Needs Attention
32.03,26.99,69.0,76.73176899999999,Needs Attention
34.15,30.12,84.8,83.8571424,Needs Attention
35.11,39.26,85.5,99.10572699999999,High Risk
32.94,28.51,66.4,78.63923360000001,Needs Attention
35.03,27.26,66.6,76.83040840000001,Needs Attention
36.39,33.06,75.5,86.99279700000001,High Risk
33.7,29.96,73.6,81.8728544,Needs Attention
34.93,34.76,91.7,92.89867079999999,High Risk
34.62,29.66,83.4,82.8874756,Needs Attention
32.87,28.01,74.2,78.95308580000001,Needs Attention
31.8,21.87,82.3,70.0648199,Good
33.0,22.52,50.4,68.5705792,Good
30.87,21.66,67.6,68.6735384,Good
34.9,30.52,78.5,83.514318,Needs Attention
31.17,23.55,88.4,73.344318,Good
34.48,34.02,77.4,88.8561652,High Risk
32.29,29.12,92.5,83.32633999999999,Needs Attention
33.84,28.02,85.4,80.47378920000001,Needs Attention
34.19,25.62,69.1,74.6972858,Good
35.14,31.49,73.3,84.17634829999999,High Risk
34.09,25.78,79.9,76.1483378,Needs Attention
31.61,25.06,69.6,73.9131424,Good
33.7,33.75,93.4,91.488575,High Risk
34.29,30.42,61.7,80.6985486,Needs Attention
34.16,28.06,78.8,79.65036719999999,Needs Attention
35.31,31.57,83.8,86.07940339999999,High Risk
33.19,29.04,71.2,80.1105152,Needs Attention
32.99,30.53,68.5,81.9377195,Needs Attention
34.54,25.73,74.1,75.42027069999999,Needs Attention
34.93,37.28,84.7,95.6450984,High Risk
33.26,26.68,69.0,76.268908,Needs Attention
35.02,35.22,62.2,87.6213716,High Risk
34.54,28.24,88.8,81.30234879999999,Needs Attention
34.61,32.23,79.8,86.4572446,High Risk
35.34,31.94,87.1,87.2576426,High Risk
33.47,33.59,84.1,89.44829810000002,High Risk
34.08,25.64,100.0,78.152,Needs Attention
33.02,33.3,88.4,89.77462799999999,High Risk
35.08,36.39,66.3,90.1803043,High Risk
34.96,27.97,80.6,79.7482818,Needs Attention
34.36,29.14,68.3,79.84009379999999,Needs Attention
33.66,26.91,69.6,76.6863664,Needs Attention
32.48,27.61,58.0,76.22376200000001,Needs Attention
34.41,35.85,71.6,90.511614,High Risk
34.11,24.98,81.5,75.034413,Needs Attention
33.37,25.23,74.2,74.6591534,Good
35.79,35.44,61.8,87.8519008,High Risk
34.27,31.5,56.7,81.388795,Needs Attention
35.14,37.48,100.0,99.464,High Risk
34.03,27.2,78.9,78.29549200000001,Needs Attention
34.03,29.51,65.1,79.91269989999999,Needs Attention
33.02,26.36,80.5,77.14770200000001,Needs Attention
32.54,29.57,100.0,85.226,High Risk
33.14,21.9,82.4,70.120944,Good
34.64,31.74,41.6,79.13240160000001,Needs Attention
33.41,30.29,100.0,86.52199999999999,High Risk
34.72,28.77,52.8,77.0919544,Needs Attention
35.14,27.44,72.5,77.85396,Needs Attention
33.22,25.42,61.4,73.56180119999999,Good
35.08,31.91,66.1,83.5763849,Needs Attention
33.36,24.32,78.4,73.66421120000001,Good
34.37,31.05,50.1,79.6866895,Needs Attention
35.19,37.3,73.9,93.234353,High Risk
36.67,34.94,88.8,92.61945279999999,High Risk
31.84,22.98,64.9,70.3979798,Good
33.94,26.85,58.3,75.20861450000001,Needs Attention
33.96,30.69,73.3,82.9478123,Needs Attention
34.05,28.72,70.9,79.5833552,Needs Attention
33.69,23.4,67.9,71.27401400000001,Good
33.73,30.54,60.7,80.70970220000001,Needs Attention
34.23,28.96,81.2,81.4263648,Needs Attention
35.47,36.66,82.1,94.05118139999999,High Risk
32.92,27.99,62.2,77.31298220000001,Needs Attention
35.77,33.67,63.9,85.7349787,High Risk
33.33,23.93,76.6,72.8765762,Good
32.49,24.89,63.4,73.01715739999999,Good
35.27,31.89,77.1,85.44691809999999,High Risk
33.82,33.33,92.6,90.6104442,High Risk
32.91,25.17,74.3,74.57709690000002,Good
35.03,29.1,60.4,78.634436,Needs Attention
33.27,23.47,79.7,72.43213410000001,Good
33.12,28.28,72.9,79.1920588,Needs Attention
35.05,32.35,73.2,85.479298,High Risk
33.89,27.26,80.7,78.61933180000001,Needs Attention
33.16,28.0,83.3,80.15886,Needs Attention
34.44,24.48,75.4,73.6199408,Good
32.51,26.41,74.3,76.49360370000001,Needs Attention
33.84,36.03,99.8,96.8112606,High Risk
34.53,29.29,89.4,83.1641074,Needs Attention
32.33,24.99,85.0,75.41598499999999,Needs Attention
34.79,27.74,76.6,78.85195159999999,Needs Attention
32.51,22.61,62.9,69.6988731,Good
33.05,24.94,88.5,75.697081,Needs Attention
33.93,34.44,76.7,89.37962519999999,High Risk
32.12,28.43,68.1,78.7572217,Needs Attention
37.55,36.56,72.1,91.6994624,High Risk
32.43,28.62,63.4,78.3796292,Needs Attention
34.12,28.86,87.7,82.19261780000001,Needs Attention
33.94,31.56,83.2,85.96134079999999,High Risk
31.47,20.0,77.2,66.746,Good
34.32,29.82,74.5,81.794441,Needs Attention
34.22,28.8,66.8,79.121616,Needs Attention
35.92,34.94,49.4,84.6249564,High Risk
33.9,32.86,58.0,83.49081199999999,Needs Attention
32.77,24.47,66.1,72.68132329999999,Good
34.12,33.97,64.3,86.2450829,High Risk
33.64,27.95,78.5,79.4353425,Needs Attention
32.28,25.38,84.7,76.02759139999999,Needs Attention
33.48,29.79,73.5,81.5960935,Needs Attention
33.16,28.19,91.9,81.6397439,Needs Attention
35.19,35.15,65.6,88.218516,High Risk
33.98,30.36,73.4,82.45679759999999,Needs Attention
34.32,29.82,74.4,81.7792192,Needs Attention
34.32,32.6,88.1,88.541094,High Risk
34.05,33.37,76.3,87.6254969,High Risk
34.5,32.13,76.6,85.7369642,High Risk
34.01,34.68,55.1,85.42909320000001,High Risk
34.7,31.43,64.2,82.5539794,Needs Attention
33.58,29.67,88.2,83.6273506,Needs Attention
34.88,33.96,50.1,83.4871204,Needs Attention
33.83,28.64,91.1,82.30122959999998,Needs Attention
35.17,29.13,81.0,81.671647,Needs Attention
35.42,35.89,66.0,89.383426,High Risk
35.06,35.49,65.0,88.589715,High Risk
34.36,28.97,97.8,83.82963339999999,Needs Attention
34.06,27.19,91.9,79.9199339,Needs Attention
34.63,34.85,73.6,89.396804,High Risk
34.04,32.2,76.6,85.846748,High Risk
33.78,30.26,67.2,81.3323728,Needs Attention
33.61,27.71,76.6,78.80490139999999,Needs Attention
33.23,30.33,66.9,81.38846229999999,Needs Attention
33.58,28.91,74.1,80.32888690000001,Needs Attention
33.1,26.34,96.7,79.0233722,Needs Attention
33.75,29.52,73.9,81.24062719999999,Needs Attention
35.02,30.06,62.4,80.29526560000001,Needs Attention
32.22,27.5,58.6,76.14905,Needs Attention
36.25,32.62,76.5,86.48745699999999,High Risk
34.7,34.16,65.9,86.8322256,High Risk
35.0,32.88,78.0,87.168736,High Risk
33.59,27.9,55.6,76.305476,Needs Attention
34.71,32.02,83.3,86.7302334,High Risk
32.81,29.31,62.3,79.2097287,Needs Attention
32.24,24.06,75.6,72.98526639999999,Good
35.13,31.69,70.9,84.0737279,High Risk
32.57,29.58,95.6,84.5846952,High Risk
35.0,39.37,77.1,97.21512729999999,High Risk
35.01,34.83,98.3,94.35091109999999,High Risk
34.69,31.84,81.7,86.1604472,High Risk
35.91,30.0,92.1,84.7834,High Risk
32.95,29.65,72.5,81.2302875,Needs Attention
31.46,24.99,79.1,74.8000191,Good
34.41,22.04,89.6,70.88996159999999,Good
34.29,25.51,85.9,76.3733591,Needs Attention
33.35,28.81,81.4,81.2127266,Needs Attention
32.49,20.58,71.1,67.2885562,Good
32.88,26.82,73.1,76.98026580000001,Needs Attention
33.86,28.01,88.7,80.9004213,Needs Attention
33.32,28.14,91.2,81.4588432,Needs Attention
36.24,26.35,67.9,75.6465335,Needs Attention
34.26,27.63,66.1,77.3087957,Needs Attention
35.25,35.9,64.2,89.015722,High Risk
32.47,31.65,85.0,86.414975,High Risk
34.35,26.76,63.8,75.7543512,Needs Attention
33.15,28.73,84.8,81.5643096,Needs Attention
33.01,28.89,81.5,81.35629650000001,Needs Attention
33.26,25.93,68.5,75.0922295,Needs Attention
33.27,25.92,93.8,77.9516304,Needs Attention
33.0,33.04,57.5,83.64792,Needs Attention
34.09,27.32,94.9,80.5259132,Needs Attention
32.84,24.62,78.8,74.1803544,Good
33.99,28.83,50.1,76.7873917,Needs Attention
34.46,29.47,94.1,84.1683573,High Risk
31.43,21.11,86.7,69.1203463,Good
34.8,28.84,69.9,79.62226840000001,Needs Attention
34.27,32.47,63.4,83.9146202,Needs Attention
36.51,30.8,56.2,80.347904,High Risk
34.68,37.92,100.0,100.256,High Risk
36.0,34.0,63.9,86.21104,High Risk
34.05,34.8,59.8,86.53889599999998,High Risk
38.19,40.0,78.2,98.4846,High Risk
33.45,32.03,55.3,81.8718641,Needs Attention
34.78,29.65,63.2,79.830312,Needs Attention
34.15,32.89,86.9,88.8097959,High Risk
33.9,26.76,80.6,77.8026744,Needs Attention
35.35,29.43,70.4,80.5826328,Needs Attention
32.2,26.41,75.2,76.60021680000001,Needs Attention
31.5,30.59,69.7,82.2188177,Needs Attention
35.44,26.39,74.3,76.4626923,Needs Attention
33.22,26.25,65.9,75.2645625,Needs Attention
31.38,30.65,68.0,82.03608,Needs Attention
33.86,28.45,67.7,78.73144350000001,Needs Attention
32.78,21.29,66.3,68.0381173,Good
31.89,23.18,87.5,72.642975,Good
32.14,24.41,84.2,74.3791878,Good
32.98,25.47,63.8,73.8946614,Good
35.11,30.66,60.7,80.8790138,Needs Attention
33.97,29.88,73.1,81.67335719999998,Needs Attention
35.87,33.26,100.0,91.868,High Risk
35.32,32.01,62.7,83.1315673,Needs Attention
34.35,33.29,73.1,86.90324009999999,High Risk
32.77,31.43,76.1,84.55504769999999,High Risk
33.66,29.84,73.7,81.7034592,Needs Attention
35.05,33.4,69.5,86.39637,High Risk
34.49,32.68,88.9,88.82009479999999,High Risk
34.57,30.5,80.5,83.800475,Needs Attention
35.49,34.08,85.1,90.44755919999999,High Risk
32.38,20.0,82.1,67.0155,Good
33.22,27.84,85.7,80.21559119999999,Needs Attention
33.92,27.78,94.0,81.21186800000001,Needs Attention
36.63,33.61,91.0,90.79034899999999,High Risk
33.62,35.29,100.0,95.52199999999999,High Risk
32.98,23.2,89.6,72.85852799999999,Good
36.48,34.64,67.0,87.754112,High Risk
31.71,24.31,85.2,74.3124988,Good
33.69,24.44,83.5,74.359226,Good
34.53,28.06,98.0,82.238412,Needs Attention
32.12,27.73,63.4,77.1001118,Needs Attention
33.09,22.77,81.7,71.47765909999998,Good
33.98,31.6,66.8,83.241312,Needs Attention
35.59,31.72,81.2,85.88067360000001,High Risk
34.25,33.22,72.4,86.66576719999999,High Risk
36.3,27.27,80.8,78.6481184,Needs Attention
33.57,28.84,58.1,77.9405796,Needs Attention
33.26,28.88,84.5,81.76886400000001,Needs Attention
34.65,35.75,77.5,91.60418750000001,High Risk
31.59,20.0,76.8,66.724,Good
31.96,25.17,98.4,77.13610720000001,Needs Attention
33.28,29.02,70.4,79.9647792,Needs Attention
32.94,24.66,79.1,74.2742994,Good
35.24,27.97,76.2,79.1591086,Needs Attention
34.68,28.5,77.4,80.15521000000001,Needs Attention
33.39,26.37,100.0,79.46600000000001,Needs Attention
33.32,29.26,75.8,81.1184892,Needs Attention
33.29,31.51,68.2,83.3454218,Needs Attention
34.98,28.05,97.5,82.15326250000001,Needs Attention
33.23,27.19,71.3,77.32060530000001,Needs Attention
33.49,28.34,55.7,76.9178262,Needs Attention
33.93,28.97,66.1,79.2710783,Needs Attention
32.78,22.04,60.0,68.66416,Good
34.31,30.85,53.4,79.961461,Needs Attention
33.19,27.2,70.6,77.24736800000001,Needs Attention
33.99,34.05,74.2,88.282349,High Risk
33.62,31.36,89.2,86.6393888,High Risk
36.44,33.68,82.6,89.3104832,High Risk
32.51,24.96,82.0,75.05412799999999,Needs Attention
32.19,27.51,64.3,76.9002407,Needs Attention
33.75,24.03,85.6,73.8874832,Good
32.29,26.18,91.7,78.15968939999999,Needs Attention
35.98,34.01,79.7,89.28591029999998,High Risk
35.33,34.95,80.1,90.8702005,High Risk
32.78,24.41,59.8,71.9719082,Good
31.1,27.17,87.7,79.35640910000001,Needs Attention
35.82,28.7,96.4,83.151932,High Risk
35.36,31.34,78.9,84.88268740000001,High Risk
33.0,21.96,67.9,69.1396316,Good
30.51,22.59,73.1,70.4927571,Good
36.01,30.96,70.0,82.82288000000001,High Risk
30.95,21.2,70.7,68.20041599999999,Good
32.37,27.21,82.8,78.8042812,Needs Attention
34.53,29.65,78.4,82.11844400000001,Needs Attention
34.44,30.66,87.0,85.101058,High Risk
33.66,28.43,79.5,80.3356315,Needs Attention
32.89,27.54,64.6,76.9825316,Needs Attention
35.57,32.38,69.0,84.779578,High Risk
35.3,30.14,68.2,81.31072520000001,Needs Attention
33.72,26.41,72.8,76.3159152,Needs Attention
34.84,29.15,96.5,83.9604525,Needs Attention
35.73,30.53,98.5,86.7151295,High Risk
36.08,35.87,85.0,93.384305,High Risk
34.84,32.15,76.4,85.73327400000001,High Risk
36.82,33.86,58.7,85.0095618,High Risk
32.93,26.56,77.6,77.1212544,Needs Attention
33.3,26.9,65.5,76.165805,Needs Attention
34.16,28.06,94.6,81.7801124,Needs Attention
33.31,28.43,55.7,77.04035490000001,Needs Attention
35.56,24.97,79.6,74.82025879999999,Needs Attention
33.58,34.06,64.5,86.414113,High Risk
34.34,32.53,74.9,86.0599203,High Risk
33.36,27.78,83.0,79.759626,Needs Attention
34.09,31.57,87.3,86.67280389999999,High Risk
33.09,29.89,74.3,81.8721873,Needs Attention
35.09,31.88,84.1,86.6394692,High Risk
32.17,23.62,67.1,71.52742980000001,Good
35.44,28.42,77.9,80.0982882,Needs Attention
33.62,28.77,87.0,81.942301,Needs Attention
34.65,31.49,79.0,85.13822899999998,High Risk
34.49,26.49,68.6,75.93751859999999,Needs Attention
32.08,20.0,71.7,66.4435,Good
33.59,24.67,87.2,75.1102176,Needs Attention
33.78,28.76,61.9,78.3683156,Needs Attention
33.3,29.26,63.7,79.34373380000001,Needs Attention
34.92,35.73,82.2,92.56305939999999,High Risk
33.91,31.33,69.7,83.3288399,Needs Attention
34.28,29.33,57.6,78.5456392,Needs Attention
33.77,28.87,91.2,82.7092456,Needs Attention
33.87,33.42,61.8,84.9798244,High Risk
33.03,26.64,72.6,76.6438336,Needs Attention
32.21,28.44,67.6,78.7027856,Needs Attention
34.03,24.64,71.4,73.4652304,Good
34.84,34.68,64.4,87.29218080000001,High Risk
35.64,30.57,83.6,84.40785480000001,High Risk
34.35,26.17,76.3,76.35483289999999,Needs Attention
32.68,28.54,86.8,81.5299928,Needs Attention
34.29,31.04,67.7,82.5652392,Needs Attention
33.7,28.0,100.0,82.4,Needs Attention
33.07,26.86,52.1,74.46041939999999,Good
33.03,26.38,56.0,74.28487200000001,Good
33.65,30.36,96.0,86.017744,High Risk
35.1,27.57,80.7,79.1181001,Needs Attention
32.96,27.18,79.1,78.28888620000001,Needs Attention
32.94,23.66,80.2,72.7815668,Good
31.49,29.31,81.9,82.09424109999999,Needs Attention
34.3,28.28,78.6,79.9727992,Needs Attention
34.51,27.71,63.4,77.0713586,Needs Attention
32.91,29.8,84.8,83.329296,Needs Attention
33.84,31.99,82.9,86.61171289999999,High Risk
34.67,31.81,92.1,87.89983989999999,High Risk
35.4,31.21,96.2,87.5472798,High Risk
33.93,28.04,79.0,79.64548400000001,Needs Attention
32.99,26.73,60.3,75.2854081,Needs Attention
34.54,24.82,96.3,76.2959434,Needs Attention
32.62,26.63,62.8,75.4463036,Needs Attention
36.14,29.08,79.1,81.3157572,High Risk
34.19,25.85,71.9,75.3570885,Needs Attention
34.53,29.38,69.8,80.4185676,Needs Attention
31.99,25.14,84.2,75.57900120000001,Needs Attention
33.19,22.36,77.9,70.51615559999999,Good
34.9,32.28,81.2,86.78444640000001,High Risk
31.41,27.1,65.2,76.41990799999999,Needs Attention
31.77,25.65,72.9,75.1636615,Needs Attention
33.15,24.62,65.8,72.8707604,Good
33.92,30.69,72.6,82.8352306,Needs Attention
34.34,34.5,73.6,88.85828,High Risk
34.35,27.39,97.1,80.93033309999998,Needs Attention
32.73,28.14,71.9,78.8420334,Needs Attention
34.15,33.29,49.5,82.5001645,Needs Attention
31.67,21.76,91.7,70.5668808,Good
35.73,36.87,80.4,94.0145452,High Risk
34.11,38.78,73.4,95.3954748,High Risk
32.8,20.0,69.8,66.339,Good
32.07,28.61,63.6,78.39330039999999,Needs Attention
32.84,26.12,98.3,78.81950040000001,Needs Attention
34.14,27.94,75.6,79.0320136,Needs Attention
34.03,27.33,54.1,75.33867469999998,Needs Attention
33.69,32.25,78.9,86.33059750000001,High Risk
34.09,28.55,89.5,81.9237275,Needs Attention
32.8,25.36,76.9,75.1517216,Needs Attention
34.79,28.31,64.2,78.04376979999999,Needs Attention
33.99,31.06,63.1,81.8381714,Needs Attention
30.08,24.27,64.0,72.184172,Good
33.19,22.42,93.3,71.8269814,Good
34.88,36.97,74.1,92.7702223,High Risk
32.94,26.43,54.9,74.2225693,Good
33.89,28.45,79.6,80.381438,Needs Attention
33.8,27.41,76.7,78.3472353,Needs Attention
34.21,31.19,69.6,83.10225759999999,Needs Attention
35.6,36.09,62.8,88.9903748,High Risk
34.49,31.32,62.2,82.0608296,Needs Attention
31.95,22.93,88.0,72.265916,Good
33.49,23.46,78.0,72.26441200000001,Good
32.48,27.4,80.7,78.84458199999999,Needs Attention
32.92,27.93,77.9,79.3234953,Needs Attention
32.2,22.11,78.9,70.1967421,Good
34.62,32.28,69.4,84.70089680000001,High Risk
32.54,24.65,72.5,73.5915375,Good
36.0,34.97,89.0,92.71076699999999,High Risk
35.42,36.28,92.0,95.574624,High Risk
33.57,28.01,60.3,77.08632970000001,Needs Attention
34.29,30.76,72.5,82.92608999999999,Needs Attention
33.37,24.07,85.1,73.90613429999999,Good
34.42,31.49,97.6,88.27699759999999,High Risk
31.67,27.01,96.4,80.1701636,Needs Attention
33.81,24.65,65.5,72.8842925,Good
33.58,27.84,90.3,80.8256248,Needs Attention
33.94,27.14,75.7,77.7978302,Needs Attention
33.07,27.7,87.5,80.219625,Needs Attention
32.82,32.8,84.5,88.22334,High Risk
31.02,25.86,59.8,74.0048372,Good
34.24,35.94,81.6,92.7763696,High Risk
33.11,23.7,87.1,73.47797299999999,Good
36.16,35.46,74.8,90.5850392,High Risk
33.16,24.93,72.0,73.96740399999999,Good
32.75,29.0,56.1,77.87401,Needs Attention
32.6,27.04,83.2,78.5771072,Needs Attention
34.65,27.63,77.5,78.7969175,Needs Attention
33.16,32.21,63.9,83.6287681,Needs Attention
36.79,35.0,71.1,89.11885,High Risk
36.34,33.76,76.9,88.3507256,High Risk
35.3,27.38,68.3,77.2244346,Needs Attention
34.19,29.74,75.0,81.74634999999999,Needs Attention
32.77,25.87,54.0,73.362802,Good
35.02,25.03,91.2,76.1317864,Needs Attention
33.6,24.41,75.2,73.4912568,Good
32.76,27.25,61.8,76.20719500000001,Needs Attention
32.91,30.0,45.5,77.607,Needs Attention
31.92,21.35,87.3,69.56176450000001,Good
32.97,28.81,81.7,81.2553923,Needs Attention
36.03,35.06,77.5,90.515885,High Risk
34.04,33.49,85.4,89.52915540000001,High Risk
33.32,26.66,85.3,78.2102702,Needs Attention
33.47,23.41,77.3,72.1231707,Good
35.22,30.84,71.9,82.9509204,Needs Attention
32.09,20.0,70.0,66.35,Good
34.93,33.44,80.1,88.44968560000001,High Risk
32.61,28.15,91.8,81.557383,Needs Attention
36.09,36.33,73.8,91.7173246,High Risk
33.46,22.09,92.7,71.2094557,Good
34.46,32.67,79.5,87.10712350000001,High Risk
35.21,28.6,79.6,80.621144,Needs Attention
32.8,27.68,100.0,81.824,Needs Attention
33.14,23.52,94.8,73.8687904,Good
34.25,31.38,95.1,87.66245620000001,High Risk
34.19,31.7,65.4,83.149282,Needs Attention
34.94,36.14,100.0,97.052,High Risk
33.61,33.03,74.0,86.670078,High Risk
33.7,26.62,72.3,76.5770974,Needs Attention
32.64,24.98,49.1,71.6550282,Good
31.43,23.53,78.9,72.45611830000001,Good
33.95,34.89,62.0,87.11038199999999,High Risk
31.91,25.89,79.9,76.32444890000001,Needs Attention
34.41,34.92,61.1,86.9706588,High Risk
34.56,31.1,96.6,87.419374,High Risk
33.32,30.32,81.6,83.68410879999999,Needs Attention
34.33,27.77,100.0,81.98599999999999,Needs Attention
34.12,31.64,62.7,82.60219719999999,Needs Attention
33.43,28.94,93.6,83.17356160000001,Needs Attention
33.42,27.52,53.4,75.5037232,Needs Attention
35.51,31.78,77.5,85.342505,High Risk
32.35,28.42,67.4,78.6455292,Needs Attention
34.55,25.81,69.6,75.0374224,Needs Attention
35.04,31.4,68.8,83.28276799999999,Needs Attention
33.63,28.74,64.0,78.637064,Needs Attention
35.16,30.96,59.9,81.1714896,Needs Attention
33.05,27.18,69.7,77.1037154,Needs Attention
32.99,24.16,76.4,73.2180576,Good
34.6,35.94,89.0,94.35113399999999,High Risk
35.81,35.19,78.5,90.92630849999999,High Risk
33.77,32.54,89.0,88.601394,High Risk
33.34,27.45,57.3,75.9121615,Needs Attention
34.07,27.8,69.8,78.046956,Needs Attention
35.75,34.53,83.5,90.8730245,High Risk
32.68,27.58,79.1,78.92612220000001,Needs Attention
33.87,26.47,64.7,75.4434291,Needs Attention
34.31,36.49,86.2,94.6701362,High Risk
31.73,28.81,68.6,79.39232340000001,Needs Attention
34.44,36.07,65.7,89.5826101,High Risk
33.33,23.41,80.8,72.43382720000001,Good
34.1,31.07,75.1,83.8276343,Needs Attention
34.88,37.28,68.7,92.0279464,High Risk
35.51,29.12,68.3,79.8103704,High Risk
33.51,27.94,62.2,77.2416932,Needs Attention
33.33,24.33,70.3,72.88735009999999,Good
33.12,33.33,88.2,89.7877894,High Risk
32.99,25.92,77.9,76.1452632,Needs Attention
33.74,28.62,86.5,81.621437,Needs Attention
31.48,24.06,81.2,73.51835279999999,Good
35.21,35.23,67.7,88.7674029,High Risk
34.3,33.62,55.2,84.0112576,High Risk
33.68,28.87,63.9,78.8104507,Needs Attention
32.79,24.38,66.9,72.6282178,Good
34.43,35.14,66.0,88.285876,High Risk
32.87,27.54,86.8,79.8606728,Needs Attention
32.46,24.58,86.6,74.8994172,Good
32.56,21.95,100.0,71.50999999999999,Good
34.3,26.42,65.8,75.50131640000001,Needs Attention
30.54,23.18,94.2,73.2224044,Good
33.76,26.51,94.1,79.0132509,Needs Attention
34.2,31.98,72.2,84.73786439999999,High Risk
33.87,27.5,80.7,79.005475,Needs Attention
35.05,30.42,89.9,85.1586042,High Risk
32.44,26.11,74.3,76.02993269999999,Needs Attention
34.6,29.26,73.4,80.7664716,Needs Attention
35.34,36.68,67.5,90.86971,High Risk
33.54,27.61,46.7,74.7509313,Good
33.79,30.54,75.8,83.11582680000001,Needs Attention
32.49,22.74,66.5,70.18077899999999,Good
34.03,35.08,62.1,87.4013332,High Risk
33.71,27.09,80.1,78.2706991,Needs Attention
35.97,33.2,57.6,83.887168,High Risk
32.73,28.51,84.7,81.18749030000001,Needs Attention
34.36,31.45,80.8,85.377584,High Risk
35.01,31.68,70.2,83.9391664,Needs Attention
33.07,27.19,74.2,77.6865302,Needs Attention
35.8,33.37,60.7,84.7026341,High Risk
32.71,25.96,84.0,76.903936,Needs Attention
34.22,32.11,77.2,85.8105308,High Risk
32.49,27.44,78.1,78.57443359999999,Needs Attention
34.09,30.4,81.0,83.71876,Needs Attention
33.33,27.15,67.3,76.7568305,Needs Attention
34.31,29.2,56.8,78.249344,Needs Attention
32.27,24.7,86.5,75.08934500000001,Needs Attention
33.28,29.99,83.3,83.41185329999999,Needs Attention
34.15,29.18,68.6,79.9433052,Needs Attention
34.53,26.84,79.9,77.8454084,Needs Attention
34.22,28.78,90.1,82.3989722,Needs Attention
35.47,29.54,88.7,83.48326019999999,Needs Attention
33.71,26.53,68.2,75.9492254,Needs Attention
34.06,28.48,57.1,77.3029592,Needs Attention
33.51,24.98,59.2,72.7084784,Good
36.92,38.38,71.3,94.2831906,High Risk
35.66,33.24,92.5,90.43643,High Risk
32.94,30.09,66.3,80.94217330000001,Needs Attention
35.36,33.69,67.8,86.5069018,High Risk
32.36,21.08,67.6,67.81557919999999,Good
31.73,20.0,68.6,66.273,Good
31.78,27.4,74.9,78.100674,Needs Attention
31.21,23.49,59.6,70.6641396,Good
33.18,28.05,88.0,80.87366,Needs Attention
32.55,29.82,73.3,81.6117794,Needs Attention
34.13,32.68,100.0,90.824,High Risk
33.43,24.45,60.9,72.13694949999999,Good
33.5,30.6,94.1,86.13635400000001,High Risk
33.79,29.06,91.7,83.1070398,Needs Attention
33.02,30.39,70.1,81.98195609999999,Needs Attention
33.55,26.92,70.3,76.7878124,Needs Attention
35.26,34.53,63.9,86.9756233,High Risk
32.34,28.59,64.1,78.4345281,Needs Attention
34.44,36.1,75.0,91.62025,High Risk
31.93,25.84,75.2,75.7141632,Needs Attention
34.75,31.97,55.8,81.87716739999999,Needs Attention
33.8,28.76,100.0,83.768,Needs Attention
33.39,27.69,71.9,78.15721890000002,Needs Attention
34.09,31.53,75.8,84.6606426,High Risk
33.75,27.8,67.5,77.74284999999999,Needs Attention
32.21,20.0,71.8,66.449,Good
31.45,20.0,70.7,66.3885,Good
34.15,34.09,75.0,88.49972500000001,High Risk
35.66,33.92,74.8,88.1972384,High Risk
35.04,36.55,84.7,94.44167149999998,High Risk
35.54,28.93,77.7,80.87602389999999,High Risk
32.32,23.83,83.5,73.3608695,Good
33.63,27.32,74.9,77.9765532,Needs Attention
34.13,29.05,77.8,81.07999099999999,Needs Attention
34.15,24.97,72.1,74.0387363,Good
34.29,35.59,87.0,93.34056700000001,High Risk
36.7,37.96,78.9,95.41583560000001,High Risk
33.95,30.91,73.1,83.2530579,Needs Attention
35.94,28.96,72.7,80.2048808,High Risk
32.99,23.82,73.7,72.4348866,Good
33.83,35.19,75.4,90.2896274,High Risk
33.58,29.31,74.3,80.97575669999999,Needs Attention
34.67,27.84,68.3,77.9080728,Needs Attention
34.16,30.92,84.2,85.0788936,High Risk
33.18,26.66,84.9,78.1618966,Needs Attention
34.46,29.59,96.4,84.7222124,High Risk
33.75,23.23,67.8,71.01334059999999,Good
34.38,33.35,83.0,88.848195,High Risk
32.77,28.58,52.1,76.7407782,Needs Attention
36.18,33.64,84.9,89.68245639999999,High Risk
32.44,28.2,57.5,76.97234999999999,Needs Attention
33.74,28.46,63.2,78.12185280000001,Needs Attention
33.16,24.15,79.0,73.452215,Good
34.3,32.04,67.5,84.01062999999999,High Risk
31.87,25.5,65.9,74.167755,Good
32.41,27.05,69.2,76.84631399999999,Needs Attention
34.17,29.0,83.8,81.86558,Needs Attention
33.1,29.48,63.8,79.67555759999999,Needs Attention
30.47,22.18,74.4,69.9635008,Good
33.86,28.08,70.5,78.561736,Needs Attention
33.55,32.18,84.8,87.2551536,High Risk
33.97,27.49,85.2,79.5705652,Needs Attention
33.34,28.1,53.0,76.22607,Needs Attention
33.61,29.65,87.5,83.4883125,Needs Attention
33.65,28.5,67.7,78.80545500000001,Needs Attention
31.85,24.88,77.8,74.49047359999999,Good
32.93,28.85,63.7,78.75307550000001,Needs Attention
34.26,32.98,79.5,87.602209,High Risk
31.83,24.8,100.0,76.64,Needs Attention
34.04,27.5,76.5,78.462625,Needs Attention
32.32,23.47,69.5,71.5207335,Good
33.15,32.77,72.2,85.9424406,High Risk
33.12,28.63,57.4,77.5513838,Needs Attention
33.11,25.6,92.4,77.24065600000002,Needs Attention
33.37,29.37,78.8,81.7334244,Needs Attention
33.1,24.19,62.4,71.9143144,Good
33.39,24.87,62.8,72.9264764,Good
34.69,23.16,75.2,71.5481568,Good
33.88,24.73,86.2,75.10878740000001,Needs Attention
33.31,34.43,61.2,86.2971484,High Risk
32.79,26.07,88.4,77.5909212,Needs Attention
33.83,30.86,73.9,83.3063846,Needs Attention
33.55,25.65,63.8,74.154153,Good
33.47,32.04,69.4,84.3416024,High Risk
32.4,24.9,96.0,76.40596,Needs Attention
34.44,29.16,58.3,78.4129772,Needs Attention
33.2,29.21,66.2,79.6371498,Needs Attention
36.58,38.31,86.4,97.74474160000001,High Risk
33.92,31.52,77.6,84.94932479999999,High Risk
32.16,26.63,65.5,75.77202349999999,Needs Attention
35.13,31.74,86.6,86.8375716,High Risk
35.84,37.55,87.1,96.6391895,High Risk
31.09,22.48,79.0,70.793408,Good
33.05,25.63,67.7,74.5571949,Good
32.1,28.05,69.5,78.3818025,Needs Attention
34.57,27.33,78.4,78.43855279999998,Needs Attention
34.89,27.67,59.3,76.47702690000001,Needs Attention
32.61,23.78,90.9,73.96295980000001,Good
34.06,34.62,95.4,93.3972052,High Risk
31.96,23.31,72.2,71.5180218,Good
33.13,28.2,79.3,79.94107399999999,Needs Attention
34.44,33.18,89.2,89.7207944,High Risk
34.91,28.88,98.5,83.769632,Needs Attention
33.78,25.08,93.7,76.4806604,Needs Attention
33.49,23.61,54.2,70.34215379999999,Good
33.67,28.08,71.2,78.6562304,Needs Attention
32.06,25.97,81.0,76.57804300000001,Needs Attention
33.17,29.82,69.1,80.9724638,Needs Attention
32.63,23.39,96.4,73.7831804,Good
33.27,32.25,94.6,89.098115,High Risk
34.07,29.46,65.2,79.8548408,Needs Attention
34.58,29.76,73.1,81.48931440000001,Needs Attention
35.34,34.76,66.0,87.729784,High Risk
33.8,27.25,72.7,77.5890425,Needs Attention
31.44,26.1,72.3,75.783697,Needs Attention
34.46,26.81,86.5,78.60534349999999,Needs Attention
32.14,28.23,64.3,77.9417711,Needs Attention
33.49,28.64,43.6,75.6257696,Needs Attention
33.59,25.68,55.7,73.2964224,Good
32.4,20.91,62.7,67.2504643,Good
32.1,26.76,67.1,76.1567004,Needs Attention
33.0,30.44,77.2,83.1814832,Needs Attention
34.07,29.55,62.0,79.50729,Needs Attention
35.12,33.8,60.5,85.27101,High Risk
34.27,36.82,63.8,90.2570484,High Risk
34.66,32.04,61.6,82.98287359999999,Needs Attention
33.44,34.53,68.3,87.85055009999999,High Risk
34.88,32.07,67.8,84.1073254,High Risk
34.27,35.84,83.3,92.97467280000001,High Risk
35.25,36.4,63.1,89.499416,High Risk
34.38,32.8,70.7,85.71560399999998,High Risk
35.31,31.83,68.5,83.8723145,Needs Attention
33.75,28.18,84.7,80.6434754,Needs Attention
33.13,28.83,73.1,80.0629827,Needs Attention
33.75,27.65,87.6,80.14888599999999,Needs Attention
36.13,31.49,61.2,82.13446119999999,High Risk
33.79,26.12,74.4,76.05694720000001,Needs Attention
33.49,28.24,68.1,78.47522559999999,Needs Attention
31.15,20.0,60.3,65.8165,Good
34.52,35.89,74.2,91.1243762,High Risk
34.14,28.12,95.8,82.04737039999999,Needs Attention
33.27,30.82,64.8,81.76944639999999,Needs Attention
34.87,34.83,73.5,89.34584949999999,High Risk
35.23,30.2,59.3,80.011614,Needs Attention
34.99,34.78,57.5,86.04781500000001,High Risk
31.74,24.03,65.6,71.9895432,Good
37.58,38.59,69.6,94.1951536,High Risk
38.02,33.35,70.1,86.43376649999999,High Risk
34.32,29.84,72.3,81.4900768,Needs Attention
35.99,34.7,55.2,85.476256,High Risk
32.52,24.33,67.5,72.6133225,Good
34.12,27.85,81.0,79.608415,Needs Attention
34.47,34.78,58.7,86.2894014,High Risk
30.99,21.53,70.7,68.6986929,Good
36.48,31.24,78.5,84.657066,High Risk
32.86,31.13,65.6,82.35156719999999,Needs Attention
35.54,36.88,79.1,93.7418592,High Risk
34.01,22.67,56.7,69.2799511,Good
35.45,35.44,85.7,92.8196592,High Risk
33.17,26.76,79.4,77.6563656,Needs Attention
33.27,27.21,75.7,77.9069903,Needs Attention
32.85,24.11,88.5,74.29757649999999,Good
33.26,24.65,71.0,73.43998500000001,Good
34.02,30.61,67.6,81.9127364,Needs Attention
32.75,24.55,91.5,75.3396175,Needs Attention
33.1,31.96,97.1,89.0251284,High Risk
34.98,26.35,66.7,75.50509550000001,Needs Attention
33.21,24.15,73.6,72.933356,Good
33.47,26.89,87.5,78.8618625,Needs Attention
33.41,30.35,74.1,82.55165649999999,Needs Attention
32.57,27.89,82.1,79.8193131,Needs Attention
34.5,29.14,84.4,82.1824184,Needs Attention
34.11,31.78,68.3,83.7635826,Needs Attention
35.12,33.33,80.0,88.25466,High Risk
32.23,27.76,74.9,78.6592176,Needs Attention
34.26,24.82,60.4,72.6083672,Good
34.57,29.3,63.1,79.313117,Needs Attention
34.0,30.88,67.2,82.2470464,Needs Attention
32.95,23.16,86.1,72.4886524,Good
35.44,25.44,86.5,76.322444,Needs Attention
31.92,26.12,84.0,77.16659200000001,Needs Attention
35.04,28.17,80.3,80.0291049,Needs Attention
33.53,25.96,80.0,76.44792000000001,Needs Attention
33.63,31.83,78.3,85.5590611,High Risk
31.43,22.58,79.9,71.0251058,Good
33.32,22.68,80.7,71.2504324,Good
33.62,27.66,58.1,76.3060554,Needs Attention
35.43,28.3,65.5,78.207635,Needs Attention
32.56,23.18,62.7,70.4982214,Good
32.31,26.57,88.3,78.4214969,Needs Attention
35.03,27.4,94.8,80.653048,Needs Attention
33.21,27.43,49.0,74.81759299999999,Good
33.8,29.61,93.8,84.3671382,High Risk
36.85,26.35,76.0,76.60124,Needs Attention
35.66,34.91,87.2,92.24460479999999,High Risk
34.92,30.95,81.1,84.6216455,High Risk
35.5,25.77,92.3,77.5226529,Needs Attention
34.12,29.38,77.5,81.55710499999999,Needs Attention
33.91,29.5,58.6,78.92933,Needs Attention
34.06,33.86,73.7,87.8927718,High Risk
32.81,26.6,81.2,77.61760799999999,Needs Attention
32.47,32.07,72.4,84.9099932,High Risk
34.44,29.17,82.9,82.0131107,Needs Attention
33.75,34.97,74.2,89.70336259999999,High Risk
35.55,34.16,67.9,87.2225936,High Risk
33.82,29.79,62.0,79.849002,Needs Attention
33.61,27.95,70.3,78.3389615,Needs Attention
34.07,31.03,77.5,84.15956750000001,High Risk
34.8,28.28,51.5,76.260858,Needs Attention
36.13,35.72,65.6,89.0503968,High Risk
33.74,29.31,51.0,77.546719,Needs Attention
34.08,27.38,67.6,77.1347912,Needs Attention
34.16,27.16,89.4,79.55362960000001,Needs Attention
31.85,24.15,60.8,71.703468,Good
34.26,31.23,83.4,85.4554618,High Risk
33.49,25.72,100.0,78.29599999999999,Needs Attention
35.68,33.39,92.4,90.6765364,High Risk
32.3,23.83,76.6,72.7197422,Good
34.17,29.51,85.3,82.92550969999999,Needs Attention
35.63,33.6,58.6,84.628904,High Risk
32.63,20.39,56.1,66.1180021,Good
36.3,37.07,75.3,93.1933729,High Risk
33.12,27.3,79.8,78.569146,Needs Attention
32.89,29.56,88.1,83.4272364,Needs Attention
32.85,31.29,68.2,83.0186822,Needs Attention
35.11,31.9,77.3,85.497213,High Risk
32.9,30.1,76.9,82.599731,Needs Attention
34.83,32.99,73.4,86.4982134,High Risk
34.81,31.08,74.1,83.67847719999999,Needs Attention
36.46,36.04,64.7,89.3250012,High Risk
33.97,31.09,78.4,84.4025144,High Risk
36.17,36.86,77.3,93.31055219999999,High Risk
33.69,32.6,69.7,85.233878,High Risk
33.15,21.78,83.0,69.96942600000001,Good
37.57,39.44,87.3,99.8493088,High Risk
34.39,26.7,83.1,78.009523,Needs Attention
36.35,34.98,62.5,87.340175,High Risk
33.63,29.11,76.2,80.94250179999999,Needs Attention
33.91,33.24,64.1,85.1518716,High Risk
34.11,26.25,76.2,76.468375,Needs Attention
32.7,31.5,64.1,82.638285,Needs Attention
35.44,27.99,90.3,81.0812203,Needs Attention
34.92,35.32,84.4,92.35197919999999,High Risk
35.22,30.75,88.8,85.54203999999999,High Risk
37.26,32.74,87.6,88.68603759999999,High Risk
31.12,20.34,71.8,66.96607879999999,Good
33.78,28.66,69.9,79.35190659999999,Needs Attention
33.51,30.64,95.9,86.4946224,High Risk
33.61,29.89,73.0,81.673403,Needs Attention
35.02,32.84,58.7,83.5906092,Needs Attention
33.11,27.54,87.1,79.8995666,Needs Attention
33.91,29.2,76.7,81.156336,Needs Attention
35.51,33.72,93.1,91.37928679999999,High Risk
33.26,20.0,77.9,66.7845,Good
34.43,31.36,74.8,84.2279072,High Risk
33.54,27.66,93.3,80.91141220000002,Needs Attention
33.78,25.35,56.5,72.9335225,Good
35.4,30.35,68.0,81.59111999999999,Needs Attention
35.13,33.91,64.4,86.1775596,High Risk
34.65,33.16,48.7,82.18293079999998,Needs Attention
33.67,28.46,85.5,81.21606700000001,Needs Attention
34.73,32.5,68.3,84.833625,High Risk
35.09,32.47,85.9,87.9298127,High Risk
34.44,28.65,79.7,80.7151095,Needs Attention
34.6,26.23,82.3,77.1488171,Needs Attention
33.41,26.46,69.5,75.999903,Needs Attention
37.18,32.35,65.8,84.167537,High Risk
34.62,28.83,76.1,80.4902337,Needs Attention
34.18,24.82,86.0,75.237948,Needs Attention
32.65,22.26,74.4,70.08722560000001,Good
34.44,32.33,66.6,84.27996219999999,High Risk
36.53,26.81,60.6,75.43469139999999,Needs Attention
33.27,30.32,77.4,83.0240032,Needs Attention
36.76,33.96,68.4,87.0227536,High Risk
32.8,23.76,74.1,72.3793984,Good
35.9,28.82,72.1,79.90532780000001,High Risk
33.21,28.32,69.7,78.8137496,Needs Attention
33.22,30.52,78.5,83.514318,Needs Attention
35.2,33.96,81.7,89.5923668,High Risk
31.97,23.68,98.6,74.4959952,Good
32.5,31.28,84.1,85.6539152,High Risk
36.18,33.13,94.1,90.54257670000001,High Risk
34.39,28.25,65.2,78.09370999999999,Needs Attention
35.29,28.45,55.8,77.081449,Needs Attention
34.82,30.67,74.8,83.1580484,Needs Attention
34.59,30.38,85.3,84.36489859999999,High Risk
34.5,31.33,83.4,85.6190278,High Risk
33.98,31.25,89.5,86.5030625,High Risk
33.38,25.07,44.6,71.2983078,Good
35.47,32.96,90.0,89.49496,High Risk
33.67,33.67,79.0,88.60900699999999,High Risk
33.55,29.74,56.5,78.944969,Needs Attention
33.67,23.02,83.7,72.0521626,Good
32.5,28.54,77.0,80.162442,Needs Attention
32.76,29.78,79.6,82.50683120000001,Needs Attention
33.32,24.42,87.0,74.672146,Good
33.04,27.56,80.2,79.0370888,Needs Attention
33.01,23.36,57.3,70.2791272,Good
35.08,31.43,73.3,84.0842081,High Risk
34.25,29.66,55.6,78.6998504,Needs Attention
31.81,22.42,82.8,70.9979224,Good
35.14,30.41,91.8,85.4419162,High Risk
34.32,28.77,60.1,78.1272623,Needs Attention
34.14,31.07,66.9,82.4779717,Needs Attention
33.37,27.43,64.4,76.7973708,Needs Attention
33.4,25.79,69.6,75.00744159999999,Needs Attention
32.8,25.92,79.9,76.3724792,Needs Attention
31.8,26.85,69.7,76.60870550000001,Needs Attention
34.39,29.08,82.8,81.85185759999999,Needs Attention
34.44,29.59,87.8,83.4327198,Needs Attention
31.48,28.24,88.2,81.22040319999999,Needs Attention
33.82,27.31,61.6,76.2670304,Needs Attention
35.0,27.59,91.6,80.56881560000001,Needs Attention
34.69,39.03,92.6,100.4528622,High Risk
33.02,25.92,93.6,77.9289088,Needs Attention
33.09,26.77,73.1,76.9035813,Needs Attention
39.15,40.0,66.0,95.398,High Risk
35.05,30.68,63.2,81.3090624,Needs Attention
31.81,23.48,61.8,70.84693360000001,Good
34.68,32.37,75.1,85.84717129999999,High Risk
35.04,25.36,85.2,76.0486528,Needs Attention
35.24,32.64,90.7,89.0767352,High Risk
33.52,28.16,69.2,78.5058528,Needs Attention
33.81,27.24,74.5,77.801762,Needs Attention
34.44,35.44,73.7,90.3253872,High Risk
35.74,31.27,67.4,82.85572020000001,High Risk
34.05,32.89,83.8,88.2437018,High Risk
32.8,30.74,79.4,84.00868439999999,High Risk
34.82,27.22,76.7,78.04906260000001,Needs Attention
34.78,31.45,79.3,85.1250515,High Risk
33.95,33.84,82.4,89.5325184,High Risk
34.08,29.54,82.3,82.52680579999999,Needs Attention
35.65,36.21,64.9,89.6146871,High Risk
34.88,32.4,85.8,87.795808,High Risk
33.36,29.85,78.1,82.3899215,Needs Attention
34.22,30.01,69.8,81.3642102,Needs Attention
34.44,29.55,77.8,81.87010099999999,Needs Attention
32.21,24.0,79.1,73.22286,Good
33.76,28.64,88.0,81.865568,Needs Attention
33.62,29.88,62.4,80.03826879999998,Needs Attention
34.02,27.34,90.9,80.0502394,Needs Attention
36.38,30.35,75.3,82.74061449999999,High Risk
33.38,29.09,68.9,79.85277989999999,Needs Attention
34.75,32.09,68.6,84.2767026,High Risk
33.86,31.65,63.0,82.667605,Needs Attention
36.06,29.67,54.1,78.4873553,Needs Attention
33.03,23.53,83.1,72.83389570000001,Good
38.43,36.16,98.8,96.8300192,High Risk
33.28,28.43,55.6,77.0265092,Needs Attention
33.51,28.68,63.6,78.4940752,Needs Attention
32.84,27.63,84.0,79.645408,Needs Attention
32.38,27.05,74.5,77.5077275,Needs Attention
34.52,35.18,85.0,92.24476999999999,High Risk
35.41,34.54,73.8,88.9596148,High Risk
34.72,30.78,68.0,82.22889599999999,Needs Attention
33.88,28.57,72.3,79.5523489,Needs Attention
33.93,31.48,46.4,79.6242528,Needs Attention
33.32,29.3,61.3,79.04839100000001,Needs Attention
32.72,28.24,86.4,80.97456639999999,Needs Attention
33.47,30.35,89.3,84.94512449999999,High Risk
32.18,27.24,91.9,80.0059244,Needs Attention
35.12,30.01,80.3,82.9822497,Needs Attention
35.52,29.82,47.9,77.7454422,Needs Attention
32.44,31.41,67.4,83.06253660000002,Needs Attention
33.47,26.52,90.9,78.64811319999998,Needs Attention
34.51,31.84,94.5,88.364812,High Risk
33.16,25.37,91.4,76.73579819999999,Needs Attention
32.71,26.71,72.2,76.7022738,Needs Attention
34.2,26.88,59.3,75.3733416,Needs Attention
33.21,24.71,74.5,73.88646050000001,Good
35.44,33.06,75.2,86.9375088,High Risk
32.26,25.12,93.8,76.5607344,Needs Attention
31.9,26.2,77.7,76.564726,Needs Attention
35.1,34.02,75.2,88.4298096,High Risk
32.38,26.72,75.9,77.1671752,Needs Attention
34.5,28.25,79.8,80.089165,Needs Attention
30.98,24.95,82.5,75.0899125,Needs Attention
33.94,32.33,66.3,84.22684209999998,High Risk
33.82,32.39,62.3,83.6041803,Needs Attention
33.99,31.96,91.4,88.03672560000001,High Risk
34.37,31.15,55.3,80.6772905,Needs Attention
34.12,29.29,94.7,83.94305370000001,Needs Attention
33.86,26.9,52.1,74.513451,Good
35.01,25.74,68.0,74.75356799999999,Good
35.74,34.16,86.7,90.8920528,High Risk
36.21,32.06,75.0,85.34814999999999,High Risk
34.39,26.23,59.2,74.4535784,Good
33.45,29.16,80.1,81.5888884,Needs Attention
33.34,27.8,75.8,78.84027599999999,Needs Attention
32.5,24.49,72.4,73.3371524,Good
34.17,29.71,67.5,80.56630750000001,Needs Attention
32.49,27.34,74.6,77.9692836,Needs Attention
32.23,25.19,68.0,73.93780800000002,Good
30.57,23.08,100.0,73.544,Good
32.09,22.74,72.1,70.64068459999999,Good
34.36,27.51,70.5,77.7022045,Needs Attention
33.5,28.66,68.5,79.154879,Needs Attention
32.91,25.5,96.3,77.495035,Needs Attention
34.47,31.6,55.3,81.288152,Needs Attention
32.75,28.74,79.3,80.8024118,Needs Attention
34.18,31.31,72.1,83.6995649,Needs Attention
34.35,28.27,57.9,77.1236467,Needs Attention
33.35,25.85,65.2,74.600558,Good
34.67,29.46,78.8,81.8765352,Needs Attention
33.83,23.95,64.6,71.778683,Good
34.73,31.16,78.1,84.46390039999999,High Risk
32.31,25.25,95.7,76.9900075,Needs Attention
34.12,32.67,77.0,86.65604100000002,High Risk
35.17,27.65,57.6,76.22683599999999,Needs Attention
36.62,33.25,64.8,85.29664,High Risk
32.96,24.51,71.6,73.2879684,Good
32.38,26.29,70.8,75.8976868,Needs Attention
33.92,30.52,76.8,83.2437664,Needs Attention
35.28,33.68,78.7,88.56779839999999,High Risk
35.05,35.67,95.8,95.3234414,High Risk
33.27,29.17,75.0,80.861425,Needs Attention
34.91,36.35,61.2,89.01563800000001,High Risk
34.54,27.84,88.8,80.6267008,Needs Attention
36.65,33.4,90.2,90.280932,High Risk
33.43,25.23,77.8,75.0435506,Needs Attention
34.43,30.68,72.0,82.723504,Needs Attention
30.84,20.0,82.5,67.0375,Good
33.05,24.51,72.5,73.3776525,Good
35.03,30.87,50.3,79.4841339,Needs Attention
32.42,23.75,81.8,73.073325,Good
34.92,30.71,85.7,84.97528530000001,High Risk
34.92,32.63,92.3,89.3477151,High Risk
34.04,26.99,66.2,76.38400619999999,Needs Attention
32.97,25.12,77.7,74.8591576,Good
34.12,27.1,78.0,78.02362,Needs Attention
31.61,25.14,76.0,74.71073600000001,Good
33.65,28.6,76.4,80.172696,Needs Attention
34.42,29.41,75.4,81.2932886,Needs Attention
33.72,27.78,77.5,79.033505,Needs Attention
37.62,35.7,83.9,92.872077,High Risk
32.98,26.12,89.6,77.8138848,Needs Attention
34.32,34.57,65.9,87.43181369999999,High Risk
31.39,24.84,72.9,73.9229764,Good
33.51,29.29,69.9,80.29817290000001,Needs Attention
36.89,33.73,68.2,86.64252139999999,High Risk
36.6,33.53,55.6,83.96475320000002,High Risk
32.1,27.32,75.3,78.0275404,Needs Attention
35.2,31.22,80.8,85.0073024,High Risk
33.16,30.68,73.1,82.9003092,Needs Attention
33.16,26.84,74.9,77.2318284,Needs Attention
33.68,31.46,80.0,85.25892,High Risk
35.57,36.45,91.9,95.8453745,High Risk
34.16,30.89,70.0,82.71767,Needs Attention
34.76,31.27,60.9,81.7729957,Needs Attention
35.9,31.69,73.9,84.5859209,High Risk
32.89,23.16,97.6,73.48091840000001,Good
33.55,30.84,61.1,81.1979076,Needs Attention
33.3,24.93,82.8,75.0885196,Needs Attention
34.98,26.64,88.9,78.6118304,Needs Attention
36.02,37.65,46.6,87.502151,High Risk
34.35,27.99,79.9,79.68656990000001,Needs Attention
31.67,26.04,82.2,76.8286312,Needs Attention
34.97,33.61,71.8,87.1473602,High Risk
32.7,25.21,67.2,73.8822088,Good
32.73,27.21,67.9,76.9212341,Needs Attention
34.68,34.0,71.1,87.60496,High Risk
33.83,29.17,71.4,80.33660619999999,Needs Attention
31.89,22.75,69.1,70.4092475,Good
34.3,31.18,70.9,83.30265379999999,Needs Attention
33.23,27.41,89.3,79.9645587,Needs Attention
35.56,35.16,60.4,87.1666736,High Risk
33.42,26.58,54.0,74.31746799999999,Good
36.68,33.2,89.5,89.81036,High Risk
36.0,36.1,72.7,91.127153,High Risk
33.52,25.6,70.3,74.79993200000001,Good
33.54,28.23,73.7,79.22465489999999,Needs Attention
32.13,30.55,77.5,83.4024875,Needs Attention
33.48,25.57,68.7,74.57852410000001,Good
33.1,30.08,81.1,83.2184312,Needs Attention
33.44,28.1,63.5,77.645565,Needs Attention
33.84,28.02,71.4,78.59221720000001,Needs Attention
34.94,29.2,48.4,77.022272,Needs Attention
36.69,29.29,89.1,83.1200161,High Risk
33.0,29.66,72.9,81.30581860000001,Needs Attention
32.04,26.6,83.0,77.83421999999999,Needs Attention
33.55,26.78,80.7,77.84704540000001,Needs Attention
33.82,28.53,81.6,80.78817520000001,Needs Attention
32.58,28.82,74.9,80.30381820000001,Needs Attention
33.33,27.24,79.7,78.4604772,Needs Attention
34.5,30.3,63.5,80.81059499999999,Needs Attention
31.14,21.74,60.9,68.3079634,Good
33.54,26.08,73.8,75.92596959999999,Needs Attention
32.9,27.88,66.8,77.76800159999999,Needs Attention
32.82,25.58,92.1,77.1730882,Needs Attention
35.63,35.52,79.5,91.658716,High Risk
33.42,29.08,66.4,79.4756288,Needs Attention
33.89,29.71,71.7,81.20104930000001,Needs Attention
35.33,27.07,76.6,77.8011638,Needs Attention
32.83,28.94,74.2,80.38954520000001,Needs Attention
32.14,24.14,78.3,73.36910379999999,Good
34.17,28.32,75.8,79.6516944,Needs Attention
33.84,25.25,58.3,72.9891425,Good
33.85,27.89,49.2,75.4399612,Needs Attention
33.53,20.0,70.5,66.3775,Good
33.08,24.49,81.7,74.2620467,Good
33.09,34.86,70.7,88.82605979999998,High Risk
34.45,32.32,89.8,88.3709264,High Risk
34.24,34.28,74.4,88.6768768,High Risk
36.06,34.55,91.3,92.4583085,High Risk
35.11,31.69,88.8,87.1298128,High Risk
31.91,27.19,87.6,79.3773556,Needs Attention
34.09,24.85,60.6,72.671209,Good
35.46,33.59,75.2,87.76138320000001,High Risk
35.17,29.26,89.7,83.15725780000001,Needs Attention
35.62,38.98,78.3,96.8930266,High Risk
34.66,27.54,81.7,79.1994782,Needs Attention
33.5,36.89,58.3,89.1358013,High Risk
33.98,28.37,98.0,82.790274,Needs Attention
35.75,34.34,65.5,87.01667300000001,High Risk
34.98,35.79,51.1,86.0884031,High Risk
33.46,24.91,70.8,73.81261719999999,Good
33.4,27.06,45.6,73.9137664,Good
32.17,24.87,62.0,72.843906,Good
31.99,24.08,100.0,75.344,Needs Attention
36.71,31.67,70.4,83.95822319999999,High Risk
32.97,28.21,57.9,77.0406541,Needs Attention
32.37,29.21,75.3,80.9673787,Needs Attention
34.26,31.22,64.2,82.2504076,Needs Attention
31.75,21.57,85.4,69.7960722,Good
33.65,34.15,64.3,86.5054655,High Risk
33.49,27.6,78.2,78.84076800000001,Needs Attention
34.82,31.13,61.2,81.6247444,Needs Attention
34.21,31.48,100.0,88.664,High Risk
33.84,34.48,81.0,90.295312,High Risk
34.05,28.58,73.3,79.70754859999998,Needs Attention
32.93,20.51,71.5,67.2066035,Good
35.74,29.23,68.4,79.9884868,High Risk
35.16,29.8,65.9,80.456118,Needs Attention
31.97,24.86,65.5,73.19056699999999,Good
34.59,29.59,95.1,84.52728909999999,High Risk
33.64,27.56,68.4,77.5049296,Needs Attention
31.59,23.63,49.4,69.9325878,Good
34.49,31.69,61.0,82.38349099999999,Needs Attention
34.98,26.75,86.1,78.4566325,Needs Attention
34.45,27.37,72.0,77.683036,Needs Attention
32.42,27.15,73.4,77.524119,Needs Attention
34.7,33.94,89.0,90.96893399999999,High Risk
34.11,28.84,65.7,79.0237012,Needs Attention
32.21,29.32,82.6,82.21353680000001,Needs Attention
31.82,27.24,67.0,76.851692,Needs Attention
35.31,30.85,81.9,84.5902885,High Risk
34.93,34.4,70.3,88.052468,High Risk
32.56,31.59,72.1,84.1262261,High Risk
34.6,31.75,84.8,86.54586,High Risk
35.16,31.42,84.0,85.86707200000001,High Risk
32.4,23.48,73.0,71.84879600000001,Good
33.05,25.5,69.3,74.539885,Good
34.05,28.18,94.2,81.9353044,Needs Attention
33.51,26.1,82.1,76.914519,Needs Attention
31.35,24.74,70.3,73.50479779999999,Good
32.66,21.51,67.2,68.4236728,Good
32.27,23.61,87.3,73.34561469999998,Good
32.72,27.97,76.4,79.1858892,Needs Attention
34.96,28.72,73.0,79.880144,Needs Attention
33.64,25.83,76.4,75.8338788,Needs Attention
32.76,29.32,79.1,81.69809880000001,Needs Attention
33.16,27.26,74.3,77.8073382,Needs Attention
35.59,33.36,89.4,90.0630016,High Risk
32.99,28.35,90.1,81.66711649999999,Needs Attention
35.02,31.79,81.4,86.02798940000001,High Risk
36.85,29.81,91.5,84.3649885,High Risk
33.67,23.39,75.1,71.8968311,Good
33.79,28.64,83.3,81.20504879999999,Needs Attention
35.22,24.06,87.1,74.0799974,Good
33.14,28.57,87.2,81.6360096,Needs Attention
35.34,26.02,86.0,77.231628,Needs Attention
34.22,30.53,82.6,84.18310220000001,High Risk
33.66,23.63,98.5,74.3975945,Good
33.39,29.06,68.5,79.75013899999999,Needs Attention
34.61,31.29,73.1,83.8358601,Needs Attention
34.92,32.63,72.4,85.76497880000001,High Risk
32.25,25.94,70.6,75.3461036,Needs Attention
32.85,29.07,51.1,77.2456223,Needs Attention
33.66,29.74,91.5,84.244879,High Risk
35.93,35.19,62.7,87.6812887,High Risk
30.87,23.07,77.0,71.56196100000001,Good
32.64,25.36,57.9,73.0985056,Good
37.08,40.0,82.4,99.5472,High Risk
32.37,27.91,65.6,77.6521704,Needs Attention
33.32,21.44,61.4,67.91871840000002,Good
32.22,26.67,77.3,77.2585509,Needs Attention
31.08,20.0,66.6,66.163,Good
33.76,29.96,68.1,81.0280324,Needs Attention
36.03,32.24,77.1,85.9975696,High Risk
32.39,25.35,84.6,75.967339,Needs Attention
31.76,27.12,65.2,76.4490176,Needs Attention
33.18,32.69,63.1,84.1767161,High Risk
33.14,22.0,75.3,69.75243999999999,Good
31.42,23.71,81.5,72.98101349999999,Good
34.59,28.09,92.6,81.56232659999999,Needs Attention
33.16,25.99,62.1,74.4499921,Good
33.44,27.82,71.2,78.26236159999999,Needs Attention
32.96,23.94,89.1,74.06733460000001,Good
33.15,29.86,98.7,85.54960179999999,High Risk
33.7,28.4,63.1,78.021896,Needs Attention
33.07,31.2,66.1,82.53666799999999,Needs Attention
35.07,29.8,79.6,82.538792,Needs Attention
32.94,29.83,68.1,80.83508769999999,Needs Attention
32.94,23.21,65.9,70.8188361,Good
33.16,30.97,77.9,84.1303737,High Risk
32.96,27.68,93.6,80.9853952,Needs Attention
33.23,28.33,59.3,77.3990931,Needs Attention
37.22,33.19,93.0,90.44293299999998,High Risk
33.11,26.12,68.1,75.3287428,Needs Attention
34.04,34.4,79.1,89.79099599999999,High Risk
34.46,34.78,94.1,93.4162002,High Risk
32.95,32.01,78.9,85.94873109999999,High Risk
32.77,25.08,71.4,74.1326488,Good
33.62,20.25,83.6,67.50741000000001,Good
34.87,33.32,72.9,86.91187719999999,High Risk
34.6,29.45,81.3,82.23202149999999,Needs Attention
32.28,26.02,72.5,75.684555,Needs Attention
34.46,33.69,85.3,89.8411943,High Risk
33.19,25.55,58.3,73.40529350000001,Good
32.71,27.3,62.8,76.405556,Needs Attention
34.48,31.1,58.1,81.071109,Needs Attention
33.36,24.55,74.3,73.6188435,Good
34.1,28.56,56.6,77.3431104,Needs Attention
34.44,33.36,66.7,85.8121088,High Risk
34.85,29.84,61.7,79.8744672,Needs Attention
34.47,33.99,92.8,91.7887928,High Risk
34.29,33.53,63.1,85.38185570000002,High Risk
35.0,29.03,59.6,78.4203612,Needs Attention
30.9,20.0,78.0,66.79,Good
31.28,24.58,95.2,75.7623584,Needs Attention
33.53,32.05,73.6,85.088612,High Risk
32.81,22.8,74.5,70.93064,Good
34.59,27.69,90.5,80.59625550000001,Needs Attention
33.38,30.35,85.5,84.3467575,High Risk
36.51,34.88,80.1,90.7579912,High Risk
33.26,26.7,68.0,76.17744,Needs Attention
33.08,26.43,80.5,77.2601885,Needs Attention
32.89,28.79,58.7,77.9565327,Needs Attention
36.92,30.4,67.5,81.5863,High Risk
33.44,28.38,92.2,82.0078964,Needs Attention
33.34,33.2,90.6,90.014608,High Risk
35.27,25.8,80.2,76.214084,Needs Attention
34.15,29.48,51.8,77.88933359999999,Needs Attention
35.93,30.78,60.5,81.015981,High Risk
34.89,27.4,66.8,77.06176799999999,Needs Attention
34.92,32.36,72.9,85.44143559999999,High Risk
34.7,29.6,60.0,79.2784,Needs Attention
34.38,32.16,72.0,84.977248,High Risk
34.52,29.78,96.2,85.02707640000001,High Risk
33.97,30.51,79.8,83.70521020000001,Needs Attention
33.18,26.47,77.6,76.9792128,Needs Attention
33.3,26.48,62.8,75.2315456,Needs Attention
34.32,33.9,55.3,84.410333,High Risk
34.66,31.54,60.3,82.05293379999999,Needs Attention
33.33,24.91,54.8,72.1548732,Good
34.58,29.72,75.9,81.8514052,Needs Attention
32.48,20.0,79.6,66.878,Good
35.04,26.7,63.4,75.619322,Needs Attention
35.42,32.84,76.8,86.8869088,High Risk
35.25,28.5,92.6,82.27029,Needs Attention
35.47,29.47,98.5,84.8228705,High Risk
33.17,20.0,84.2,67.131,Good
32.53,27.43,72.9,77.89010529999999,Needs Attention
35.78,30.35,83.9,84.0948135,High Risk
33.38,30.86,91.2,86.1178768,High Risk
35.28,32.85,50.9,82.18324349999999,Needs Attention
33.54,28.16,92.8,81.7103552,Needs Attention
34.97,28.34,68.5,78.678671,Needs Attention
32.95,23.67,68.6,71.73814379999999,Good
34.35,28.18,70.7,78.7397274,Needs Attention
31.53,23.95,78.8,73.114974,Good
30.92,21.61,61.7,68.18103629999999,Good
33.88,24.66,71.6,73.5157944,Good
36.52,35.03,81.3,91.2429961,High Risk
32.88,27.92,77.6,79.2676608,Needs Attention
34.78,29.88,79.6,82.66663519999999,Needs Attention
34.01,26.95,71.1,76.93203549999998,Needs Attention
32.19,21.84,83.3,70.0892928,Good
37.04,32.74,87.7,88.7041502,High Risk
31.81,20.31,87.0,67.803103,Good
33.72,26.78,80.1,77.77377220000001,Needs Attention
32.53,28.78,86.3,81.8596686,Needs Attention
32.79,29.92,85.5,83.63448399999999,Needs Attention
34.17,26.09,100.0,78.962,Needs Attention
32.73,21.65,89.6,70.228116,Good
32.93,25.8,73.9,75.505838,Needs Attention
34.82,26.0,64.1,74.69304000000001,Good
34.79,25.91,71.9,75.44839710000001,Needs Attention
34.87,32.88,71.0,85.89115199999999,High Risk
31.42,24.15,81.1,73.6539935,Good
35.34,30.2,66.6,81.150268,Needs Attention
33.08,29.63,89.3,83.7253941,Needs Attention
34.55,32.84,58.3,83.5177628,Needs Attention
32.75,28.47,55.4,77.0531562,Needs Attention
33.26,32.16,73.4,85.22278560000001,High Risk
31.53,28.31,64.9,78.1398581,Needs Attention
34.2,30.74,59.9,80.86282739999999,Needs Attention
30.43,22.99,67.4,70.62400740000001,Good
31.61,20.0,65.9,66.1245,Good
34.63,30.51,75.1,82.9576799,Needs Attention
33.4,30.72,67.6,82.0754528,Needs Attention
33.1,30.9,68.5,82.488335,Needs Attention
33.22,26.9,74.9,77.324919,Needs Attention
34.15,34.96,87.2,92.32826879999999,High Risk
33.5,27.16,92.6,79.9564584,Needs Attention
33.11,30.68,76.8,83.4950176,Needs Attention
34.08,31.38,77.7,84.7451374,High Risk
34.76,35.87,72.8,90.7965264,High Risk
33.44,27.73,80.8,79.3886816,Needs Attention
34.65,26.39,79.7,77.10130170000001,Needs Attention
32.68,23.01,90.9,72.6463291,Good
35.4,35.21,52.3,85.57188169999999,High Risk
33.47,30.69,72.2,82.7708982,Needs Attention
34.26,30.81,79.1,84.0718029,High Risk
35.65,40.0,74.7,97.59909999999999,High Risk
33.99,30.3,63.7,80.84198899999998,Needs Attention
33.24,23.79,59.4,71.0656474,Good
33.09,28.22,84.7,80.7094166,Needs Attention
32.56,25.1,65.9,73.582791,Good
32.95,27.42,53.9,75.4340862,Needs Attention
32.92,27.39,85.3,79.41803329999999,Needs Attention
33.39,26.65,80.5,77.61371749999999,Needs Attention
32.26,23.43,73.6,71.8255352,Good
36.32,35.37,64.0,88.20813199999999,High Risk
36.35,30.2,73.6,82.242128,High Risk
33.01,28.1,89.6,81.17402400000002,Needs Attention
34.57,32.03,55.6,81.92409319999999,Needs Attention
35.01,30.88,56.2,80.4572144,Needs Attention
33.68,30.1,67.5,81.142825,Needs Attention
33.35,31.74,74.7,84.7999822,High Risk
35.37,29.54,69.0,80.539174,Needs Attention
34.85,31.68,82.7,86.0720664,High Risk
34.59,32.01,88.1,87.5486019,High Risk
35.14,29.65,78.3,82.1033905,Needs Attention
34.22,28.12,81.7,80.1383996,Needs Attention
34.88,35.12,78.3,90.77427039999999,High Risk
32.44,27.09,75.1,77.6447441,Needs Attention
33.57,30.57,59.5,80.56045850000001,Needs Attention
35.12,30.66,62.7,81.2000818,Needs Attention
33.83,26.56,58.8,74.8663072,Good
32.89,25.77,73.2,75.38110359999999,Needs Attention
35.01,27.58,77.8,78.7570676,Needs Attention
33.16,27.03,57.6,75.37108719999999,Needs Attention
33.42,23.17,75.9,71.6241697,Good
33.38,26.39,64.5,75.3037345,Needs Attention
35.65,30.06,62.2,80.2643468,High Risk
35.39,34.06,67.5,86.996695,High Risk
34.19,31.22,61.6,81.8186048,Needs Attention
31.74,20.0,82.3,67.0265,Good
34.2,31.57,73.0,84.24833899999999,High Risk
32.6,26.77,84.8,78.3312504,Needs Attention
32.83,30.81,69.7,82.54882429999999,Needs Attention
33.97,28.94,70.1,79.8011706,Needs Attention
33.07,28.23,97.5,82.47280749999999,Needs Attention
33.14,28.59,55.5,77.2301755,Needs Attention
35.28,28.91,90.4,82.66319360000001,Needs Attention
34.82,34.38,94.9,92.87745380000001,High Risk
33.69,28.92,84.2,81.79173360000001,Needs Attention
36.13,33.34,71.0,86.587086,High Risk
35.05,32.76,92.1,89.53554039999999,High Risk
36.13,31.67,71.1,84.0775963,High Risk
31.88,21.85,66.5,68.87394750000001,Good
35.3,33.47,70.3,86.6519159,High Risk
32.99,27.17,68.2,76.8997406,Needs Attention
33.77,31.86,63.6,83.07213039999999,Needs Attention
34.85,25.11,88.3,75.9626087,Needs Attention
32.06,24.26,65.7,72.3349318,Good
33.27,36.91,74.6,92.7888114,High Risk
32.3,25.17,57.7,72.81445910000001,Good
32.81,33.58,75.4,87.78372679999998,High Risk
32.94,29.47,61.1,79.2595083,Needs Attention
32.59,27.32,60.8,76.1792544,Needs Attention
33.7,28.82,73.7,80.1330366,Needs Attention
30.81,23.8,87.7,73.700774,Good
34.77,28.94,80.3,81.26493180000001,Needs Attention
31.15,24.67,81.1,74.4926963,Good
33.27,27.42,73.4,77.9390172,Needs Attention
34.15,32.7,71.0,85.61883,High Risk
34.65,30.02,84.5,83.645931,Needs Attention
32.83,23.07,68.2,70.8105026,Good
35.45,32.41,85.0,87.670115,High Risk
33.37,28.97,89.8,82.6792094,Needs Attention
32.85,26.83,64.9,75.9901433,Needs Attention
34.67,31.99,66.7,83.7977567,Needs Attention
34.49,28.33,68.5,78.6637895,Needs Attention
33.51,24.34,57.4,71.6386484,Good
35.47,36.39,69.4,90.8538134,High Risk
33.9,28.93,90.6,82.7259742,Needs Attention
33.6,28.67,62.5,78.32476249999999,Needs Attention
33.74,27.38,90.9,80.11863579999999,Needs Attention
37.69,33.72,69.8,86.9329944,High Risk
33.06,26.9,100.0,80.42,Needs Attention
32.14,22.82,66.8,70.32312239999999,Good
32.76,26.29,73.3,76.1908643,Needs Attention
35.11,34.31,64.1,86.6975829,High Risk
32.46,32.33,66.7,84.29766889999999,High Risk
33.37,27.98,91.1,81.1713822,Needs Attention
35.59,34.49,80.7,90.2518957,High Risk
33.82,31.99,87.3,87.3759973,High Risk
33.65,27.93,59.2,76.82691439999999,Needs Attention
35.47,28.34,82.9,80.6596214,Needs Attention
34.26,30.32,63.3,80.8079344,Needs Attention
31.02,25.67,59.0,73.649547,Good
32.43,29.02,77.9,81.04701419999999,Needs Attention
33.72,30.23,77.7,82.9290229,Needs Attention
31.63,22.25,75.6,70.16449000000001,Good
33.64,28.24,83.6,80.59215359999999,Needs Attention
33.19,27.79,85.5,80.10624549999999,Needs Attention
36.84,33.11,92.6,90.2305614,High Risk
31.24,21.62,60.7,68.1242066,Good
33.21,27.47,93.0,80.543329,Needs Attention
33.51,27.07,97.6,80.4260168,Needs Attention
34.78,32.84,70.6,85.75778960000001,High Risk
33.8,28.83,55.0,77.485235,Needs Attention
32.97,36.18,58.4,88.17242879999999,High Risk
34.3,31.65,69.5,83.7747825,Needs Attention
33.24,27.36,99.2,81.1457088,Needs Attention
34.67,29.96,75.2,82.11862079999999,Needs Attention
34.07,27.58,67.6,77.4306392,Needs Attention
34.6,32.44,66.8,84.4772208,High Risk
32.92,23.67,59.1,70.8704803,Good
34.26,25.71,85.5,76.6608295,Needs Attention
35.1,30.82,73.9,83.2447202,Needs Attention
34.93,33.9,100.0,93.02,High Risk
33.87,20.19,82.5,67.34658250000001,Good
34.23,34.5,85.0,91.12174999999999,High Risk
32.52,28.44,72.1,79.3262876,Needs Attention
32.18,21.46,61.9,67.9818026,Good
31.56,20.0,64.5,66.0475,Good
30.26,22.88,58.6,69.7266032,Good
33.1,28.92,85.9,82.0353572,Needs Attention
33.96,28.74,70.4,79.5428304,Needs Attention
34.15,31.53,86.4,86.4536008,High Risk
32.56,26.8,76.6,77.377712,Needs Attention
32.85,24.57,71.5,73.3690745,Good
33.48,27.35,61.0,76.247165,Needs Attention
34.37,29.13,78.6,81.3227182,Needs Attention
33.31,29.92,72.4,81.62745919999999,Needs Attention
35.78,25.84,85.8,76.9100128,Needs Attention
33.44,32.61,66.4,84.65540960000001,High Risk
32.75,26.51,82.4,77.6156976,Needs Attention
34.53,25.52,94.7,77.35486560000001,Needs Attention
32.34,26.83,78.3,77.6332111,Needs Attention
33.97,33.3,84.4,89.027948,High Risk
32.47,28.47,81.9,80.73276070000001,Needs Attention
32.4,26.22,97.8,78.9395284,Needs Attention
35.95,32.7,79.5,87.15503500000001,High Risk
36.05,37.57,83.4,95.8255462,High Risk
33.85,29.84,74.6,81.8406336,Needs Attention
34.39,33.94,65.7,86.4718942,High Risk
33.41,33.14,60.5,84.341103,High Risk
32.56,26.58,90.2,78.66660839999999,Needs Attention
33.66,29.11,62.9,79.0114881,Needs Attention
33.34,23.87,84.0,73.472992,Good
34.26,28.18,80.0,80.00436,Needs Attention
33.16,26.5,86.0,78.0291,Needs Attention
34.95,27.39,68.8,77.3033768,Needs Attention
33.89,26.0,65.5,74.85320000000002,Good
33.56,27.85,79.5,79.4093425,Needs Attention
35.38,31.13,71.5,83.32617049999999,Needs Attention
34.51,28.52,60.2,77.7899496,Needs Attention
31.89,21.54,98.3,70.6525818,Good
32.68,26.02,65.5,74.882369,Good
34.37,22.92,63.1,70.1597948,Good
32.6,29.98,72.1,81.6729242,Needs Attention
35.41,31.01,90.0,86.17801000000001,High Risk
34.41,30.03,49.0,78.184853,Needs Attention
34.65,25.85,89.0,77.287935,Needs Attention
33.86,29.99,64.1,80.45695409999999,Needs Attention
32.83,27.12,78.2,78.0803616,Needs Attention
33.38,24.45,66.9,72.73127949999999,Good
35.22,31.97,98.9,89.35514669999999,High Risk
33.71,32.27,76.5,85.93888450000001,High Risk
32.66,32.8,66.5,84.95237999999999,High Risk
31.57,26.57,71.4,76.39277019999999,Needs Attention
34.88,33.72,76.1,88.1352108,High Risk
34.69,27.03,77.1,77.8007287,Needs Attention
33.05,31.61,80.3,85.55020169999999,High Risk
33.05,26.96,75.0,77.4304,Needs Attention
33.21,28.1,58.5,76.969615,Needs Attention
34.8,20.0,70.9,66.3995,Good
37.26,27.79,82.3,79.68345829999998,High Risk
36.08,29.36,67.0,79.975088,High Risk
34.18,27.36,83.1,79.08709839999999,Needs Attention
35.89,36.02,75.4,91.58148920000001,High Risk
31.62,24.35,72.4,73.12340600000002,Good
33.88,26.75,89.3,78.8464725,Needs Attention
32.06,25.38,54.1,72.7147742,Good
33.09,26.74,66.9,76.1028694,Needs Attention
35.55,33.13,89.8,89.74713260000001,High Risk
34.96,34.91,97.0,94.230173,High Risk
34.13,26.2,100.0,79.16,Needs Attention
34.29,26.11,75.6,76.18006839999998,Needs Attention
31.19,24.37,80.5,73.9498715,Good
32.79,34.23,84.8,90.6366696,High Risk
35.64,33.48,90.3,90.43601559999999,High Risk
34.7,28.58,78.8,80.47722959999999,Needs Attention
32.81,23.42,86.1,72.92087380000001,Good
34.73,23.77,80.5,72.9857015,Good
34.64,29.68,81.3,82.6034416,Needs Attention
34.93,31.2,64.0,82.18831999999999,Needs Attention
31.77,20.74,71.0,67.52454599999999,Good
34.3,27.71,68.7,77.7674023,Needs Attention
36.09,35.47,60.7,87.6655871,High Risk
35.35,28.13,55.2,76.56418239999999,Needs Attention
35.07,34.96,69.9,88.8145696,High Risk
33.45,31.6,71.8,84.09051199999999,High Risk
32.16,24.66,76.3,73.9911242,Good
37.38,27.83,81.7,79.66893889999999,High Risk
32.79,28.49,77.3,80.12554229999999,Needs Attention
33.27,25.19,71.9,74.3526939,Good
33.45,25.12,64.0,73.41123200000001,Good
34.86,35.03,85.5,92.0989435,High Risk
34.76,25.09,73.8,74.4007558,Good
36.66,33.31,69.8,86.31757619999999,High Risk
32.57,27.25,72.8,77.60172000000001,Needs Attention
34.16,28.9,66.2,79.18288199999999,Needs Attention
33.66,31.25,68.6,83.025825,Needs Attention
34.79,26.61,68.3,76.08008369999999,Needs Attention
34.54,31.27,71.6,83.5553268,Needs Attention
31.43,20.81,82.9,68.3803751,Good
34.36,30.76,79.9,84.1213676,High Risk
31.07,20.0,93.6,67.648,Good
33.75,28.09,89.5,81.14354449999999,Needs Attention
34.18,32.42,98.5,90.089063,High Risk
33.45,31.49,81.7,85.59385669999999,High Risk
31.91,23.81,81.5,73.14269850000001,Good
34.96,24.32,69.2,72.76474560000001,Good
33.23,26.25,84.9,77.4851875,Needs Attention
33.46,29.74,67.1,80.55008459999999,Needs Attention
31.53,20.87,57.4,66.85608620000001,Good
34.11,28.95,93.3,83.1478465,Needs Attention
33.37,30.25,60.0,80.191,Needs Attention
32.49,27.87,80.3,79.54761389999999,Needs Attention
34.09,31.1,64.4,82.109916,Needs Attention
33.84,29.89,88.5,84.04352349999999,High Risk
32.89,26.83,90.2,79.0923534,Needs Attention
31.35,21.26,81.4,69.0129836,Good
33.45,29.53,90.0,83.66053,Needs Attention
33.96,25.19,75.1,74.6931131,Good
32.69,26.69,100.0,80.042,Needs Attention
34.33,30.92,84.0,85.046272,High Risk
36.84,34.67,64.2,87.2376586,High Risk
34.87,28.85,75.8,80.478717,Needs Attention
35.89,31.22,73.2,83.74510959999999,High Risk
32.03,23.22,72.0,71.36341599999999,Good
35.4,29.98,55.1,79.0582902,Needs Attention
33.86,28.76,79.6,80.8768304,Needs Attention
35.57,33.92,58.4,85.03518720000001,High Risk
33.68,26.84,44.7,73.5258052,Good
33.2,28.03,70.9,78.54013730000001,Needs Attention
35.19,33.24,65.9,85.4868084,High Risk
35.14,28.63,64.7,78.57657389999999,Needs Attention
31.22,24.56,40.0,70.19936,Good
35.63,39.21,64.8,93.9476992,High Risk
33.62,24.69,72.9,73.6932199,Good
33.9,28.74,67.4,79.1182524,Needs Attention
35.63,30.39,79.6,83.48163559999999,High Risk
33.24,30.07,91.7,84.8420481,High Risk
33.78,28.24,81.2,80.2643712,Needs Attention
33.47,28.26,87.3,81.1309702,Needs Attention
33.33,28.06,88.3,80.9309102,Needs Attention
32.2,24.54,62.8,72.4540088,Good
36.24,37.6,80.3,95.163972,High Risk
33.83,28.12,86.9,80.8424172,Needs Attention
34.4,31.39,69.8,83.4356178,Needs Attention
35.28,27.66,65.5,77.27422700000001,Needs Attention
33.84,27.58,81.4,79.22521880000001,Needs Attention
34.42,27.18,57.2,75.52769040000001,Needs Attention
32.71,22.8,61.9,69.88836799999999,Good
33.25,28.36,67.0,78.501788,Needs Attention
32.42,27.37,80.4,78.7579252,Needs Attention
34.85,33.69,77.6,88.3741056,High Risk
30.35,24.21,87.4,74.3598446,Good
33.48,26.69,63.9,75.6655609,Needs Attention
33.27,25.41,63.3,73.7538847,Good
34.66,34.77,81.3,90.82312990000001,High Risk
32.92,25.52,65.4,74.1421792,Good
33.02,31.25,67.8,82.892725,Needs Attention
35.72,32.88,52.7,82.55118239999999,High Risk
34.87,28.42,78.5,80.181303,Needs Attention
31.72,23.49,93.5,73.6999185,Good
34.92,23.54,62.6,71.0042796,Good
34.49,32.44,87.3,88.1294188,High Risk
32.37,23.96,74.3,72.7069572,Good
33.6,30.57,53.8,79.6504934,Needs Attention
33.79,29.46,64.3,79.7210522,Needs Attention
35.21,30.51,63.5,81.1127115,Needs Attention
35.85,30.89,71.2,82.9130432,High Risk
32.92,25.27,80.0,75.34253999999999,Needs Attention
33.69,25.1,97.2,76.884628,Needs Attention
34.3,31.86,57.8,82.07212919999999,Needs Attention
33.56,26.48,69.2,75.9941184,Needs Attention
32.04,20.0,64.2,66.031,Good
34.75,31.6,59.8,82.052432,Needs Attention
32.47,24.85,76.1,74.2679415,Good
33.05,30.87,75.0,83.500675,Needs Attention
35.63,34.57,53.2,84.90142759999999,High Risk
35.07,29.07,75.2,80.7351336,Needs Attention
33.51,32.98,60.5,84.115671,High Risk
33.98,29.62,75.1,81.5750738,Needs Attention
34.57,35.35,90.2,93.601743,High Risk
33.65,24.75,80.6,74.570715,Good
33.92,28.97,77.1,80.8529113,Needs Attention
37.23,31.69,68.7,83.6981197,High Risk
33.28,28.24,75.8,79.5268608,Needs Attention
36.01,33.61,81.8,89.04475019999998,High Risk
34.83,27.27,80.6,78.62272379999999,Needs Attention
35.84,37.28,73.8,93.1809136,High Risk
35.43,37.49,77.6,94.3714176,High Risk
35.51,30.13,59.2,79.89829040000001,High Risk
34.15,31.21,66.2,82.5679098,Needs Attention
35.67,33.77,83.5,89.6291705,High Risk
31.96,24.25,85.1,74.20358250000001,Good
32.51,23.75,76.1,72.54821249999999,Good
34.45,34.03,92.7,91.8385519,High Risk
32.37,30.1,81.1,83.25068900000001,Needs Attention
34.29,28.09,72.2,78.80647019999999,Needs Attention
34.67,29.04,60.4,78.5499584,Needs Attention
31.33,20.0,92.3,67.5765,Good
34.47,28.24,84.2,80.67409919999999,Needs Attention
31.67,25.99,96.6,78.3933766,Needs Attention
34.46,32.67,100.0,90.80600000000001,High Risk
34.38,32.98,59.6,83.9505192,Needs Attention
35.42,31.31,59.6,81.61245240000001,Needs Attention
34.09,30.58,40.6,77.5553252,Needs Attention
32.43,23.01,86.0,72.23081400000001,Good
33.82,31.36,82.9,85.58436560000001,High Risk
34.11,31.52,76.2,84.71265759999999,High Risk
35.92,33.98,60.3,85.48594059999999,High Risk
34.87,37.47,73.9,93.4964267,High Risk
34.38,22.23,77.2,70.25664440000001,Good
32.82,27.45,84.4,79.401422,Needs Attention
33.32,26.03,78.3,76.36507510000001,Needs Attention
34.35,29.69,83.0,82.87617300000001,Needs Attention
33.45,29.05,73.5,80.4582325,Needs Attention
34.76,28.06,89.2,81.05222479999999,Needs Attention
36.39,33.11,82.6,88.38267139999999,High Risk
32.63,24.59,60.8,72.3247128,Good
34.1,24.84,91.7,75.85779720000001,Needs Attention
31.97,24.9,89.7,75.753847,Needs Attention
32.9,27.56,80.6,79.0890264,Needs Attention
33.22,24.09,78.4,73.2993944,Good
34.38,28.81,94.9,83.13268310000001,Needs Attention
35.35,28.34,55.4,76.8765564,Needs Attention
32.96,25.85,89.9,77.3895585,Needs Attention
34.17,32.5,69.3,85.01237499999999,High Risk
34.67,28.76,88.1,82.0814844,Needs Attention
34.77,33.25,76.4,87.45626999999999,High Risk
34.37,28.22,60.1,77.3545178,Needs Attention
32.84,28.9,69.0,79.58359,Needs Attention
35.87,26.75,87.3,78.6028225,Needs Attention
33.05,28.97,72.5,80.1914175,Needs Attention
34.52,31.85,67.5,83.7297625,Needs Attention
34.59,27.35,67.5,77.07763750000001,Needs Attention
34.6,31.07,82.7,85.0785411,High Risk
32.37,25.75,96.0,77.9023,Needs Attention
35.25,32.04,49.3,80.84026279999999,Needs Attention
34.92,26.68,100.0,80.024,Needs Attention
35.35,32.41,77.4,86.3183866,High Risk
34.42,29.24,82.0,81.99543200000001,Needs Attention
35.25,35.08,69.8,88.9743816,High Risk
34.41,24.38,75.0,73.42495,Good
33.04,23.1,77.3,71.634837,Good
31.89,26.54,62.4,75.26955039999999,Needs Attention
34.0,23.46,65.3,71.1308862,Good
33.2,23.47,89.2,73.2809876,Good
34.81,31.49,56.4,81.32445639999999,Needs Attention
33.18,28.98,80.3,81.3291306,Needs Attention
32.4,27.08,70.6,77.0662952,Needs Attention
33.58,27.45,63.5,76.7104425,Needs Attention
32.04,26.61,98.7,79.7414293,Needs Attention
36.18,35.6,63.5,88.43544,High Risk
33.25,26.06,61.4,74.4692316,Good
32.02,23.71,72.8,72.1829712,Good
33.39,32.18,65.8,83.9190956,Needs Attention
32.96,28.14,75.1,79.2759086,Needs Attention
33.93,37.16,76.9,93.6931796,High Risk
33.72,26.9,77.8,77.682518,Needs Attention
33.65,32.38,73.5,85.578607,High Risk
36.4,33.33,66.6,85.7493022,High Risk
33.77,26.91,82.7,78.3030243,Needs Attention
33.98,26.03,73.7,75.8374689,Needs Attention
34.52,31.97,69.1,84.18475729999999,High Risk
35.17,31.3,92.8,87.138536,High Risk
33.82,23.36,73.5,71.70900400000001,Good
33.03,24.49,88.1,74.8985331,Good
32.19,20.0,89.7,67.4335,Good
33.67,31.38,90.5,86.89121100000001,High Risk
32.6,27.95,83.3,80.0771265,Needs Attention
34.72,28.35,75.0,79.588375,Needs Attention
32.89,22.23,74.2,70.0254134,Good
33.44,24.61,72.1,73.4901719,Good
34.15,27.09,49.0,74.377259,Good
34.62,26.31,83.6,77.4315084,Needs Attention
33.59,29.47,77.9,81.7585587,Needs Attention
33.45,31.33,84.9,85.86977830000001,High Risk
35.0,38.08,73.6,94.3666112,High Risk
35.1,28.92,83.0,81.619764,Needs Attention
33.59,33.46,58.5,84.41545900000001,High Risk
32.36,25.68,61.0,73.885952,Good
34.97,22.3,45.3,67.885981,Good
34.27,27.59,73.4,78.2002494,Needs Attention
31.76,22.61,65.7,69.9252223,Good
32.74,29.06,64.2,79.1279548,Needs Attention
31.57,25.88,79.0,76.206548,Needs Attention
32.22,21.18,69.9,68.1168718,Good
35.74,35.94,57.8,87.71158679999999,High Risk
34.64,26.85,100.0,80.33000000000001,Needs Attention
30.69,22.45,74.6,70.396923,Good
33.23,32.59,62.0,83.835642,Needs Attention
33.01,26.09,67.0,75.157397,Needs Attention
37.08,33.36,72.9,86.9731456,High Risk
33.91,26.07,72.9,75.8069797,Needs Attention
33.6,26.84,90.6,79.15846959999999,Needs Attention
32.87,30.38,74.0,82.582188,Needs Attention
32.27,31.37,97.3,88.01357990000001,High Risk
34.35,32.07,69.8,84.4563114,High Risk
33.54,28.64,80.1,80.75533359999999,Needs Attention
33.88,31.11,87.3,85.9026397,High Risk
33.95,31.98,89.3,87.70645859999999,High Risk
33.19,29.8,90.7,84.226214,High Risk
32.71,28.43,71.7,79.25566690000001,Needs Attention
33.79,23.22,74.9,71.61536219999999,Good
33.38,31.4,45.2,79.321272,Needs Attention
33.49,29.17,72.6,80.5115458,Needs Attention
33.33,27.35,88.1,79.7095965,Needs Attention
35.36,34.11,85.8,90.63341619999998,High Risk
31.79,23.29,74.0,71.64515399999999,Good
35.9,35.58,95.4,95.0814868,High Risk
33.16,28.91,70.4,79.79901360000001,Needs Attention
33.81,30.27,66.4,81.2217872,Needs Attention
34.86,27.42,69.4,77.42518519999999,Needs Attention
31.49,22.33,61.5,69.18842049999999,Good
34.24,28.44,82.5,80.76727000000001,Needs Attention
34.87,30.34,78.5,83.228631,Needs Attention
34.52,31.7,82.3,86.036309,High Risk
35.36,28.21,70.0,78.68963000000001,Needs Attention
33.86,20.23,74.3,66.9419811,Good
34.14,22.83,48.9,68.85183129999999,Good
35.53,37.21,79.5,94.3577305,High Risk
34.52,24.63,76.2,73.9340794,Good
34.98,34.71,61.8,86.81397220000001,High Risk
33.82,25.26,73.7,74.6519538,Good
33.31,28.27,71.9,79.0398687,Needs Attention
32.3,31.5,96.2,88.05837,High Risk
33.51,25.72,62.3,74.0876244,Good
34.0,35.37,79.0,91.31557699999999,High Risk
34.43,29.3,61.9,79.136633,Needs Attention
34.07,30.84,68.3,82.3665828,Needs Attention
34.33,27.93,78.3,79.3768981,Needs Attention
33.37,31.63,72.5,84.25523249999999,High Risk
34.48,35.32,74.9,90.38863319999999,High Risk
33.29,28.47,79.0,80.330087,Needs Attention
35.01,35.92,69.1,90.0864128,High Risk
34.21,26.55,85.6,78.06423199999999,Needs Attention
32.85,32.06,71.3,84.7028922,High Risk
35.08,30.96,73.8,83.44419520000001,Needs Attention
33.23,24.73,79.3,74.40618110000001,Good
33.69,29.86,77.7,82.3447078,Needs Attention
34.02,29.03,82.7,81.75593190000001,Needs Attention
33.3,25.59,78.8,75.72277079999999,Needs Attention
33.63,30.43,80.6,83.7038142,Needs Attention
34.09,29.59,71.1,80.9287051,Needs Attention
34.3,28.71,62.2,78.3395438,Needs Attention
32.79,28.73,57.9,77.7599233,Needs Attention
33.94,28.64,55.0,77.22787999999998,Needs Attention
31.04,27.53,96.2,81.0617214,Needs Attention
32.08,29.56,48.4,77.4863696,Needs Attention
33.69,26.42,89.3,78.28742940000001,Needs Attention
35.45,39.63,65.1,94.6321387,High Risk
31.8,23.36,89.2,73.0947488,Good
33.18,26.66,48.6,73.7719924,Good
32.94,26.98,72.2,77.11396439999999,Needs Attention
35.8,37.16,92.4,97.17888159999998,High Risk
31.17,23.72,83.6,73.1900208,Good
32.27,30.7,71.0,82.59302999999998,Needs Attention
34.56,29.99,51.7,78.5485817,Needs Attention
