age_days,stage,current_weight,previous_weight,days_between,weight_gain,adg_g,reference_weight,growth_ratio,growth_status
43,0,11.37,9.61,5,1.7599999999999998,352.0,12.657142857142857,89.83069977426636,Below Expected
150,2,93.08,88.02,5,5.060000000000002,1012.0000000000005,104.22857142857143,89.30372807017544,Below Expected
170,2,137.36,116.26,21,21.10000000000001,1004.7619047619052,122.77142857142857,111.88270886665117,Above Expected
39,0,9.81,6.05,11,3.7600000000000007,341.81818181818187,11.042857142857143,88.83570504527815,Below Expected
44,0,12.16,7.58,16,4.58,286.25,13.114285714285714,92.72331154684096,Within Expected
38,0,9.64,6.14,14,3.500000000000001,250.00000000000006,10.657142857142857,90.45576407506704,Within Expected
120,1,74.6,67.78,8,6.819999999999993,852.4999999999991,75.08571428571427,99.35312024353121,Within Expected
58,0,18.65,13.04,10,5.609999999999999,561.0,21.2,87.97169811320754,Below Expected
95,1,37.66,18.63,17,19.029999999999998,1119.4117647058822,51.214285714285715,73.53417015341701,Below Expected
55,0,16.83,12.35,6,4.479999999999999,746.6666666666665,19.17142857142857,87.78688524590163,Below Expected
85,1,42.66,32.93,20,9.729999999999997,486.49999999999983,42.18571428571428,101.12428039282086,Within Expected
108,1,61.63,46.95,16,14.68,917.5,63.41428571428571,97.18630322144628,Within Expected
129,2,105.67,101.16,4,4.510000000000005,1127.5000000000014,83.91428571428571,125.92611508341847,Above Expected
111,1,76.8,62.86,17,13.939999999999998,819.9999999999999,66.32857142857142,115.78720654749087,Above Expected
86,1,36.07,32.59,10,3.479999999999997,347.9999999999997,43.07142857142857,83.74461028192371,Below Expected
41,0,11.54,8.09,15,3.4499999999999993,229.99999999999994,11.814285714285713,97.67835550181378,Within Expected
48,0,12.17,4.35,18,7.82,434.44444444444446,14.942857142857143,81.4435946462715,Below Expected
42,0,13.8,6.41,18,7.390000000000001,410.55555555555554,12.2,113.11475409836066,Above Expected
51,0,21.3,16.25,10,5.050000000000001,505.0000000000001,16.65714285714286,127.87307032590051,Above Expected
149,2,135.63,131.47,8,4.159999999999997,519.9999999999995,103.28571428571429,131.31535269709542,Above Expected
109,1,50.45,45.29,10,5.160000000000004,516.0000000000003,64.38571428571429,78.35589083647659,Below Expected
39,0,11.93,9.05,12,2.879999999999999,239.99999999999991,11.042857142857143,108.03363518758084,Within Expected
80,1,42.33,24.15,20,18.18,909.0,37.92857142857142,111.60451977401131,Above Expected
139,2,108.4,97.47,8,10.930000000000007,1366.250000000001,93.62857142857142,115.77662496185536,Above Expected
155,2,115.77,97.22,21,18.549999999999997,883.3333333333331,108.92857142857143,106.2806557377049,Within Expected
192,2,113.73,100.09,19,13.64,717.8947368421052,141.54285714285714,80.3502220427937,Below Expected
52,0,20.5,19.0,4,1.5,375.0,17.285714285714285,118.59504132231406,Above Expected
128,2,82.88,76.17,10,6.709999999999994,670.9999999999993,82.94285714285714,99.92421632793662,Within Expected
51,0,18.09,11.69,13,6.4,492.3076923076923,16.65714285714286,108.60205831903944,Within Expected
48,0,14.64,13.01,3,1.6300000000000008,543.3333333333336,14.942857142857143,97.97323135755258,Within Expected
105,1,66.23,54.24,17,11.990000000000002,705.294117647059,60.5,109.4710743801653,Within Expected
156,2,87.82,81.38,6,6.439999999999998,1073.333333333333,109.85714285714286,79.94018205461637,Below Expected
194,2,161.01,144.18,20,16.829999999999984,841.4999999999992,143.17142857142858,112.45958890441028,Above Expected
179,2,116.68,102.77,16,13.91000000000001,869.3750000000007,130.62857142857143,89.32195975503062,Below Expected
61,0,22.39,14.42,10,7.970000000000001,797.0,23.3,96.09442060085837,Within Expected
35,0,8.78,5.49,8,3.289999999999999,411.2499999999999,9.5,92.42105263157893,Within Expected
139,2,83.37,78.01,7,5.359999999999999,765.7142857142857,93.62857142857142,89.04333231614284,Below Expected
48,0,15.81,13.81,10,2.0,200.0,14.942857142857143,105.80305927342258,Within Expected
66,0,24.91,15.29,21,9.620000000000001,458.0952380952382,26.928571428571427,92.50397877984085,Within Expected
150,2,106.09,99.37,8,6.719999999999999,839.9999999999999,104.22857142857143,101.78591008771932,Within Expected
144,2,80.83,68.95,13,11.879999999999995,913.8461538461536,98.48571428571428,82.07281694226864,Below Expected
146,2,119.48,90.47,21,29.010000000000005,1381.4285714285716,100.42857142857143,118.97012802275961,Above Expected
69,0,24.9,22.24,3,2.66,886.6666666666667,29.157142857142855,85.39931406173444,Below Expected
140,2,117.66,98.22,13,19.439999999999998,1495.3846153846152,94.6,124.37632135306553,Above Expected
187,2,158.11,150.92,9,7.190000000000026,798.8888888888918,137.4142857142857,115.06081713275809,Above Expected
69,0,32.11,28.64,4,3.469999999999999,867.4999999999998,29.157142857142855,110.12738853503186,Above Expected
105,1,56.09,53.22,4,2.8700000000000045,717.5000000000011,60.5,92.7107438016529,Within Expected
151,2,93.25,73.66,14,19.590000000000003,1399.2857142857144,105.17142857142858,88.66476500950829,Below Expected
185,2,129.01,124.13,6,4.8799999999999955,813.3333333333326,135.72857142857143,95.04999473739606,Within Expected
105,1,48.4,39.15,8,9.25,1156.25,60.5,80.0,Below Expected
40,0,15.17,13.0,6,2.17,361.66666666666663,11.428571428571429,132.7375,Above Expected
185,2,143.14,138.55,14,4.589999999999975,327.85714285714107,135.72857142857143,105.46047784443742,Within Expected
84,1,40.2,32.71,13,7.490000000000002,576.1538461538463,41.3,97.33656174334142,Within Expected
105,1,72.5,55.75,17,16.75,985.2941176470589,60.5,119.83471074380165,Above Expected
69,0,26.17,21.76,9,4.41,490.0,29.157142857142855,89.75502204801569,Below Expected
181,2,90.06,78.72,18,11.340000000000003,630.0000000000002,132.34285714285713,68.05051813471503,Below Expected
146,2,73.81,59.28,13,14.530000000000001,1117.6923076923078,100.42857142857143,73.4950213371266,Below Expected
46,0,15.25,14.24,4,1.0099999999999998,252.49999999999994,14.028571428571428,108.70672097759675,Within Expected
137,2,105.0,94.28,7,10.719999999999999,1531.4285714285713,91.68571428571428,114.5216578373325,Above Expected
153,2,113.62,110.37,4,3.25,812.5,107.05714285714286,106.13023752335202,Within Expected
92,1,49.86,25.9,20,23.96,1198.0,48.42857142857143,102.95575221238937,Within Expected
118,1,82.24,70.99,15,11.25,750.0,73.12857142857142,112.4594647392069,Above Expected
167,2,109.59,100.1,10,9.490000000000009,949.0000000000009,120.07142857142857,91.27067221891731,Within Expected
115,1,65.37,59.59,8,5.780000000000001,722.5000000000001,70.21428571428571,93.10071210579859,Within Expected
90,1,47.44,39.23,8,8.21,1026.25,46.614285714285714,101.77137603432425,Within Expected
54,0,20.14,7.78,19,12.36,650.5263157894736,18.542857142857144,108.61325115562404,Within Expected
119,1,78.48,74.05,5,4.430000000000007,886.0000000000014,74.1,105.91093117408907,Within Expected
86,1,38.5,28.36,8,10.14,1267.5,43.07142857142857,89.38640132669984,Below Expected
166,2,121.13,118.7,3,2.4299999999999926,809.9999999999975,119.14285714285714,101.66786570743405,Within Expected
195,2,120.53,109.73,16,10.799999999999997,674.9999999999998,143.9857142857143,83.70969342196646,Below Expected
153,2,110.39,97.35,16,13.040000000000006,815.0000000000003,107.05714285714286,103.1131571924206,Within Expected
110,1,62.89,52.07,11,10.82,983.6363636363636,65.35714285714286,96.22513661202186,Within Expected
184,2,145.5,139.04,6,6.460000000000008,1076.6666666666679,134.88571428571427,107.86909553060792,Within Expected
192,2,151.03,144.96,12,6.069999999999993,505.8333333333328,141.54285714285714,106.70266451352441,Within Expected
153,2,108.7,82.37,19,26.33,1385.7894736842104,107.05714285714286,101.53456098211902,Within Expected
185,2,131.17,118.27,19,12.899999999999991,678.9473684210521,135.72857142857143,96.6414061677718,Within Expected
107,1,60.05,56.28,3,3.769999999999996,1256.6666666666654,62.44285714285714,96.16792495996339,Within Expected
59,0,23.37,7.64,20,15.73,786.5,21.9,106.71232876712331,Within Expected
50,0,14.55,10.74,7,3.8100000000000005,544.2857142857143,16.02857142857143,90.77540106951872,Within Expected
136,2,72.71,59.9,18,12.809999999999995,711.6666666666664,90.71428571428571,80.15275590551181,Below Expected
90,1,44.35,34.1,11,10.25,931.8181818181818,46.614285714285714,95.14250689549495,Within Expected
76,1,36.32,28.27,11,8.05,731.8181818181819,34.614285714285714,104.92777548493603,Within Expected
79,1,34.78,21.15,15,13.630000000000003,908.6666666666669,37.08571428571428,93.78274268104778,Within Expected
177,2,127.57,116.07,14,11.5,821.4285714285714,128.9142857142857,98.95722517730496,Within Expected
171,2,128.14,125.77,3,2.3699999999999903,789.9999999999968,123.65714285714286,103.62523105360441,Within Expected
52,0,17.7,14.73,5,2.969999999999999,593.9999999999998,17.285714285714285,102.39669421487602,Within Expected
92,1,42.84,27.35,17,15.490000000000002,911.1764705882354,48.42857142857143,88.46017699115045,Below Expected
183,2,110.81,102.74,14,8.070000000000007,576.428571428572,134.04285714285714,82.66759032292444,Below Expected
83,1,39.45,32.66,18,6.790000000000006,377.22222222222257,40.457142857142856,97.51059322033899,Within Expected
161,2,111.78,104.89,18,6.890000000000001,382.7777777777778,114.5,97.62445414847161,Within Expected
135,2,86.24,75.9,19,10.33999999999999,544.2105263157889,89.74285714285713,96.09678446354664,Within Expected
187,2,140.75,134.82,6,5.930000000000007,988.3333333333345,137.4142857142857,102.42748726478845,Within Expected
44,0,13.82,10.72,9,3.0999999999999996,344.4444444444444,13.114285714285714,105.38126361655773,Within Expected
175,2,133.03,121.69,13,11.340000000000003,872.3076923076926,127.2,104.58333333333334,Within Expected
193,2,144.93,131.8,18,13.129999999999995,729.4444444444442,142.35714285714286,101.80732563973909,Within Expected
86,1,48.97,44.6,5,4.369999999999997,873.9999999999994,43.07142857142857,113.69485903814262,Above Expected
164,2,113.7,105.65,9,8.049999999999997,894.4444444444441,117.28571428571429,96.9427527405603,Within Expected
116,1,69.98,52.98,19,17.000000000000007,894.7368421052635,71.18571428571428,98.30624122014852,Within Expected
28,0,6.36,5.58,4,0.7800000000000002,195.00000000000006,7.3,87.12328767123289,Below Expected
92,1,53.55,42.79,11,10.759999999999998,978.181818181818,48.42857142857143,110.57522123893804,Above Expected
145,2,99.71,86.64,18,13.069999999999993,726.1111111111107,99.45714285714286,100.25423728813558,Within Expected
150,2,103.41,92.57,13,10.840000000000003,833.8461538461542,104.22857142857143,99.21463815789473,Within Expected
145,2,111.55,104.45,13,7.099999999999994,546.1538461538457,99.45714285714286,112.15886239586325,Above Expected
178,2,128.23,120.53,9,7.699999999999989,855.5555555555543,129.77142857142857,98.81219726992514,Within Expected
81,1,46.21,32.03,14,14.18,1012.8571428571429,38.77142857142857,119.18570375829034,Above Expected
157,2,96.13,88.61,11,7.519999999999996,683.6363636363633,110.78571428571429,86.77111540941327,Below Expected
137,2,80.83,72.9,9,7.929999999999993,881.1111111111103,91.68571428571428,88.15986288563415,Below Expected
180,2,109.98,90.15,21,19.83,944.2857142857142,131.48571428571427,83.64406779661019,Below Expected
59,0,15.57,8.95,15,6.620000000000001,441.3333333333334,21.9,71.0958904109589,Below Expected
41,0,11.7,10.67,3,1.0299999999999994,343.3333333333331,11.814285714285713,99.03264812575576,Within Expected
150,2,84.68,74.09,13,10.590000000000003,814.6153846153849,104.22857142857143,81.24451754385966,Below Expected
176,2,117.25,98.17,20,19.08,954.0,128.05714285714285,91.56068719321732,Within Expected
79,1,33.11,28.19,11,4.919999999999998,447.2727272727271,37.08571428571428,89.27966101694916,Below Expected
58,0,19.89,16.31,5,3.580000000000002,716.0000000000005,21.2,93.82075471698114,Within Expected
176,2,147.37,139.39,10,7.980000000000018,798.0000000000018,128.05714285714285,115.0814368585453,Above Expected
93,1,51.57,37.83,21,13.740000000000002,654.2857142857143,49.357142857142854,104.48335745296673,Within Expected
92,1,34.04,28.23,7,5.809999999999999,829.9999999999999,48.42857142857143,70.28908554572271,Below Expected
86,1,46.32,34.29,15,12.030000000000001,802.0,43.07142857142857,107.54228855721392,Within Expected
87,1,41.12,37.13,5,3.989999999999995,797.999999999999,43.957142857142856,93.54566135846603,Within Expected
100,1,50.41,36.51,18,13.899999999999999,772.2222222222222,55.857142857142854,90.24808184143222,Within Expected
121,1,82.47,66.32,18,16.150000000000006,897.2222222222226,76.07142857142857,108.4112676056338,Within Expected
61,0,25.79,11.95,21,13.84,659.047619047619,23.3,110.68669527896995,Above Expected
68,0,31.51,17.76,21,13.75,654.7619047619048,28.414285714285715,110.89492207139267,Above Expected
67,0,30.92,25.89,9,5.030000000000001,558.888888888889,27.67142857142857,111.73980382034074,Above Expected
145,2,92.99,88.8,9,4.189999999999998,465.55555555555526,99.45714285714286,93.49755817293881,Within Expected
87,1,43.32,24.3,21,19.02,905.7142857142857,43.957142857142856,98.55053623659408,Within Expected
85,1,34.43,31.4,8,3.030000000000001,378.7500000000001,42.18571428571428,81.61530646799865,Below Expected
87,1,34.71,11.84,19,22.87,1203.6842105263158,43.957142857142856,78.96327591810206,Below Expected
39,0,11.22,8.72,8,2.5,312.5,11.042857142857143,101.60413971539457,Within Expected
113,1,61.64,54.51,9,7.130000000000003,792.2222222222225,68.27142857142857,90.2866708516426,Within Expected
106,1,58.51,47.68,14,10.829999999999998,773.5714285714284,61.47142857142857,95.18243086218916,Within Expected
79,1,36.55,28.13,9,8.419999999999998,935.5555555555553,37.08571428571428,98.55546995377505,Within Expected
74,1,41.76,33.47,20,8.29,414.5,33.042857142857144,126.38132295719844,Above Expected
189,2,120.35,114.67,9,5.679999999999993,631.1111111111103,139.1,86.52048885693745,Below Expected
130,2,77.65,67.1,15,10.550000000000011,703.3333333333342,84.88571428571429,91.4759340289465,Within Expected
88,1,52.97,32.97,19,20.0,1052.6315789473683,44.84285714285714,118.12360624402676,Above Expected
162,2,100.14,94.13,5,6.010000000000005,1202.0000000000011,115.42857142857143,86.7549504950495,Below Expected
170,2,112.78,103.89,17,8.89,522.9411764705883,122.77142857142857,91.86176402141028,Within Expected
192,2,134.45,118.76,18,15.689999999999984,871.6666666666657,141.54285714285714,94.98889786031489,Within Expected
175,2,136.87,122.99,15,13.88000000000001,925.333333333334,127.2,107.60220125786164,Within Expected
154,2,115.08,95.27,17,19.810000000000002,1165.294117647059,108.0,106.55555555555556,Within Expected
185,2,115.07,94.55,19,20.519999999999996,1079.9999999999998,135.72857142857143,84.77949689506367,Below Expected
90,1,52.46,39.13,18,13.329999999999998,740.5555555555554,46.614285714285714,112.54060680355502,Above Expected
37,0,12.2,9.04,9,3.16,351.11111111111114,10.27142857142857,118.77607788595273,Above Expected
79,1,36.61,34.47,3,2.1400000000000006,713.3333333333335,37.08571428571428,98.71725731895225,Within Expected
100,1,55.07,49.18,14,5.890000000000001,420.7142857142858,55.857142857142854,98.59079283887469,Within Expected
152,2,117.59,97.35,21,20.24000000000001,963.8095238095242,106.11428571428571,110.81448572967152,Above Expected
180,2,111.65,103.25,12,8.400000000000006,700.0000000000005,131.48571428571427,84.91416775315082,Below Expected
168,2,92.0,84.92,7,7.079999999999998,1011.4285714285711,121.0,76.03305785123968,Below Expected
73,1,37.66,30.49,8,7.169999999999998,896.2499999999998,32.25714285714285,116.74933569530559,Above Expected
170,2,95.78,90.74,7,5.040000000000006,720.0000000000009,122.77142857142857,78.01489411217129,Below Expected
55,0,19.91,8.91,16,11.0,687.5,19.17142857142857,103.85245901639344,Within Expected
43,0,13.45,8.71,19,4.739999999999998,249.47368421052624,12.657142857142857,106.26410835214446,Within Expected
121,1,64.65,60.69,8,3.960000000000008,495.000000000001,76.07142857142857,84.98591549295776,Below Expected
116,1,72.43,53.51,19,18.92000000000001,995.789473684211,71.18571428571428,101.74794300622116,Within Expected
195,2,155.64,150.64,5,5.0,1000.0,143.9857142857143,108.09405695009424,Within Expected
162,2,128.78,110.81,15,17.97,1198.0,115.42857142857143,111.56683168316832,Above Expected
159,2,80.92,75.59,8,5.329999999999998,666.2499999999998,112.64285714285714,71.83766645529487,Below Expected
151,2,106.3,101.42,5,4.8799999999999955,975.9999999999991,105.17142857142858,101.07307796794349,Within Expected
186,2,125.25,102.09,21,23.159999999999997,1102.8571428571427,136.57142857142856,91.71025104602512,Within Expected
34,0,10.14,8.46,5,1.6799999999999997,335.99999999999994,9.185714285714287,110.38880248833591,Above Expected
95,1,50.75,45.06,9,5.689999999999998,632.2222222222221,51.214285714285715,99.09344490934448,Within Expected
153,2,125.36,112.13,14,13.230000000000004,945.0000000000002,107.05714285714286,117.09634374165998,Above Expected
173,2,128.87,113.6,16,15.27000000000001,954.3750000000007,125.42857142857143,102.74373576309794,Within Expected
169,2,132.94,130.73,3,2.210000000000008,736.6666666666694,121.88571428571429,109.06938584153774,Within Expected
184,2,121.95,111.95,11,10.0,909.090909090909,134.88571428571427,90.40987079008686,Within Expected
88,1,43.87,32.26,16,11.61,725.625,44.84285714285714,97.83051927365403,Within Expected
146,2,110.03,103.17,7,6.859999999999999,979.9999999999999,100.42857142857143,109.56045519203414,Within Expected
82,1,43.71,32.77,14,10.939999999999998,781.4285714285712,39.614285714285714,110.33898305084746,Above Expected
188,2,145.05,142.08,3,2.969999999999999,989.9999999999997,138.25714285714284,104.91320520768757,Within Expected
66,0,29.16,22.17,14,6.989999999999998,499.28571428571416,26.928571428571427,108.28647214854112,Within Expected
120,1,85.82,70.11,15,15.709999999999994,1047.333333333333,75.08571428571427,114.29604261796042,Above Expected
137,2,70.44,54.86,14,15.579999999999998,1112.8571428571427,91.68571428571428,76.82767217201621,Below Expected
148,2,110.46,97.31,11,13.149999999999991,1195.4545454545446,102.34285714285714,107.93132328308208,Within Expected
72,1,30.48,21.28,11,9.2,836.3636363636363,31.47142857142857,96.84975034044486,Within Expected
31,0,6.66,5.51,4,1.1500000000000004,287.5000000000001,8.242857142857144,80.79722703639514,Below Expected
169,2,132.81,121.66,14,11.150000000000006,796.4285714285718,121.88571428571429,108.96272855133616,Within Expected
172,2,145.55,128.12,15,17.430000000000007,1162.0000000000005,124.54285714285714,116.86740077999542,Above Expected
122,1,61.11,54.67,6,6.439999999999998,1073.333333333333,77.05714285714285,79.30478309232481,Below Expected
134,2,100.76,96.34,4,4.420000000000002,1105.0000000000005,88.77142857142857,113.50498873511425,Above Expected
107,1,47.61,40.04,7,7.57,1081.4285714285713,62.44285714285714,76.24571036376115,Below Expected
123,1,87.2,69.62,13,17.58,1352.3076923076922,78.04285714285714,111.73347977301849,Above Expected
114,1,66.63,59.97,5,6.659999999999997,1331.9999999999993,69.24285714285713,96.22653187538684,Within Expected
175,2,124.11,121.36,4,2.75,687.5,127.2,97.57075471698113,Within Expected
45,0,14.08,6.3,17,7.78,457.6470588235294,13.571428571428571,103.74736842105263,Within Expected
171,2,133.45,125.33,10,8.11999999999999,811.9999999999991,123.65714285714286,107.91936229205174,Within Expected
168,2,147.9,139.88,11,8.02000000000001,729.09090909091,121.0,122.23140495867769,Above Expected
196,2,163.1,160.49,3,2.609999999999985,869.9999999999951,144.8,112.63812154696132,Above Expected
98,1,49.75,35.33,15,14.420000000000002,961.3333333333335,54.0,92.12962962962963,Within Expected
162,2,127.35,112.42,18,14.929999999999993,829.444444444444,115.42857142857143,110.3279702970297,Above Expected
158,2,108.59,103.64,6,4.950000000000003,825.0000000000005,111.71428571428571,97.20332480818415,Within Expected
140,2,81.39,72.92,6,8.469999999999999,1411.6666666666665,94.6,86.03594080338267,Below Expected
74,1,30.61,27.84,4,2.7699999999999996,692.4999999999999,33.042857142857144,92.63726761781236,Within Expected
49,0,17.39,15.62,5,1.7700000000000014,354.0000000000003,15.4,112.92207792207792,Above Expected
118,1,72.66,52.44,15,20.22,1347.9999999999998,73.12857142857142,99.35924985348701,Within Expected
49,0,18.58,12.12,14,6.459999999999999,461.42857142857133,15.4,120.64935064935062,Above Expected
50,0,18.67,16.41,4,2.2600000000000016,565.0000000000003,16.02857142857143,116.47950089126562,Above Expected
173,2,115.73,97.46,14,18.27000000000001,1305.000000000001,125.42857142857143,92.26765375854214,Within Expected
88,1,48.11,30.84,17,17.27,1015.8823529411765,44.84285714285714,107.28575979611341,Within Expected
65,0,26.01,22.28,5,3.7300000000000004,746.0000000000001,26.185714285714283,99.328968903437,Within Expected
159,2,112.07,99.23,10,12.83999999999999,1283.9999999999989,112.64285714285714,99.49143944197843,Within Expected
80,1,31.67,28.89,4,2.780000000000001,695.0000000000002,37.92857142857142,83.49905838041433,Below Expected
74,1,36.66,20.71,18,15.949999999999996,886.1111111111109,33.042857142857144,110.94682230869,Above Expected
189,2,143.73,139.35,6,4.3799999999999955,729.9999999999992,139.1,103.32854061826025,Within Expected
116,1,59.51,41.2,20,18.309999999999995,915.4999999999998,71.18571428571428,83.59823399558499,Below Expected
170,2,126.55,119.25,8,7.299999999999997,912.4999999999997,122.77142857142857,103.07772864789388,Within Expected
149,2,137.92,126.52,15,11.399999999999991,759.9999999999994,103.28571428571429,133.53250345781464,Above Expected
54,0,20.96,11.09,17,9.870000000000001,580.5882352941178,18.542857142857144,113.03543913713405,Above Expected
113,1,75.45,70.31,8,5.140000000000001,642.5000000000001,68.27142857142857,110.51475204017578,Above Expected
180,2,136.31,130.6,7,5.710000000000008,815.7142857142868,131.48571428571427,103.66905693176882,Within Expected
142,2,82.08,63.89,19,18.189999999999998,957.3684210526314,96.54285714285714,85.01923646049127,Below Expected
189,2,143.31,135.12,9,8.189999999999998,909.9999999999997,139.1,103.02659956865566,Within Expected
119,1,96.87,94.27,3,2.6000000000000085,866.6666666666695,74.1,130.72874493927128,Above Expected
179,2,123.86,110.88,18,12.980000000000004,721.1111111111113,130.62857142857143,94.81846019247594,Within Expected
151,2,104.02,98.57,5,5.450000000000003,1090.0000000000005,105.17142857142858,98.9051888073893,Within Expected
106,1,62.65,51.4,14,11.25,803.5714285714286,61.47142857142857,101.91726702300721,Within Expected
35,0,7.9,4.2,13,3.7,284.6153846153846,9.5,83.15789473684211,Below Expected
159,2,106.4,96.46,18,9.940000000000012,552.2222222222229,112.64285714285714,94.45783132530121,Within Expected
139,2,83.99,81.11,5,2.8799999999999955,575.9999999999991,93.62857142857142,89.70552334452243,Below Expected
48,0,13.44,9.36,9,4.08,453.33333333333337,14.942857142857143,89.94263862332696,Below Expected
168,2,98.2,92.5,8,5.700000000000003,712.5000000000003,121.0,81.15702479338843,Below Expected
151,2,120.72,115.66,4,5.060000000000002,1265.0000000000005,105.17142857142858,114.78402607986959,Above Expected
142,2,89.14,64.73,19,24.409999999999997,1284.736842105263,96.54285714285714,92.33205090263391,Within Expected
192,2,126.41,115.94,15,10.469999999999999,698.0,141.54285714285714,89.30863948324586,Below Expected
149,2,104.66,92.13,12,12.530000000000001,1044.1666666666667,103.28571428571429,101.33056708160441,Within Expected
169,2,143.31,139.77,4,3.539999999999992,884.999999999998,121.88571428571429,117.57735583684952,Above Expected
118,1,71.06,59.72,12,11.340000000000003,945.0000000000002,73.12857142857142,97.17132252393047,Within Expected
149,2,89.82,72.85,11,16.97,1542.7272727272727,103.28571428571429,86.96265560165975,Below Expected
47,0,15.0,10.7,9,4.300000000000001,477.7777777777778,14.485714285714286,103.55029585798816,Within Expected
80,1,39.74,20.55,16,19.19,1199.375,37.92857142857142,104.77589453860642,Within Expected
192,2,166.34,158.0,8,8.340000000000003,1042.5000000000005,141.54285714285714,117.51917642309245,Above Expected
189,2,139.55,126.65,14,12.900000000000006,921.4285714285718,139.1,100.32350826743351,Within Expected
101,1,57.97,50.15,8,7.82,977.5,56.785714285714285,102.08553459119496,Within Expected
45,0,13.32,2.5,21,10.82,515.2380952380953,13.571428571428571,98.14736842105263,Within Expected
141,2,83.32,57.01,21,26.309999999999995,1252.8571428571427,95.57142857142857,87.18086696562033,Below Expected
171,2,113.68,96.71,18,16.970000000000013,942.7777777777785,123.65714285714286,91.93160813308688,Within Expected
153,2,123.44,109.41,17,14.030000000000001,825.2941176470589,107.05714285714286,115.30290899386175,Above Expected
36,0,11.61,10.88,3,0.7299999999999986,243.3333333333329,9.885714285714286,117.4421965317919,Above Expected
189,2,141.5,138.03,3,3.469999999999999,1156.6666666666663,139.1,101.72537742631201,Within Expected
163,2,105.61,101.36,4,4.25,1062.5,116.35714285714286,90.7636586863106,Within Expected
71,1,31.53,19.22,17,12.310000000000002,724.1176470588236,30.685714285714283,102.75139664804472,Within Expected
93,1,39.69,28.66,12,11.029999999999998,919.1666666666665,49.357142857142854,80.41389290882779,Below Expected
150,2,86.34,79.42,9,6.920000000000002,768.888888888889,104.22857142857143,82.83717105263159,Below Expected
62,0,22.96,18.95,4,4.010000000000002,1002.5000000000003,24.0,95.66666666666667,Within Expected
89,1,39.0,32.74,6,6.259999999999998,1043.333333333333,45.72857142857143,85.28584817244611,Below Expected
92,1,53.39,42.36,13,11.030000000000001,848.4615384615386,48.42857142857143,110.24483775811208,Above Expected
152,2,84.49,75.99,8,8.5,1062.5,106.11428571428571,79.62170166935918,Below Expected
173,2,121.26,116.31,8,4.950000000000003,618.7500000000003,125.42857142857143,96.67653758542141,Within Expected
194,2,156.65,143.11,19,13.539999999999992,712.631578947368,143.17142857142858,109.41428856515665,Within Expected
176,2,141.27,131.17,8,10.100000000000023,1262.5000000000027,128.05714285714285,110.31793842034807,Above Expected
155,2,105.48,100.78,5,4.700000000000003,940.0000000000006,108.92857142857143,96.83409836065574,Within Expected
134,2,86.99,75.73,9,11.259999999999991,1251.1111111111102,88.77142857142857,97.99324106855487,Within Expected
85,1,38.76,33.88,7,4.8799999999999955,697.1428571428565,42.18571428571428,91.87944463257705,Within Expected
68,0,23.85,22.17,3,1.6799999999999997,559.9999999999999,28.414285714285715,83.93665158371041,Below Expected
191,2,121.77,109.14,19,12.629999999999995,664.736842105263,140.72857142857143,86.52827124149832,Below Expected
91,1,44.77,35.7,10,9.07,907.0,47.5,94.25263157894737,Within Expected
136,2,99.61,92.1,9,7.510000000000005,834.444444444445,90.71428571428571,109.80629921259843,Within Expected
66,0,33.66,25.76,17,7.899999999999995,464.7058823529409,26.928571428571427,124.99734748010609,Above Expected
191,2,161.37,148.96,18,12.409999999999997,689.4444444444443,140.72857142857143,114.66754644198558,Above Expected
93,1,46.99,37.35,13,9.64,741.5384615384615,49.357142857142854,95.20405209840811,Within Expected
188,2,154.3,143.58,14,10.719999999999999,765.7142857142857,138.25714285714284,111.60363711510645,Above Expected
63,0,29.2,22.24,9,6.960000000000001,773.3333333333335,24.7,118.21862348178138,Above Expected
49,0,14.21,11.06,20,3.1500000000000004,157.50000000000003,15.4,92.27272727272727,Within Expected
135,2,99.04,78.31,20,20.730000000000004,1036.5000000000002,89.74285714285713,110.35975803884115,Above Expected
167,2,111.51,100.12,11,11.39,1035.4545454545455,120.07142857142857,92.86972040452113,Within Expected
41,0,12.84,10.79,4,2.0500000000000007,512.5000000000002,11.814285714285713,108.6819830713422,Within Expected
96,1,43.86,21.38,21,22.48,1070.4761904761906,52.142857142857146,84.11506849315067,Below Expected
71,1,26.27,13.8,18,12.469999999999999,692.7777777777777,30.685714285714283,85.6098696461825,Below Expected
159,2,104.68,93.67,21,11.010000000000005,524.2857142857146,112.64285714285714,92.93088142041852,Within Expected
105,1,64.26,57.39,9,6.8700000000000045,763.3333333333338,60.5,106.21487603305786,Within Expected
135,2,73.35,61.14,12,12.209999999999994,1017.4999999999994,89.74285714285713,81.73352435530086,Below Expected
155,2,102.62,80.58,20,22.040000000000006,1102.0000000000002,108.92857142857143,94.20852459016393,Within Expected
75,1,30.38,24.35,8,6.029999999999998,753.7499999999997,33.82857142857143,89.80574324324324,Below Expected
184,2,144.34,141.43,4,2.9099999999999966,727.4999999999991,134.88571428571427,107.00910823977972,Within Expected
145,2,100.14,75.51,20,24.629999999999995,1231.4999999999998,99.45714285714286,100.68658431485204,Within Expected
195,2,162.83,154.78,8,8.050000000000011,1006.2500000000014,143.9857142857143,113.0876078976089,Above Expected
179,2,120.48,110.9,14,9.579999999999998,684.2857142857142,130.62857142857143,92.23097112860891,Within Expected
46,0,16.2,11.46,12,4.739999999999998,394.99999999999983,14.028571428571428,115.4786150712831,Above Expected
94,1,58.35,47.31,12,11.04,919.9999999999999,50.285714285714285,116.03693181818183,Above Expected
193,2,137.52,133.55,6,3.969999999999999,661.6666666666665,142.35714285714286,96.60210737581536,Within Expected
98,1,57.71,43.24,17,14.469999999999999,851.1764705882352,54.0,106.87037037037037,Within Expected
66,0,30.24,13.1,21,17.14,816.1904761904763,26.928571428571427,112.29708222811672,Above Expected
67,0,23.17,6.31,18,16.860000000000003,936.6666666666669,27.67142857142857,83.73257614868353,Below Expected
125,1,79.07,59.82,19,19.249999999999993,1013.1578947368419,80.01428571428572,98.81985359757185,Within Expected
189,2,138.46,119.94,20,18.52000000000001,926.0000000000005,139.1,99.53989935298347,Within Expected
96,1,58.12,39.41,18,18.71,1039.4444444444443,52.142857142857146,111.46301369863012,Above Expected
29,0,6.8,5.58,6,1.2199999999999998,203.3333333333333,7.614285714285714,89.30581613508443,Below Expected
108,1,57.17,34.8,17,22.370000000000005,1315.8823529411768,63.41428571428571,90.15318765487723,Within Expected
102,1,51.26,44.02,9,7.239999999999995,804.4444444444439,57.714285714285715,88.8168316831683,Below Expected
123,1,78.6,66.94,9,11.659999999999997,1295.5555555555552,78.04285714285714,100.71389346512905,Within Expected
55,0,19.04,8.07,20,10.969999999999999,548.5,19.17142857142857,99.3144560357675,Within Expected
165,2,101.0,91.35,12,9.650000000000006,804.1666666666672,118.21428571428571,85.4380664652568,Below Expected
48,0,16.06,13.17,9,2.889999999999999,321.111111111111,14.942857142857143,107.47609942638623,Within Expected
42,0,12.33,3.2,21,9.129999999999999,434.76190476190476,12.2,101.06557377049181,Within Expected
47,0,14.45,5.39,20,9.059999999999999,452.99999999999994,14.485714285714286,99.7534516765286,Within Expected
156,2,117.27,104.51,17,12.759999999999991,750.5882352941171,109.85714285714286,106.74772431729518,Within Expected
152,2,117.44,110.77,7,6.670000000000002,952.8571428571431,106.11428571428571,110.67312870220786,Above Expected
95,1,48.05,26.82,17,21.229999999999997,1248.8235294117644,51.214285714285715,93.82147838214783,Within Expected
187,2,127.93,123.69,8,4.240000000000009,530.0000000000011,137.4142857142857,93.09803513878782,Within Expected
77,1,30.04,23.9,7,6.140000000000001,877.1428571428572,35.4,84.85875706214689,Below Expected
106,1,58.57,49.39,12,9.18,765.0,61.47142857142857,95.28003718336045,Within Expected
129,2,76.22,63.32,16,12.899999999999999,806.2499999999999,83.91428571428571,90.8307797071842,Within Expected
139,2,92.37,81.45,10,10.920000000000002,1092.0,93.62857142857142,98.655782728105,Within Expected
62,0,26.67,7.9,17,18.770000000000003,1104.1176470588236,24.0,111.125,Above Expected
143,2,100.44,92.86,9,7.579999999999998,842.222222222222,97.51428571428572,103.00029299736302,Within Expected
188,2,141.41,138.51,7,2.9000000000000057,414.2857142857151,138.25714285714284,102.28042984087622,Within Expected
191,2,145.61,135.72,10,9.890000000000015,989.0000000000015,140.72857142857143,103.46868338239774,Within Expected
143,2,101.67,83.62,20,18.049999999999997,902.4999999999999,97.51428571428572,104.26164664518018,Within Expected
173,2,131.02,117.07,15,13.950000000000017,930.0000000000011,125.42857142857143,104.45785876993168,Within Expected
102,1,57.92,54.7,3,3.219999999999999,1073.333333333333,57.714285714285715,100.35643564356435,Within Expected
181,2,156.33,143.74,18,12.590000000000003,699.4444444444447,132.34285714285713,118.12500000000001,Above Expected
118,1,75.63,60.54,15,15.089999999999996,1005.9999999999998,73.12857142857142,103.42058995897636,Within Expected
143,2,70.39,67.07,4,3.3200000000000074,830.0000000000018,97.51428571428572,72.18429534134192,Below Expected
176,2,160.06,141.59,21,18.47,879.5238095238095,128.05714285714285,124.99107541276217,Above Expected
181,2,126.89,123.46,4,3.430000000000007,857.5000000000017,132.34285714285713,95.87974956822109,Within Expected
59,0,22.04,17.14,11,4.899999999999999,445.4545454545453,21.9,100.6392694063927,Within Expected
104,1,63.97,53.13,14,10.839999999999996,774.285714285714,59.57142857142857,107.38369304556355,Within Expected
166,2,110.68,97.92,15,12.760000000000005,850.666666666667,119.14285714285714,92.89688249400481,Within Expected
38,0,10.23,8.52,4,1.7100000000000009,427.5000000000002,10.657142857142857,95.99195710455764,Within Expected
50,0,16.4,14.22,5,2.179999999999998,435.9999999999996,16.02857142857143,102.31729055258467,Within Expected
102,1,50.89,40.43,19,10.46,550.5263157894738,57.714285714285715,88.17574257425743,Below Expected
149,2,77.83,66.43,18,11.399999999999991,633.3333333333328,103.28571428571429,75.35408022130014,Below Expected
76,1,40.12,36.39,7,3.729999999999997,532.8571428571423,34.614285714285714,115.90590177465951,Above Expected
57,0,23.48,10.45,17,13.030000000000001,766.4705882352943,20.5,114.53658536585367,Above Expected
159,2,108.39,88.84,20,19.549999999999997,977.4999999999998,112.64285714285714,96.22447685478758,Within Expected
129,2,88.42,80.43,7,7.989999999999995,1141.4285714285709,83.91428571428571,105.36942458290774,Within Expected
117,1,74.76,66.01,7,8.75,1250.0,72.15714285714286,103.60720649376363,Within Expected
36,0,10.48,7.03,14,3.45,246.42857142857144,9.885714285714286,106.01156069364161,Within Expected
78,1,33.83,29.92,4,3.9099999999999966,977.4999999999991,36.24285714285714,93.34253054789122,Within Expected
169,2,143.01,135.74,8,7.269999999999982,908.7499999999977,121.88571428571429,117.33122362869197,Above Expected
127,2,87.75,70.62,18,17.129999999999995,951.6666666666664,81.97142857142858,107.0494945974207,Within Expected
163,2,93.89,86.78,8,7.109999999999999,888.7499999999999,116.35714285714286,80.69122160834867,Below Expected
164,2,134.58,128.54,5,6.0400000000000205,1208.000000000004,117.28571428571429,114.74543239951281,Above Expected
93,1,62.6,56.03,7,6.57,938.5714285714287,49.357142857142854,126.83068017366136,Above Expected
58,0,20.92,13.57,16,7.350000000000001,459.3750000000001,21.2,98.67924528301887,Within Expected
101,1,67.67,54.69,15,12.980000000000004,865.3333333333336,56.785714285714285,119.1672955974843,Above Expected
195,2,143.91,138.0,8,5.909999999999997,738.7499999999995,143.9857142857143,99.94741541819624,Within Expected
115,1,87.42,77.72,10,9.700000000000003,970.0000000000003,70.21428571428571,124.50457782299085,Above Expected
154,2,121.65,113.83,8,7.820000000000007,977.5000000000009,108.0,112.63888888888889,Above Expected
94,1,47.61,38.68,9,8.93,992.2222222222222,50.285714285714285,94.67897727272727,Within Expected
137,2,70.32,61.63,10,8.68999999999999,868.9999999999991,91.68571428571428,76.69679027734496,Below Expected
114,1,77.18,73.99,4,3.190000000000012,797.500000000003,69.24285714285713,111.46276047039407,Above Expected
47,0,13.55,4.07,18,9.48,526.6666666666667,14.485714285714286,93.54043392504931,Within Expected
155,2,115.92,90.51,21,25.409999999999997,1209.9999999999998,108.92857142857143,106.41836065573771,Within Expected
102,1,44.13,34.52,9,9.61,1067.7777777777778,57.714285714285715,76.46287128712872,Below Expected
150,2,87.2,84.56,3,2.6400000000000006,880.0000000000002,104.22857142857143,83.66228070175438,Below Expected
54,0,22.05,17.09,13,4.960000000000001,381.5384615384616,18.542857142857144,118.91371340523882,Above Expected
180,2,165.08,148.57,13,16.51000000000002,1270.0000000000016,131.48571428571427,125.54976097348982,Above Expected
50,0,20.23,15.03,7,5.200000000000001,742.857142857143,16.02857142857143,126.21212121212122,Above Expected
94,1,35.2,25.02,14,10.180000000000003,727.1428571428575,50.285714285714285,70.0,Below Expected
189,2,145.62,135.57,14,10.050000000000011,717.8571428571437,139.1,104.68727534148097,Within Expected
55,0,20.53,10.82,19,9.71,511.0526315789474,19.17142857142857,107.08643815201194,Within Expected
185,2,151.55,149.44,3,2.1100000000000136,703.3333333333379,135.72857142857143,111.65666771918745,Above Expected
176,2,117.45,106.44,16,11.010000000000005,688.1250000000003,128.05714285714285,91.71686746987953,Within Expected
149,2,80.09,68.94,11,11.150000000000006,1013.6363636363641,103.28571428571429,77.54218533886583,Below Expected
124,1,70.69,57.61,16,13.079999999999998,817.4999999999999,79.02857142857142,89.44866232827188,Below Expected
137,2,103.41,89.75,18,13.659999999999997,758.8888888888887,91.68571428571428,112.78747273293861,Above Expected
147,2,91.34,84.13,6,7.210000000000008,1201.6666666666679,101.4,90.07889546351085,Within Expected
72,1,39.63,33.06,8,6.57,821.25,31.47142857142857,125.92374035406264,Above Expected
176,2,122.66,115.22,11,7.439999999999998,676.3636363636361,128.05714285714285,95.78536367692995,Within Expected
193,2,105.37,83.66,21,21.710000000000008,1033.809523809524,142.35714285714286,74.01806322127446,Below Expected
34,0,8.35,5.12,10,3.2299999999999995,322.99999999999994,9.185714285714287,90.90202177293934,Within Expected
66,0,31.86,20.77,14,11.09,792.1428571428571,26.928571428571427,118.3129973474801,Above Expected
162,2,125.83,114.81,12,11.019999999999996,918.333333333333,115.42857142857143,109.01113861386138,Within Expected
164,2,135.98,128.14,12,7.840000000000003,653.3333333333336,117.28571428571429,115.93909866017052,Above Expected
194,2,135.37,131.54,5,3.8300000000000125,766.0000000000025,143.17142857142858,94.55098782678108,Within Expected
133,2,71.65,61.94,10,9.710000000000008,971.0000000000008,87.8,81.60592255125285,Below Expected
36,0,12.07,10.88,3,1.1899999999999995,396.6666666666665,9.885714285714286,122.09537572254334,Above Expected
127,2,92.3,87.05,8,5.25,656.25,81.97142857142858,112.60020913210175,Above Expected
97,1,47.26,22.12,21,25.139999999999997,1197.142857142857,53.07142857142857,89.04979811574697,Below Expected
154,2,111.71,89.39,18,22.319999999999993,1239.9999999999995,108.0,103.43518518518518,Within Expected
136,2,91.98,75.39,19,16.590000000000003,873.1578947368422,90.71428571428571,101.3952755905512,Within Expected
143,2,96.21,87.78,8,8.429999999999993,1053.749999999999,97.51428571428572,98.66246703779666,Within Expected
77,1,37.56,20.13,21,17.430000000000003,830.0000000000002,35.4,106.10169491525426,Within Expected
134,2,92.52,90.83,3,1.6899999999999977,563.3333333333326,88.77142857142857,104.22272288381073,Within Expected
144,2,106.25,89.73,14,16.519999999999996,1179.9999999999998,98.48571428571428,107.88366695677401,Within Expected
32,0,8.78,5.94,10,2.839999999999999,283.99999999999994,8.557142857142857,102.60434056761267,Within Expected
66,0,26.22,20.29,11,5.93,539.090909090909,26.928571428571427,97.36870026525199,Within Expected
62,0,30.11,28.0,4,2.1099999999999994,527.4999999999999,24.0,125.45833333333334,Above Expected
159,2,106.99,96.49,7,10.5,1500.0,112.64285714285714,94.98161065313887,Within Expected
189,2,136.2,120.2,21,15.999999999999986,761.9047619047612,139.1,97.91516894320633,Within Expected
60,0,18.76,2.81,21,15.950000000000001,759.5238095238096,22.6,83.00884955752213,Below Expected
118,1,67.81,63.86,3,3.950000000000003,1316.6666666666677,73.12857142857142,92.72709513576872,Within Expected
117,1,60.35,44.16,21,16.190000000000005,770.9523809523812,72.15714285714286,83.63690358344881,Below Expected
174,2,123.01,110.01,13,13.0,1000.0,126.31428571428572,97.38407600090477,Within Expected
183,2,148.03,133.18,17,14.849999999999994,873.5294117647055,134.04285714285714,110.4348289459661,Above Expected
69,0,33.33,24.71,8,8.619999999999997,1077.4999999999998,29.157142857142855,114.31161195492405,Above Expected
107,1,64.55,60.2,4,4.349999999999994,1087.4999999999986,62.44285714285714,103.37451384122627,Within Expected
188,2,153.82,140.36,15,13.45999999999998,897.333333333332,138.25714285714284,111.2564579458566,Above Expected
157,2,96.72,89.28,14,7.439999999999998,531.4285714285712,110.78571428571429,87.30367504835588,Below Expected
118,1,73.35,69.08,8,4.269999999999996,533.7499999999995,73.12857142857142,100.30279351435827,Within Expected
176,2,149.43,142.41,7,7.02000000000001,1002.8571428571443,128.05714285714285,116.690093708166,Above Expected
144,2,84.97,65.95,15,19.019999999999996,1267.9999999999998,98.48571428571428,86.27647229474906,Below Expected
130,2,85.93,75.16,10,10.77000000000001,1077.0000000000011,84.88571428571429,101.2302255132952,Within Expected
127,2,97.87,86.68,10,11.189999999999998,1118.9999999999998,81.97142857142858,119.39525967235971,Above Expected
44,0,12.97,5.2,17,7.7700000000000005,457.05882352941177,13.114285714285714,98.89978213507626,Within Expected
67,0,28.35,21.76,10,6.59,659.0,27.67142857142857,102.45224574083636,Within Expected
128,2,73.07,67.6,6,5.469999999999999,911.6666666666665,82.94285714285714,88.09679641749914,Below Expected
141,2,92.52,72.69,14,19.83,1416.4285714285713,95.57142857142857,96.80717488789237,Within Expected
133,2,86.27,76.65,11,9.61999999999999,874.5454545454536,87.8,98.25740318906607,Within Expected
118,1,91.59,70.6,18,20.99000000000001,1166.1111111111115,73.12857142857142,125.245165071303,Above Expected
55,0,21.32,9.27,16,12.05,753.125,19.17142857142857,111.20715350223547,Above Expected
138,2,89.67,75.54,14,14.129999999999995,1009.2857142857139,92.65714285714286,96.77613320999075,Within Expected
90,1,41.98,32.97,13,9.009999999999998,693.0769230769229,46.614285714285714,90.05822862396568,Within Expected
124,1,63.18,61.21,3,1.9699999999999989,656.6666666666663,79.02857142857142,79.94577006507593,Below Expected
57,0,21.83,9.38,15,12.449999999999998,829.9999999999999,20.5,106.48780487804876,Within Expected
114,1,69.34,55.26,11,14.080000000000005,1280.0000000000005,69.24285714285713,100.14029296472047,Within Expected
41,0,11.3,3.78,20,7.520000000000001,376.00000000000006,11.814285714285713,95.64691656590087,Within Expected
118,1,72.5,68.83,6,3.6700000000000017,611.666666666667,73.12857142857142,99.14045712053137,Within Expected
155,2,108.48,102.63,6,5.8500000000000085,975.0000000000014,108.92857142857143,99.58819672131148,Within Expected
34,0,9.79,8.2,9,1.5899999999999999,176.66666666666663,9.185714285714287,106.57853810264383,Within Expected
76,1,31.88,20.73,14,11.149999999999999,796.4285714285713,34.614285714285714,92.10070160957491,Within Expected
195,2,139.68,133.6,10,6.0800000000000125,608.0000000000013,143.9857142857143,97.009623970632,Within Expected
153,2,112.43,108.46,5,3.970000000000013,794.0000000000026,107.05714285714286,105.01868161195623,Within Expected
184,2,135.96,130.47,14,5.490000000000009,392.1428571428578,134.88571428571427,100.79644143190004,Within Expected
141,2,89.19,72.12,16,17.069999999999993,1066.8749999999995,95.57142857142857,93.32286995515695,Within Expected
75,1,38.07,35.45,3,2.6199999999999974,873.3333333333325,33.82857142857143,112.53800675675676,Above Expected
121,1,86.15,76.31,11,9.840000000000003,894.5454545454548,76.07142857142857,113.24882629107982,Above Expected
79,1,38.79,21.95,21,16.84,801.9047619047619,37.08571428571428,104.59553158705701,Within Expected
130,2,82.6,68.61,13,13.989999999999995,1076.1538461538457,84.88571428571429,97.30730393806797,Within Expected
75,1,41.87,38.36,5,3.509999999999998,701.9999999999997,33.82857142857143,123.77111486486486,Above Expected
108,1,54.14,30.59,16,23.55,1471.875,63.41428571428571,85.37508447848616,Below Expected
92,1,61.49,49.43,14,12.060000000000002,861.4285714285716,48.42857142857143,126.97050147492625,Above Expected
52,0,20.32,11.17,17,9.15,538.2352941176471,17.285714285714285,117.55371900826448,Above Expected
54,0,20.09,14.73,8,5.359999999999999,669.9999999999999,18.542857142857144,108.34360554699536,Within Expected
147,2,116.36,97.99,18,18.370000000000005,1020.5555555555559,101.4,114.7534516765286,Above Expected
178,2,120.97,107.37,13,13.599999999999994,1046.1538461538457,129.77142857142857,93.2177454865698,Within Expected
85,1,36.02,22.32,17,13.700000000000003,805.8823529411766,42.18571428571428,85.38435489332883,Below Expected
194,2,160.44,158.87,3,1.5699999999999932,523.3333333333311,143.17142857142858,112.0614647774895,Above Expected
174,2,116.08,114.72,4,1.3599999999999994,339.9999999999999,126.31428571428572,91.89776068762723,Within Expected
40,0,10.97,3.97,17,7.0,411.7647058823529,11.428571428571429,95.9875,Within Expected
107,1,52.62,46.51,8,6.109999999999999,763.7499999999999,62.44285714285714,84.26904598490049,Below Expected
121,1,78.63,63.38,16,15.249999999999993,953.1249999999995,76.07142857142857,103.36338028169014,Within Expected
108,1,48.82,42.22,8,6.600000000000001,825.0000000000002,63.41428571428571,76.98580761432756,Below Expected
87,1,47.62,43.63,5,3.989999999999995,797.999999999999,43.957142857142856,108.33279168020799,Within Expected
152,2,121.4,116.12,4,5.280000000000001,1320.0000000000002,106.11428571428571,114.40495422724825,Above Expected
169,2,105.18,94.46,11,10.720000000000013,974.5454545454558,121.88571428571429,86.29395218002813,Below Expected
189,2,147.83,130.69,14,17.140000000000015,1224.2857142857154,139.1,106.27606038820994,Within Expected
44,0,13.18,3.94,19,9.24,486.3157894736842,13.114285714285714,100.50108932461875,Within Expected
152,2,97.18,89.9,9,7.280000000000001,808.888888888889,106.11428571428571,91.58050619278407,Within Expected
180,2,160.6,146.78,21,13.819999999999993,658.0952380952377,131.48571428571427,122.14254671881793,Above Expected
123,1,85.91,80.23,8,5.679999999999993,709.9999999999991,78.04285714285714,110.08054182683506,Above Expected
165,2,89.02,71.65,18,17.36999999999999,964.9999999999994,118.21428571428571,75.30392749244713,Below Expected
108,1,64.76,55.82,12,8.940000000000005,745.0000000000005,63.41428571428571,102.1220995719757,Within Expected
105,1,60.19,41.47,15,18.72,1248.0,60.5,99.48760330578511,Within Expected
164,2,95.19,89.35,8,5.840000000000003,730.0000000000005,117.28571428571429,81.1607795371498,Below Expected
132,2,88.86,83.24,6,5.6200000000000045,936.6666666666674,86.82857142857142,102.3395853899309,Within Expected
167,2,164.05,152.06,15,11.990000000000009,799.3333333333339,120.07142857142857,136.62700773349198,Above Expected
98,1,52.97,44.22,21,8.75,416.6666666666667,54.0,98.09259259259258,Within Expected
144,2,112.82,93.79,17,19.029999999999987,1119.4117647058818,98.48571428571428,114.5546852335364,Above Expected
179,2,131.03,128.73,3,2.3000000000000114,766.6666666666705,130.62857142857143,100.3073053368329,Within Expected
79,1,34.99,24.82,15,10.170000000000002,678.0000000000001,37.08571428571428,94.34899845916796,Within Expected
86,1,41.39,18.79,20,22.6,1130.0000000000002,43.07142857142857,96.0961857379768,Within Expected
76,1,31.11,24.95,11,6.16,560.0,34.614285714285714,89.87618654560463,Below Expected
110,1,85.22,81.62,4,3.5999999999999943,899.9999999999986,65.35714285714286,130.3912568306011,Above Expected
177,2,107.03,104.46,4,2.5700000000000074,642.5000000000018,128.9142857142857,83.02415780141844,Below Expected
69,0,35.61,29.65,12,5.960000000000001,496.66666666666674,29.157142857142855,122.13130818226361,Above Expected
57,0,22.9,10.53,14,12.37,883.5714285714286,20.5,111.70731707317071,Above Expected
138,2,81.85,77.94,6,3.9099999999999966,651.6666666666661,92.65714285714286,88.336416897934,Below Expected
131,2,76.11,71.98,4,4.1299999999999955,1032.4999999999989,85.85714285714286,88.64725457570715,Below Expected
39,0,11.4,6.11,16,5.29,330.625,11.042857142857143,103.23415265200518,Within Expected
88,1,50.0,46.7,5,3.299999999999997,659.9999999999994,44.84285714285714,111.50047785919084,Above Expected
138,2,102.67,87.26,21,15.409999999999997,733.8095238095237,92.65714285714286,110.80635214307739,Above Expected
135,2,76.81,66.47,8,10.340000000000003,1292.5000000000005,89.74285714285713,85.58898439987266,Below Expected
74,1,26.26,19.5,13,6.760000000000002,520.0000000000001,33.042857142857144,79.47254647643753,Below Expected
104,1,66.29,63.6,3,2.690000000000005,896.6666666666683,59.57142857142857,111.27817745803358,Above Expected
62,0,24.13,18.96,15,5.169999999999998,344.6666666666666,24.0,100.54166666666666,Within Expected
114,1,81.3,63.92,15,17.379999999999995,1158.6666666666663,69.24285714285713,117.41283268000826,Above Expected
30,0,7.02,6.2,5,0.8199999999999994,163.99999999999986,7.928571428571429,88.54054054054053,Below Expected
107,1,80.83,65.95,16,14.879999999999995,929.9999999999998,62.44285714285714,129.44635094943948,Above Expected
101,1,57.84,43.62,20,14.220000000000006,711.0000000000003,56.785714285714285,101.85660377358492,Within Expected
89,1,39.29,33.25,6,6.039999999999999,1006.6666666666666,45.72857142857143,85.92002499218994,Below Expected
178,2,122.39,97.49,21,24.900000000000006,1185.714285714286,129.77142857142857,94.31197710259798,Within Expected
31,0,7.38,5.73,7,1.6499999999999995,235.71428571428564,8.242857142857144,89.5320623916811,Below Expected
127,2,85.46,81.91,3,3.549999999999997,1183.3333333333323,81.97142857142858,104.25583827117461,Within Expected
88,1,56.72,50.55,6,6.170000000000002,1028.3333333333335,44.84285714285714,126.48614208346606,Above Expected
25,0,6.22,5.73,3,0.4899999999999993,163.33333333333312,6.7,92.83582089552237,Within Expected
110,1,80.27,76.67,3,3.5999999999999943,1199.9999999999982,65.35714285714286,122.8174863387978,Above Expected
189,2,98.46,90.1,10,8.36,836.0,139.1,70.78360891445004,Below Expected
82,1,39.72,17.96,20,21.759999999999998,1087.9999999999998,39.614285714285714,100.26685899747565,Within Expected
109,1,65.85,56.39,16,9.459999999999994,591.2499999999997,64.38571428571429,102.27424007100066,Within Expected
191,2,141.96,130.95,12,11.01000000000002,917.5000000000016,140.72857142857143,100.8750380672013,Within Expected
28,0,5.64,5.26,6,0.3799999999999999,63.333333333333314,7.3,77.26027397260273,Below Expected
94,1,59.26,45.6,11,13.659999999999997,1241.8181818181815,50.285714285714285,117.8465909090909,Above Expected
130,2,93.28,78.49,17,14.790000000000006,870.0000000000003,84.88571428571429,109.88892628744532,Within Expected
111,1,72.75,49.11,20,23.64,1182.0,66.32857142857142,109.68124057721302,Within Expected
106,1,65.02,57.91,5,7.109999999999999,1422.0,61.47142857142857,105.7727167092726,Within Expected
138,2,92.12,77.34,17,14.780000000000001,869.4117647058824,92.65714285714286,99.42028985507247,Within Expected
146,2,86.08,71.88,19,14.200000000000003,747.3684210526317,100.42857142857143,85.71266002844949,Below Expected
95,1,40.94,39.19,5,1.75,350.0,51.214285714285715,79.93863319386332,Below Expected
144,2,107.13,99.12,9,8.009999999999991,889.999999999999,98.48571428571428,108.77719756309834,Within Expected
191,2,154.76,141.75,11,13.009999999999991,1182.727272727272,140.72857142857143,109.97056136432847,Within Expected
180,2,133.96,125.85,10,8.110000000000014,811.0000000000014,131.48571428571427,101.88179052585835,Within Expected
121,1,81.92,65.05,18,16.870000000000005,937.2222222222225,76.07142857142857,107.68826291079814,Within Expected
80,1,37.5,34.39,5,3.1099999999999994,621.9999999999999,37.92857142857142,98.87005649717516,Within Expected
110,1,59.67,41.36,14,18.310000000000002,1307.8571428571431,65.35714285714286,91.2983606557377,Within Expected
116,1,79.88,62.02,21,17.859999999999992,850.4761904761901,71.18571428571428,112.21352598836043,Above Expected
114,1,83.87,77.52,9,6.3500000000000085,705.5555555555565,69.24285714285713,121.1244068495977,Above Expected
180,2,160.36,154.07,7,6.2900000000000205,898.5714285714315,131.48571428571427,121.96001738374622,Above Expected
113,1,68.91,64.86,4,4.049999999999997,1012.4999999999993,68.27142857142857,100.9353421217828,Within Expected
185,2,90.82,75.01,17,15.809999999999988,929.9999999999993,135.72857142857143,66.91295653089148,Below Expected
148,2,99.59,89.73,10,9.86,986.0,102.34285714285714,97.31016192071469,Within Expected
196,2,152.05,143.49,10,8.560000000000002,856.0000000000002,144.8,105.00690607734806,Within Expected
58,0,20.88,11.47,15,9.409999999999998,627.3333333333331,21.2,98.49056603773585,Within Expected
60,0,19.83,15.45,5,4.379999999999999,875.9999999999998,22.6,87.74336283185839,Below Expected
110,1,61.93,58.77,3,3.1599999999999966,1053.3333333333321,65.35714285714286,94.75628415300545,Within Expected
194,2,166.3,154.24,12,12.060000000000002,1005.0000000000001,143.17142857142858,116.1544601875873,Above Expected
36,0,11.09,7.66,10,3.4299999999999997,343.0,9.885714285714286,112.18208092485548,Above Expected
56,0,22.09,16.22,18,5.870000000000001,326.1111111111112,19.8,111.56565656565655,Above Expected
149,2,112.66,107.34,5,5.319999999999993,1063.9999999999986,103.28571428571429,109.07607192254494,Within Expected
179,2,154.23,147.27,8,6.9599999999999795,869.9999999999975,130.62857142857143,118.06758530183725,Above Expected
64,0,28.08,25.19,5,2.889999999999997,577.9999999999994,25.442857142857143,110.36496350364963,Above Expected
167,2,124.01,116.07,8,7.940000000000012,992.5000000000015,120.07142857142857,103.28019036287925,Within Expected
44,0,12.28,11.39,3,0.8899999999999988,296.66666666666623,13.114285714285714,93.63834422657952,Within Expected
83,1,50.02,35.98,18,14.040000000000006,780.0000000000003,40.457142857142856,123.63700564971754,Above Expected
153,2,86.3,59.74,17,26.559999999999995,1562.3529411764703,107.05714285714286,80.61115559113958,Below Expected
186,2,115.71,109.85,7,5.859999999999999,837.1428571428571,136.57142857142856,84.72489539748955,Below Expected
90,1,48.83,43.34,10,5.489999999999995,548.9999999999995,46.614285714285714,104.75329451425068,Within Expected
46,0,15.74,9.89,14,5.85,417.85714285714283,14.028571428571428,112.19959266802444,Above Expected
65,0,23.42,20.54,4,2.8800000000000026,720.0000000000007,26.185714285714283,89.43807965084562,Below Expected
150,2,90.03,77.96,10,12.070000000000007,1207.0000000000007,104.22857142857143,86.37746710526316,Below Expected
172,2,126.54,118.39,8,8.150000000000006,1018.7500000000007,124.54285714285714,101.60357880247763,Within Expected
145,2,98.69,90.1,8,8.590000000000003,1073.7500000000005,99.45714285714286,99.22866992243608,Within Expected
42,0,12.99,9.76,6,3.2300000000000004,538.3333333333335,12.2,106.47540983606558,Within Expected
144,2,81.24,68.95,10,12.289999999999992,1228.999999999999,98.48571428571428,82.48912097476067,Below Expected
136,2,80.84,69.8,14,11.040000000000006,788.571428571429,90.71428571428571,89.11496062992127,Below Expected
96,1,54.66,47.25,12,7.409999999999997,617.4999999999998,52.142857142857146,104.82739726027397,Within Expected
84,1,51.36,44.07,8,7.289999999999999,911.2499999999999,41.3,124.35835351089588,Above Expected
161,2,89.65,72.79,12,16.86,1405.0,114.5,78.29694323144105,Below Expected
155,2,88.99,69.51,20,19.47999999999999,973.9999999999995,108.92857142857143,81.69573770491803,Below Expected
49,0,17.87,10.63,19,7.24,381.05263157894734,15.4,116.03896103896105,Above Expected
122,1,77.06,73.42,3,3.6400000000000006,1213.3333333333335,77.05714285714285,100.0037078235076,Within Expected
40,0,11.83,10.46,3,1.3699999999999992,456.6666666666664,11.428571428571429,103.5125,Within Expected
106,1,64.83,46.88,18,17.949999999999996,997.2222222222221,61.47142857142857,105.46363002556356,Within Expected
101,1,54.94,45.37,10,9.57,957.0000000000001,56.785714285714285,96.7496855345912,Within Expected
181,2,179.26,161.82,15,17.439999999999998,1162.6666666666665,132.34285714285713,135.45120898100174,Above Expected
37,0,9.56,5.47,16,4.090000000000001,255.62500000000006,10.27142857142857,93.07371349095968,Within Expected
158,2,113.37,108.58,8,4.790000000000006,598.7500000000008,111.71428571428571,101.48209718670078,Within Expected
171,2,141.05,135.87,13,5.180000000000007,398.46153846153896,123.65714285714286,114.06538817005547,Above Expected
97,1,61.54,53.57,8,7.969999999999999,996.2499999999999,53.07142857142857,115.95693135935396,Above Expected
89,1,50.1,41.9,11,8.200000000000003,745.4545454545457,45.72857142857143,109.55951265229615,Within Expected
168,2,103.09,93.9,10,9.189999999999998,918.9999999999998,121.0,85.19834710743802,Below Expected
190,2,131.23,125.41,6,5.819999999999993,969.9999999999989,139.9142857142857,93.7931386563202,Within Expected
190,2,159.54,149.21,14,10.329999999999984,737.8571428571418,139.9142857142857,114.0269552787421,Above Expected
59,0,23.84,12.74,16,11.1,693.75,21.9,108.85844748858449,Within Expected
99,1,51.61,46.82,6,4.789999999999999,798.3333333333333,54.92857142857143,93.95838751625487,Within Expected
80,1,32.02,21.64,15,10.380000000000003,692.0000000000002,37.92857142857142,84.42184557438796,Below Expected
177,2,138.75,131.79,6,6.960000000000008,1160.0000000000014,128.9142857142857,107.62965425531917,Within Expected
153,2,95.82,87.98,13,7.839999999999989,603.0769230769223,107.05714285714286,89.50360288230583,Below Expected
83,1,47.8,31.4,20,16.4,820.0,40.457142857142856,118.14971751412429,Above Expected
185,2,135.62,118.37,19,17.25,907.8947368421053,135.72857142857143,99.92000842016631,Within Expected
50,0,20.03,17.86,4,2.1700000000000017,542.5000000000005,16.02857142857143,124.96434937611409,Above Expected
142,2,93.54,87.88,6,5.660000000000011,943.3333333333351,96.54285714285714,96.88961231133472,Within Expected
94,1,51.12,33.44,17,17.68,1040.0,50.285714285714285,101.6590909090909,Within Expected
129,2,80.85,63.7,17,17.14999999999999,1008.8235294117642,83.91428571428571,96.34831460674157,Within Expected
39,0,12.2,8.01,13,4.1899999999999995,322.3076923076923,11.042857142857143,110.47865459249675,Above Expected
138,2,98.22,82.82,14,15.400000000000006,1100.0000000000002,92.65714285714286,106.00370027752082,Within Expected
168,2,130.81,124.45,6,6.359999999999999,1059.9999999999998,121.0,108.10743801652893,Within Expected
44,0,12.71,7.02,14,5.690000000000001,406.4285714285715,13.114285714285714,96.91721132897605,Within Expected
75,1,36.0,20.47,20,15.530000000000001,776.5000000000001,33.82857142857143,106.41891891891892,Within Expected
77,1,33.4,23.65,11,9.75,886.3636363636364,35.4,94.35028248587571,Within Expected
75,1,25.73,16.73,10,9.0,900.0,33.82857142857143,76.05996621621621,Below Expected
129,2,82.17,64.26,19,17.909999999999997,942.6315789473682,83.91428571428571,97.92134831460675,Within Expected
71,1,30.87,20.33,14,10.540000000000003,752.857142857143,30.685714285714283,100.60055865921788,Within Expected
154,2,106.47,78.16,18,28.310000000000002,1572.7777777777778,108.0,98.58333333333333,Within Expected
95,1,43.07,30.79,21,12.280000000000001,584.7619047619048,51.214285714285715,84.0976290097629,Below Expected
42,0,9.68,7.2,9,2.4799999999999995,275.5555555555555,12.2,79.34426229508198,Below Expected
174,2,133.82,111.24,19,22.58,1188.4210526315787,126.31428571428572,105.94209454874462,Within Expected
128,2,87.49,85.16,7,2.3299999999999983,332.8571428571426,82.94285714285714,105.48225973131244,Within Expected
50,0,17.28,9.3,18,7.98,443.33333333333337,16.02857142857143,107.80748663101605,Within Expected
179,2,92.71,90.56,3,2.1499999999999915,716.6666666666638,130.62857142857143,70.97222222222221,Below Expected
71,1,32.44,15.6,20,16.839999999999996,841.9999999999999,30.685714285714283,105.71694599627561,Within Expected
174,2,107.53,93.16,20,14.370000000000005,718.5000000000002,126.31428571428572,85.12893010631079,Below Expected
82,1,33.13,29.38,7,3.7500000000000036,535.7142857142862,39.614285714285714,83.6314460872701,Below Expected
102,1,49.77,29.56,15,20.210000000000004,1347.3333333333337,57.714285714285715,86.23514851485149,Below Expected
181,2,128.2,115.1,14,13.099999999999994,935.7142857142853,132.34285714285713,96.86960276338516,Within Expected
53,0,20.32,19.35,4,0.9699999999999989,242.49999999999972,17.914285714285715,113.42902711323764,Above Expected
44,0,13.32,10.04,7,3.280000000000001,468.5714285714287,13.114285714285714,101.56862745098039,Within Expected
68,0,22.28,18.26,6,4.02,669.9999999999999,28.414285714285715,78.41126194067371,Below Expected
93,1,45.28,41.11,4,4.170000000000002,1042.5000000000005,49.357142857142854,91.73950795947903,Within Expected
70,1,32.08,28.51,5,3.5699999999999967,713.9999999999993,29.9,107.29096989966555,Within Expected
179,2,130.03,121.59,11,8.439999999999998,767.2727272727271,130.62857142857143,99.54177602799649,Within Expected
88,1,42.37,32.01,13,10.36,796.9230769230768,44.84285714285714,94.4855049378783,Within Expected
192,2,159.47,150.27,12,9.199999999999989,766.6666666666657,141.54285714285714,112.66552280985063,Above Expected
85,1,35.18,28.88,8,6.300000000000001,787.5000000000001,42.18571428571428,83.39315949881477,Below Expected
191,2,140.7,131.84,9,8.859999999999985,984.4444444444428,140.72857142857143,99.97969749264033,Within Expected
59,0,23.09,10.92,18,12.17,676.1111111111111,21.9,105.4337899543379,Within Expected
187,2,158.87,153.68,10,5.189999999999998,518.9999999999998,137.4142857142857,115.6138891776692,Above Expected
179,2,137.61,118.27,16,19.340000000000018,1208.7500000000011,130.62857142857143,105.3444881889764,Within Expected
60,0,21.83,15.98,13,5.849999999999998,449.99999999999983,22.6,96.5929203539823,Within Expected
123,1,85.23,81.14,3,4.090000000000003,1363.3333333333344,78.04285714285714,109.20922570016475,Within Expected
40,0,10.24,6.47,10,3.7700000000000005,377.00000000000006,11.428571428571429,89.60000000000001,Below Expected
180,2,152.61,145.97,11,6.640000000000015,603.636363636365,131.48571428571427,116.06584093872232,Above Expected
125,1,86.54,75.11,11,11.430000000000007,1039.0909090909097,80.01428571428572,108.15568648455634,Within Expected
46,0,14.81,9.61,10,5.200000000000001,520.0000000000001,14.028571428571428,105.57026476578413,Within Expected
64,0,21.8,17.99,10,3.8100000000000023,381.0000000000002,25.442857142857143,85.68220101066817,Below Expected
163,2,88.93,79.86,14,9.070000000000007,647.8571428571433,116.35714285714286,76.42848373235114,Below Expected
33,0,8.39,5.36,9,3.0300000000000002,336.6666666666667,8.871428571428572,94.573268921095,Within Expected
177,2,118.49,103.22,20,15.269999999999996,763.4999999999999,128.9142857142857,91.9137854609929,Within Expected
58,0,22.84,10.09,19,12.75,671.0526315789474,21.2,107.73584905660378,Within Expected
192,2,136.22,115.09,17,21.129999999999995,1242.941176470588,141.54285714285714,96.23940250302785,Within Expected
51,0,16.98,11.94,17,5.040000000000001,296.47058823529414,16.65714285714286,101.93825042881646,Within Expected
49,0,14.3,4.54,19,9.760000000000002,513.6842105263158,15.4,92.85714285714286,Within Expected
163,2,117.09,104.53,16,12.560000000000002,785.0000000000001,116.35714285714286,100.62983425414365,Within Expected
184,2,114.87,111.59,4,3.280000000000001,820.0000000000002,134.88571428571427,85.16098284261811,Below Expected
112,1,65.61,61.78,5,3.8299999999999983,765.9999999999997,67.3,97.4888558692422,Within Expected
180,2,125.97,118.23,12,7.739999999999995,644.9999999999995,131.48571428571427,95.80508474576273,Within Expected
130,2,104.86,86.03,20,18.83,941.4999999999999,84.88571428571429,123.53079771120834,Above Expected
54,0,22.08,16.8,7,5.279999999999998,754.2857142857139,18.542857142857144,119.075500770416,Above Expected
93,1,49.09,35.4,19,13.690000000000005,720.5263157894739,49.357142857142854,99.45875542691752,Within Expected
169,2,139.97,132.31,6,7.659999999999997,1276.666666666666,121.88571428571429,114.8370839193624,Above Expected
186,2,91.83,74.07,21,17.760000000000005,845.714285714286,136.57142857142856,67.23953974895397,Below Expected
50,0,14.55,6.41,18,8.14,452.22222222222223,16.02857142857143,90.77540106951872,Within Expected
123,1,70.12,54.98,15,15.140000000000008,1009.3333333333338,78.04285714285714,89.84806882665202,Below Expected
32,0,5.99,5.11,3,0.8799999999999999,293.33333333333326,8.557142857142857,70.0,Below Expected
145,2,83.12,72.86,13,10.260000000000005,789.2307692307696,99.45714285714286,83.57368572249354,Below Expected
191,2,141.57,127.09,15,14.47999999999999,965.3333333333326,140.72857142857143,100.59790884174195,Within Expected
74,1,28.01,27.21,4,0.8000000000000007,200.00000000000017,33.042857142857144,84.76869865974925,Below Expected
110,1,70.72,52.52,20,18.199999999999996,909.9999999999998,65.35714285714286,108.20546448087431,Within Expected
47,0,12.6,10.19,6,2.41,401.6666666666667,14.485714285714286,86.98224852071006,Below Expected
96,1,56.87,47.76,13,9.11,700.7692307692307,52.142857142857146,109.06575342465752,Within Expected
112,1,62.91,43.23,17,19.68,1157.6470588235295,67.3,93.47696879643388,Within Expected
112,1,79.0,55.99,18,23.009999999999998,1278.3333333333333,67.3,117.3848439821694,Above Expected
115,1,72.72,52.28,16,20.439999999999998,1277.4999999999998,70.21428571428571,103.56866734486267,Within Expected
85,1,37.14,34.54,3,2.6000000000000014,866.6666666666672,42.18571428571428,88.03928208601423,Below Expected
114,1,70.6,55.84,19,14.759999999999991,776.8421052631575,69.24285714285713,101.959975242418,Within Expected
126,2,62.16,56.53,8,5.6299999999999955,703.7499999999994,81.0,76.74074074074073,Below Expected
140,2,92.63,87.18,9,5.449999999999989,605.5555555555543,94.6,97.91754756871036,Within Expected
62,0,26.43,14.65,14,11.78,841.4285714285714,24.0,110.125,Above Expected
107,1,57.68,48.92,7,8.759999999999998,1251.428571428571,62.44285714285714,92.37245481583162,Within Expected
137,2,96.54,92.09,4,4.450000000000003,1112.5000000000007,91.68571428571428,105.29448426301029,Within Expected
147,2,104.22,93.49,10,10.730000000000004,1073.0000000000005,101.4,102.7810650887574,Within Expected
39,0,10.5,6.29,13,4.21,323.8461538461538,11.042857142857143,95.08408796895213,Within Expected
77,1,30.15,23.75,7,6.399999999999999,914.285714285714,35.4,85.16949152542372,Below Expected
99,1,49.1,34.04,14,15.060000000000002,1075.7142857142858,54.92857142857143,89.3888166449935,Below Expected
92,1,45.38,41.3,8,4.080000000000005,510.0000000000007,48.42857142857143,93.70501474926255,Within Expected
192,2,129.95,127.16,3,2.789999999999992,929.9999999999974,141.54285714285714,91.80964876867176,Within Expected
157,2,85.57,73.26,20,12.309999999999988,615.4999999999994,110.78571428571429,77.23920051579624,Below Expected
60,0,22.92,13.49,20,9.430000000000001,471.5000000000001,22.6,101.41592920353983,Within Expected
57,0,22.61,10.5,15,12.11,807.3333333333334,20.5,110.29268292682926,Above Expected
63,0,23.78,11.99,20,11.790000000000001,589.5,24.7,96.27530364372471,Within Expected
119,1,71.05,66.26,4,4.789999999999992,1197.499999999998,74.1,95.88394062078272,Within Expected
138,2,97.6,94.18,4,3.4199999999999875,854.9999999999968,92.65714285714286,105.33456675917358,Within Expected
103,1,46.11,27.67,20,18.439999999999998,921.9999999999999,58.642857142857146,78.62850182704018,Below Expected
38,0,8.75,3.22,10,5.529999999999999,552.9999999999999,10.657142857142857,82.10455764075067,Below Expected
171,2,110.15,92.37,13,17.78,1367.6923076923078,123.65714285714286,89.07694085027727,Below Expected
100,1,56.49,47.52,11,8.969999999999999,815.4545454545453,55.857142857142854,101.13299232736574,Within Expected
189,2,165.08,144.65,20,20.430000000000007,1021.5000000000003,139.1,118.67721063982748,Above Expected
144,2,72.24,64.96,7,7.280000000000001,1040.0000000000002,98.48571428571428,73.35073977371628,Below Expected
61,0,24.93,14.94,18,9.99,555.0,23.3,106.99570815450643,Within Expected
177,2,118.22,101.63,15,16.590000000000003,1106.0000000000002,128.9142857142857,91.7043439716312,Within Expected
125,1,87.69,65.41,21,22.28,1060.9523809523812,80.01428571428572,109.59292983395821,Within Expected
53,0,16.87,9.45,12,7.420000000000002,618.3333333333335,17.914285714285715,94.17065390749602,Within Expected
72,1,29.63,14.32,20,15.309999999999999,765.5,31.47142857142857,94.14888788016341,Within Expected
46,0,11.27,3.52,16,7.75,484.375,14.028571428571428,80.33604887983707,Below Expected
132,2,84.34,76.48,13,7.859999999999999,604.6153846153845,86.82857142857142,97.13392563343206,Within Expected
63,0,25.79,18.17,16,7.619999999999997,476.24999999999983,24.7,104.41295546558705,Within Expected
62,0,20.83,12.23,11,8.599999999999998,781.8181818181816,24.0,86.79166666666666,Below Expected
113,1,62.73,49.31,18,13.419999999999995,745.5555555555553,68.27142857142857,91.88323917137477,Within Expected
132,2,94.91,92.2,3,2.7099999999999937,903.3333333333312,86.82857142857142,109.30733794011189,Within Expected
121,1,76.2,69.7,10,6.5,650.0,76.07142857142857,100.16901408450704,Within Expected
61,0,15.38,13.55,3,1.83,610.0,23.3,66.00858369098712,Below Expected
182,2,111.87,100.52,14,11.350000000000009,810.7142857142862,133.2,83.9864864864865,Below Expected
139,2,83.46,77.95,5,5.509999999999991,1101.9999999999982,93.62857142857142,89.13945682026244,Below Expected
111,1,62.67,44.2,19,18.47,972.1052631578947,66.32857142857142,94.48416971785485,Within Expected
113,1,49.19,37.66,9,11.530000000000001,1281.1111111111113,68.27142857142857,72.05063820883029,Below Expected
147,2,91.13,88.54,3,2.589999999999989,863.3333333333297,101.4,89.87179487179486,Below Expected
68,0,24.57,7.84,19,16.73,880.5263157894738,28.414285714285715,86.47058823529412,Below Expected
44,0,9.84,5.03,10,4.81,481.0,13.114285714285714,75.0326797385621,Below Expected
90,1,37.62,19.19,20,18.429999999999996,921.4999999999998,46.614285714285714,80.7048728164266,Below Expected
159,2,89.15,78.13,11,11.02000000000001,1001.8181818181828,112.64285714285714,79.14394419784402,Below Expected
91,1,50.85,48.81,3,2.039999999999999,679.9999999999998,47.5,107.05263157894737,Within Expected
101,1,54.99,48.71,8,6.280000000000001,785.0000000000001,56.785714285714285,96.8377358490566,Within Expected
157,2,100.37,95.61,4,4.760000000000005,1190.0000000000014,110.78571428571429,90.59832366215345,Within Expected
61,0,19.1,7.54,17,11.560000000000002,680.0000000000001,23.3,81.97424892703863,Below Expected
43,0,10.32,8.3,5,2.0199999999999996,403.9999999999999,12.657142857142857,81.53498871331828,Below Expected
74,1,37.89,25.17,13,12.719999999999999,978.4615384615383,33.042857142857144,114.6692607003891,Above Expected
67,0,27.67,14.54,16,13.130000000000003,820.6250000000001,27.67142857142857,99.99483737738773,Within Expected
139,2,116.56,101.41,20,15.150000000000006,757.5000000000002,93.62857142857142,124.49191333536773,Above Expected
102,1,70.55,63.82,9,6.729999999999997,747.7777777777774,57.714285714285715,122.24009900990099,Above Expected
188,2,146.47,143.45,4,3.0200000000000102,755.0000000000025,138.25714285714284,105.94027691671835,Within Expected
174,2,150.3,139.84,11,10.460000000000008,950.9090909090916,126.31428571428572,118.98891653472066,Above Expected
165,2,141.18,123.28,17,17.900000000000006,1052.9411764705885,118.21428571428571,119.42719033232629,Above Expected
67,0,30.35,25.88,11,4.470000000000002,406.3636363636366,27.67142857142857,109.67991739803821,Within Expected
50,0,15.42,4.21,20,11.21,560.5,16.02857142857143,96.20320855614973,Within Expected
111,1,68.21,63.83,5,4.3799999999999955,875.9999999999991,66.32857142857142,102.83652810682749,Within Expected
103,1,65.01,62.34,3,2.6700000000000017,890.0000000000006,58.642857142857146,110.85749086479903,Above Expected
98,1,60.68,42.94,15,17.740000000000002,1182.6666666666667,54.0,112.37037037037037,Above Expected
153,2,86.23,71.36,16,14.870000000000005,929.3750000000002,107.05714285714286,80.54576994929276,Below Expected
61,0,19.43,8.93,21,10.5,500.0,23.3,83.39055793991416,Below Expected
46,0,15.21,5.48,14,9.73,695.0000000000001,14.028571428571428,108.4215885947047,Within Expected
110,1,69.55,56.35,16,13.199999999999996,824.9999999999998,65.35714285714286,106.41530054644808,Within Expected
180,2,121.89,114.47,8,7.420000000000002,927.5000000000002,131.48571428571427,92.70208604954368,Within Expected
186,2,130.03,111.49,18,18.540000000000006,1030.0000000000002,136.57142857142856,95.21025104602512,Within Expected
49,0,18.39,13.21,16,5.18,323.75,15.4,119.41558441558442,Above Expected
78,1,31.12,24.13,13,6.990000000000002,537.6923076923078,36.24285714285714,85.86519511233742,Below Expected
122,1,75.33,66.72,10,8.61,861.0,77.05714285714285,97.75862068965519,Within Expected
94,1,47.27,32.83,14,14.440000000000005,1031.4285714285718,50.285714285714285,94.0028409090909,Within Expected
117,1,56.32,51.01,4,5.310000000000002,1327.5000000000005,72.15714285714286,78.05187091665017,Below Expected
190,2,142.77,130.1,12,12.670000000000016,1055.8333333333346,139.9142857142857,102.04104553808455,Within Expected
169,2,135.86,129.09,14,6.77000000000001,483.5714285714293,121.88571428571429,111.46507266760433,Above Expected
187,2,175.07,156.5,21,18.569999999999993,884.285714285714,137.4142857142857,127.4030564507745,Above Expected
193,2,126.77,116.63,13,10.14,780.0,142.35714285714286,89.05067737079779,Below Expected
153,2,91.2,80.83,10,10.370000000000005,1037.0000000000005,107.05714285714286,85.18815052041633,Below Expected
38,0,11.34,10.09,4,1.25,312.5,10.657142857142857,106.40750670241287,Within Expected
183,2,105.21,100.83,5,4.3799999999999955,875.9999999999991,134.04285714285714,78.48982201854417,Below Expected
150,2,106.73,98.5,12,8.230000000000004,685.8333333333336,104.22857142857143,102.3999451754386,Within Expected
107,1,63.1,53.3,9,9.800000000000004,1088.8888888888894,62.44285714285714,101.05239075726378,Within Expected
60,0,16.96,6.95,13,10.010000000000002,770.0000000000001,22.6,75.04424778761062,Below Expected
71,1,34.75,28.79,10,5.960000000000001,596.0000000000001,30.685714285714283,113.24487895716946,Above Expected
43,0,10.92,5.6,12,5.32,443.33333333333337,12.657142857142857,86.27539503386005,Below Expected
85,1,41.33,35.03,10,6.299999999999997,629.9999999999997,42.18571428571428,97.97155435150694,Within Expected
89,1,51.21,27.2,20,24.01,1200.5000000000002,45.72857142857143,111.98687910028116,Above Expected
103,1,62.66,46.77,16,15.889999999999993,993.1249999999995,58.642857142857146,106.85018270401947,Within Expected
103,1,73.35,55.39,17,17.959999999999994,1056.470588235294,58.642857142857146,125.0791717417783,Above Expected
146,2,96.83,79.29,19,17.539999999999992,923.1578947368417,100.42857142857143,96.41678520625888,Within Expected
71,1,27.69,22.66,8,5.030000000000001,628.7500000000001,30.685714285714283,90.23743016759778,Within Expected
92,1,45.58,35.33,10,10.25,1025.0,48.42857142857143,94.11799410029498,Within Expected
115,1,72.61,57.39,14,15.219999999999999,1087.1428571428569,70.21428571428571,103.41200406917599,Within Expected
121,1,38.57,24.1,19,14.469999999999999,761.578947368421,76.07142857142857,50.70234741784038,Below Expected
53,0,15.96,11.95,6,4.010000000000002,668.3333333333336,17.914285714285715,89.0909090909091,Below Expected
68,0,27.43,18.76,14,8.669999999999998,619.2857142857141,28.414285714285715,96.5359477124183,Within Expected
168,2,120.31,105.49,14,14.820000000000007,1058.5714285714291,121.0,99.42975206611571,Within Expected
96,1,47.17,36.32,16,10.850000000000001,678.1250000000001,52.142857142857146,90.46301369863014,Within Expected
121,1,71.18,61.43,16,9.750000000000007,609.3750000000005,76.07142857142857,93.56995305164321,Within Expected
46,0,13.14,7.39,12,5.750000000000001,479.16666666666674,14.028571428571428,93.66598778004074,Within Expected
44,0,10.23,2.17,18,8.06,447.7777777777778,13.114285714285714,78.00653594771242,Below Expected
91,1,54.14,34.4,19,19.740000000000002,1038.947368421053,47.5,113.97894736842105,Above Expected
75,1,31.67,26.32,8,5.350000000000001,668.7500000000002,33.82857142857143,93.61908783783784,Within Expected
190,2,119.25,101.64,20,17.61,880.5,139.9142857142857,85.23075352256484,Below Expected
104,1,46.29,32.27,18,14.019999999999996,778.8888888888887,59.57142857142857,77.70503597122303,Below Expected
94,1,51.19,49.88,13,1.3099999999999952,100.7692307692304,50.285714285714285,101.79829545454547,Within Expected
101,1,63.45,56.59,8,6.859999999999999,857.4999999999999,56.785714285714285,111.73584905660378,Above Expected
148,2,97.08,93.07,4,4.010000000000005,1002.5000000000013,102.34285714285714,94.85762144053601,Within Expected
135,2,82.21,76.63,5,5.579999999999998,1115.9999999999995,89.74285714285713,91.60617637695002,Within Expected
75,1,35.52,25.95,12,9.570000000000004,797.5000000000003,33.82857142857143,105.0,Within Expected
170,2,137.75,126.67,14,11.079999999999998,791.4285714285712,122.77142857142857,112.2003723528043,Above Expected
166,2,130.94,118.34,11,12.599999999999994,1145.4545454545448,119.14285714285714,109.90167865707434,Within Expected
88,1,50.5,37.98,21,12.520000000000003,596.1904761904764,44.84285714285714,112.61548263778273,Above Expected
82,1,32.55,24.06,16,8.489999999999998,530.6249999999999,39.614285714285714,82.16732780382256,Below Expected
71,1,26.75,16.57,19,10.18,535.7894736842105,30.685714285714283,87.17411545623837,Below Expected
51,0,15.04,12.67,3,2.369999999999999,789.9999999999997,16.65714285714286,90.29159519725556,Within Expected
170,2,129.88,126.96,4,2.9200000000000017,730.0000000000005,122.77142857142857,105.79008610658597,Within Expected
176,2,116.1,113.21,4,2.8900000000000006,722.5000000000001,128.05714285714285,90.66265060240964,Within Expected
167,2,122.2,116.32,7,5.88000000000001,840.0000000000014,120.07142857142857,101.772754312909,Within Expected
139,2,94.92,84.48,9,10.439999999999998,1159.9999999999998,93.62857142857142,101.37931034482759,Within Expected
176,2,115.89,103.68,21,12.209999999999994,581.4285714285712,128.05714285714285,90.49866131191433,Within Expected
92,1,57.17,52.79,6,4.380000000000003,730.0000000000005,48.42857142857143,118.05014749262537,Above Expected
121,1,67.87,47.3,15,20.570000000000007,1371.3333333333337,76.07142857142857,89.21877934272301,Below Expected
51,0,15.45,7.15,21,8.299999999999999,395.2380952380952,16.65714285714286,92.75300171526585,Within Expected
144,2,112.6,107.82,9,4.780000000000001,531.1111111111112,98.48571428571428,114.33130258195531,Above Expected
191,2,139.29,132.53,10,6.759999999999991,675.9999999999991,140.72857142857143,98.97776875444116,Within Expected
129,2,82.08,67.04,19,15.039999999999992,791.5789473684206,83.91428571428571,97.81409601634321,Within Expected
92,1,51.68,39.75,9,11.93,1325.5555555555557,48.42857142857143,106.71386430678464,Within Expected
60,0,24.33,17.07,12,7.259999999999998,604.9999999999999,22.6,107.65486725663716,Within Expected
192,2,141.73,126.4,19,15.329999999999984,806.842105263157,141.54285714285714,100.1322163907953,Within Expected
36,0,9.06,4.8,15,4.260000000000001,284.00000000000006,9.885714285714286,91.64739884393065,Within Expected
158,2,122.35,115.88,6,6.469999999999999,1078.333333333333,111.71428571428571,109.52046035805627,Within Expected
93,1,51.09,45.54,5,5.550000000000004,1110.0000000000007,49.357142857142854,103.51085383502172,Within Expected
48,0,14.95,14.33,5,0.6199999999999992,123.99999999999984,14.942857142857143,100.04780114722753,Within Expected
87,1,39.48,31.09,12,8.389999999999997,699.1666666666664,43.957142857142856,89.81475463113422,Below Expected
27,0,7.67,6.76,3,0.9100000000000001,303.33333333333337,7.1,108.02816901408451,Within Expected
65,0,23.29,10.54,17,12.75,750.0,26.185714285714283,88.94162575013638,Below Expected
90,1,51.68,46.61,6,5.07,845.0000000000001,46.614285714285714,110.86730003064665,Above Expected
152,2,102.69,79.93,21,22.75999999999999,1083.8095238095234,106.11428571428571,96.77302100161552,Within Expected
142,2,120.86,117.51,6,3.3499999999999943,558.3333333333323,96.54285714285714,125.18792542172238,Above Expected
140,2,77.13,72.46,4,4.670000000000002,1167.5000000000005,94.6,81.53276955602537,Below Expected
163,2,97.93,88.69,8,9.240000000000009,1155.0000000000011,116.35714285714286,84.16329036218539,Below Expected
90,1,48.96,40.81,8,8.149999999999999,1018.7499999999998,46.614285714285714,105.0321789764021,Within Expected
27,0,7.94,7.02,5,0.9200000000000008,184.00000000000017,7.1,111.83098591549296,Above Expected
56,0,20.81,17.92,5,2.889999999999997,577.9999999999994,19.8,105.10101010101009,Within Expected
73,1,31.74,19.24,21,12.5,595.2380952380952,32.25714285714285,98.3968113374668,Within Expected
125,1,65.82,47.95,14,17.86999999999999,1276.4285714285709,80.01428571428572,82.26031065881091,Below Expected
101,1,59.78,48.25,19,11.530000000000001,606.8421052631579,56.785714285714285,105.27295597484276,Within Expected
41,0,10.79,3.21,13,7.579999999999999,583.0769230769231,11.814285714285713,91.33010882708585,Within Expected
88,1,51.57,29.12,20,22.45,1122.5,44.84285714285714,115.00159286396942,Above Expected
131,2,79.23,69.29,7,9.939999999999998,1419.9999999999998,85.85714285714286,92.28119800332779,Within Expected
184,2,141.32,130.72,14,10.599999999999994,757.1428571428568,134.88571428571427,104.77017581020971,Within Expected
179,2,138.64,120.86,20,17.779999999999987,888.9999999999993,130.62857142857143,106.13298337707786,Within Expected
54,0,15.29,7.76,13,7.529999999999999,579.2307692307692,18.542857142857144,82.45762711864406,Below Expected
35,0,10.51,9.66,3,0.8499999999999996,283.3333333333332,9.5,110.63157894736841,Above Expected
85,1,34.13,28.47,8,5.660000000000004,707.5000000000005,42.18571428571428,80.90416525567221,Below Expected
78,1,39.23,37.25,3,1.9799999999999969,659.999999999999,36.24285714285714,108.24201813165155,Within Expected
161,2,125.78,112.48,16,13.299999999999997,831.2499999999998,114.5,109.85152838427948,Within Expected
70,1,33.06,22.36,13,10.700000000000003,823.0769230769232,29.9,110.56856187290971,Above Expected
181,2,126.3,116.79,10,9.509999999999991,950.9999999999991,132.34285714285713,95.4339378238342,Within Expected
195,2,147.9,138.62,11,9.280000000000001,843.6363636363637,143.9857142857143,102.7185236630618,Within Expected
78,1,33.67,23.71,13,9.96,766.1538461538462,36.24285714285714,92.90106424911315,Within Expected
113,1,58.7,38.87,21,19.830000000000005,944.2857142857146,68.27142857142857,85.98033061309897,Below Expected
159,2,82.29,66.26,19,16.03,843.6842105263158,112.64285714285714,73.05389980976538,Below Expected
102,1,65.76,61.71,3,4.050000000000004,1350.0000000000014,57.714285714285715,113.94059405940595,Above Expected
47,0,18.2,12.32,12,5.879999999999999,489.99999999999994,14.485714285714286,125.64102564102564,Above Expected
173,2,108.06,104.07,4,3.990000000000009,997.5000000000023,125.42857142857143,86.15261958997722,Below Expected
62,0,21.85,18.74,13,3.110000000000003,239.23076923076948,24.0,91.04166666666667,Within Expected
51,0,16.19,4.73,17,11.46,674.1176470588236,16.65714285714286,97.19554030874785,Within Expected
97,1,48.21,43.05,8,5.160000000000004,645.0000000000005,53.07142857142857,90.83983849259758,Within Expected
143,2,131.32,120.23,19,11.08999999999999,583.6842105263153,97.51428571428572,134.66744799296805,Above Expected
71,1,30.47,13.76,15,16.71,1114.0,30.685714285714283,99.29702048417133,Within Expected
151,2,126.4,122.94,4,3.460000000000008,865.000000000002,105.17142857142858,120.18473240967128,Above Expected
97,1,49.97,37.61,14,12.36,882.8571428571428,53.07142857142857,94.15612382234187,Within Expected
111,1,64.48,58.96,5,5.520000000000003,1104.0000000000005,66.32857142857142,97.21300883049754,Within Expected
71,1,26.99,18.65,16,8.34,521.25,30.685714285714283,87.95623836126629,Below Expected
60,0,22.91,10.21,15,12.7,846.6666666666665,22.6,101.3716814159292,Within Expected
46,0,11.83,8.79,7,3.040000000000001,434.28571428571445,14.028571428571428,84.32790224032587,Below Expected
44,0,10.49,6.2,12,4.29,357.5,13.114285714285714,79.98910675381265,Below Expected
59,0,20.1,10.68,18,9.420000000000002,523.3333333333335,21.9,91.78082191780823,Within Expected
70,1,33.44,28.67,7,4.769999999999996,681.4285714285709,29.9,111.83946488294313,Above Expected
58,0,14.9,11.23,5,3.67,734.0,21.2,70.28301886792453,Below Expected
63,0,27.54,23.82,10,3.719999999999999,371.9999999999999,24.7,111.49797570850201,Above Expected
37,0,11.56,8.09,12,3.4700000000000006,289.16666666666674,10.27142857142857,112.54520166898472,Above Expected
149,2,97.79,89.13,10,8.66000000000001,866.0000000000011,103.28571428571429,94.67911479944675,Within Expected
108,1,51.68,43.22,9,8.46,940.0000000000001,63.41428571428571,81.49583239468349,Below Expected
40,0,12.82,11.74,3,1.08,360.00000000000006,11.428571428571429,112.175,Above Expected
149,2,102.55,93.68,9,8.86999999999999,985.5555555555545,103.28571428571429,99.28769017980635,Within Expected
81,1,42.07,34.61,8,7.460000000000001,932.5000000000001,38.77142857142857,108.50773765659542,Within Expected
94,1,51.7,40.47,11,11.230000000000004,1020.9090909090912,50.285714285714285,102.81250000000001,Within Expected
144,2,85.57,75.71,9,9.86,1095.5555555555554,98.48571428571428,86.88569770815201,Below Expected
196,2,148.41,136.49,20,11.919999999999987,595.9999999999994,144.8,102.49309392265191,Within Expected
140,2,98.52,85.98,17,12.539999999999992,737.6470588235289,94.6,104.14376321353065,Within Expected
133,2,70.17,46.88,21,23.29,1109.047619047619,87.8,79.92027334851937,Below Expected
156,2,106.22,86.11,19,20.11,1058.421052631579,109.85714285714286,96.6892067620286,Within Expected
41,0,11.65,9.86,5,1.790000000000001,358.0000000000002,11.814285714285713,98.6094316807739,Within Expected
195,2,161.78,139.77,20,22.00999999999999,1100.4999999999995,143.9857142857143,112.35836888580215,Above Expected
132,2,84.56,82.8,4,1.7600000000000051,440.00000000000125,86.82857142857142,97.38729845343865,Within Expected
91,1,43.15,20.47,21,22.68,1080.0,47.5,90.84210526315789,Within Expected
192,2,136.23,132.66,4,3.569999999999993,892.4999999999983,141.54285714285714,96.24646750100928,Within Expected
186,2,101.16,97.01,6,4.1499999999999915,691.6666666666653,136.57142857142856,74.07112970711299,Below Expected
142,2,102.42,99.66,3,2.760000000000005,920.0000000000017,96.54285714285714,106.08759988162177,Within Expected
116,1,79.74,68.57,9,11.170000000000002,1241.1111111111113,71.18571428571428,112.01685731487056,Above Expected
101,1,48.39,46.48,3,1.9100000000000037,636.6666666666679,56.785714285714285,85.21509433962264,Below Expected
109,1,55.39,46.58,9,8.810000000000002,978.8888888888891,64.38571428571429,86.02840026625249,Below Expected
147,2,104.19,95.73,9,8.459999999999994,939.9999999999993,101.4,102.75147928994082,Within Expected
41,0,10.54,7.65,6,2.889999999999999,481.66666666666646,11.814285714285713,89.21402660217655,Below Expected
35,0,9.57,6.71,6,2.8600000000000003,476.66666666666674,9.5,100.73684210526316,Within Expected
64,0,25.59,16.09,14,9.5,678.5714285714286,25.442857142857143,100.57832678270636,Within Expected
165,2,116.21,106.33,11,9.879999999999995,898.1818181818178,118.21428571428571,98.30453172205438,Within Expected
38,0,10.36,6.21,17,4.1499999999999995,244.1176470588235,10.657142857142857,97.2117962466488,Within Expected
84,1,32.72,29.0,4,3.719999999999999,929.9999999999998,41.3,79.22518159806296,Below Expected
56,0,19.48,17.21,3,2.2699999999999996,756.6666666666665,19.8,98.38383838383838,Within Expected
78,1,32.89,23.82,18,9.07,503.8888888888889,36.24285714285714,90.74891604256997,Within Expected
159,2,121.51,102.82,15,18.690000000000012,1246.000000000001,112.64285714285714,107.87190868738111,Within Expected
76,1,32.7,24.96,12,7.740000000000002,645.0000000000001,34.614285714285714,94.46966570367314,Within Expected
45,0,11.63,7.76,10,3.870000000000001,387.0000000000001,13.571428571428571,85.69473684210527,Below Expected
66,0,23.16,18.25,7,4.91,701.4285714285714,26.928571428571427,86.0053050397878,Below Expected
36,0,8.96,7.62,4,1.3400000000000007,335.00000000000017,9.885714285714286,90.63583815028903,Within Expected
101,1,43.45,35.21,7,8.240000000000002,1177.1428571428576,56.785714285714285,76.51572327044026,Below Expected
94,1,58.57,46.28,11,12.29,1117.2727272727273,50.285714285714285,116.47443181818183,Above Expected
90,1,46.63,44.95,3,1.6799999999999997,559.9999999999999,46.614285714285714,100.03371130861171,Within Expected
110,1,65.61,59.42,6,6.189999999999998,1031.6666666666663,65.35714285714286,100.38688524590162,Within Expected
135,2,108.21,102.99,6,5.219999999999999,869.9999999999998,89.74285714285713,120.57784145176696,Above Expected
151,2,108.83,103.04,9,5.789999999999992,643.3333333333325,105.17142857142858,103.4786742732953,Within Expected
61,0,23.65,15.63,15,8.019999999999998,534.6666666666665,23.3,101.50214592274678,Within Expected
39,0,9.5,5.15,14,4.35,310.71428571428567,11.042857142857143,86.02846054333764,Below Expected
166,2,138.2,135.0,9,3.1999999999999886,355.5555555555543,119.14285714285714,115.99520383693044,Above Expected
48,0,13.07,8.84,10,4.23,423.00000000000006,14.942857142857143,87.46653919694073,Below Expected
130,2,84.03,74.91,8,9.120000000000005,1140.0000000000005,84.88571428571429,98.9919219118142,Within Expected
174,2,116.46,114.24,4,2.219999999999999,554.9999999999998,126.31428571428572,92.19859760235241,Within Expected
188,2,126.45,115.49,15,10.960000000000008,730.6666666666672,138.25714285714284,91.46001239925606,Within Expected
139,2,88.33,82.04,6,6.289999999999992,1048.3333333333321,93.62857142857142,94.34086054317974,Within Expected
89,1,49.81,35.77,12,14.04,1170.0,45.72857142857143,108.92533583255232,Within Expected
99,1,55.48,34.69,20,20.79,1039.4999999999998,54.92857142857143,101.0039011703511,Within Expected
67,0,30.78,21.26,13,9.52,732.3076923076924,27.67142857142857,111.2338668043366,Above Expected
107,1,50.53,31.48,18,19.05,1058.3333333333333,62.44285714285714,80.92198581560284,Below Expected
163,2,126.74,110.69,13,16.049999999999997,1234.6153846153845,116.35714285714286,108.9232658072437,Within Expected
194,2,165.72,158.72,8,7.0,875.0,143.17142857142858,115.7493514268609,Above Expected
77,1,35.74,33.85,3,1.8900000000000006,630.0000000000002,35.4,100.96045197740114,Within Expected
58,0,16.67,6.17,20,10.500000000000002,525.0000000000001,21.2,78.63207547169813,Below Expected
67,0,22.3,11.61,21,10.690000000000001,509.0476190476191,27.67142857142857,80.58853897780072,Below Expected
131,2,77.39,56.51,20,20.880000000000003,1044.0,85.85714285714286,90.13810316139767,Within Expected
128,2,80.8,66.94,18,13.86,770.0,82.94285714285714,97.41646572511196,Within Expected
194,2,142.06,137.3,6,4.759999999999991,793.3333333333318,143.17142857142858,99.22370784274595,Within Expected
168,2,117.7,116.67,3,1.0300000000000011,343.3333333333337,121.0,97.27272727272728,Within Expected
183,2,99.63,89.83,10,9.799999999999997,979.9999999999998,134.04285714285714,74.32697431525098,Below Expected
102,1,63.7,51.96,15,11.740000000000002,782.6666666666669,57.714285714285715,110.37128712871286,Above Expected
65,0,28.49,23.04,10,5.449999999999999,544.9999999999999,26.185714285714283,108.79978177850518,Within Expected
134,2,95.28,88.67,7,6.609999999999999,944.2857142857142,88.77142857142857,107.33183134856775,Within Expected
133,2,93.68,87.43,11,6.25,568.1818181818182,87.8,106.6970387243736,Within Expected
168,2,110.65,87.6,21,23.05000000000001,1097.6190476190482,121.0,91.44628099173553,Within Expected
152,2,69.67,53.21,15,16.46,1097.3333333333335,106.11428571428571,65.65562735595046,Below Expected
132,2,81.64,74.64,8,7.0,875.0,86.82857142857142,94.02435011516947,Within Expected
41,0,10.4,1.11,19,9.290000000000001,488.94736842105266,11.814285714285713,88.02902055622735,Below Expected
65,0,27.19,20.42,8,6.77,846.25,26.185714285714283,103.83524277141301,Within Expected
122,1,78.9,63.17,17,15.730000000000004,925.294117647059,77.05714285714285,102.39154616240269,Within Expected
163,2,97.87,86.37,15,11.5,766.6666666666667,116.35714285714286,84.11172498465316,Below Expected
195,2,122.92,115.8,6,7.1200000000000045,1186.6666666666674,143.9857142857143,85.36958031550749,Below Expected
120,1,86.07,82.71,5,3.3599999999999994,671.9999999999999,75.08571428571427,114.62899543378997,Above Expected
107,1,54.01,49.9,6,4.109999999999999,684.9999999999999,62.44285714285714,86.49508121711278,Below Expected
63,0,26.59,14.76,18,11.83,657.2222222222223,24.7,107.65182186234819,Within Expected
96,1,53.95,41.3,14,12.650000000000006,903.571428571429,52.142857142857146,103.46575342465754,Within Expected
65,0,23.85,14.22,17,9.63,566.4705882352941,26.185714285714283,91.08019639934535,Within Expected
76,1,38.45,24.99,15,13.460000000000004,897.3333333333336,34.614285714285714,111.08130416838631,Above Expected
106,1,55.74,43.81,11,11.93,1084.5454545454545,61.47142857142857,90.67627236811528,Within Expected
74,1,34.91,29.48,9,5.429999999999996,603.3333333333329,33.042857142857144,105.65067012537827,Within Expected
113,1,76.02,59.68,20,16.339999999999996,816.9999999999999,68.27142857142857,111.34965473948523,Above Expected
128,2,95.88,88.76,8,7.11999999999999,889.9999999999987,82.94285714285714,115.59765759559077,Above Expected
123,1,64.71,61.47,4,3.239999999999995,809.9999999999987,78.04285714285714,82.91598023064249,Below Expected
33,0,8.83,8.0,3,0.8300000000000001,276.6666666666667,8.871428571428572,99.5330112721417,Within Expected
145,2,108.24,93.41,19,14.829999999999998,780.5263157894736,99.45714285714286,108.83079574834818,Within Expected
150,2,116.97,108.82,7,8.150000000000006,1164.2857142857151,104.22857142857143,112.22450657894736,Above Expected
83,1,39.84,20.11,20,19.730000000000004,986.5000000000001,40.457142857142856,98.47457627118645,Within Expected
90,1,42.38,36.63,8,5.75,718.75,46.614285714285714,90.9163346613546,Within Expected
153,2,90.9,61.46,18,29.440000000000005,1635.5555555555559,107.05714285714286,84.90792634107287,Below Expected
42,0,10.64,6.57,9,4.07,452.22222222222223,12.2,87.21311475409837,Below Expected
112,1,64.22,58.92,5,5.299999999999997,1059.9999999999993,67.3,95.42347696879644,Within Expected
168,2,116.7,109.94,6,6.760000000000005,1126.6666666666677,121.0,96.44628099173555,Within Expected
158,2,102.91,80.77,21,22.14,1054.2857142857142,111.71428571428571,92.11892583120205,Within Expected
38,0,9.32,7.08,9,2.24,248.8888888888889,10.657142857142857,87.45308310991959,Below Expected
99,1,55.31,47.77,10,7.539999999999999,753.9999999999999,54.92857142857143,100.69440832249674,Within Expected
55,0,17.89,3.7,21,14.190000000000001,675.7142857142858,19.17142857142857,93.31594634873323,Within Expected
49,0,17.74,11.99,13,5.749999999999998,442.3076923076922,15.4,115.19480519480518,Above Expected
115,1,72.76,69.27,4,3.490000000000009,872.5000000000023,70.21428571428571,103.62563580874875,Within Expected
184,2,113.54,106.89,9,6.650000000000006,738.8888888888895,134.88571428571427,84.17496293158231,Below Expected
75,1,35.51,22.01,15,13.499999999999996,899.9999999999998,33.82857142857143,104.97043918918918,Within Expected
108,1,55.53,49.71,6,5.82,970.0000000000001,63.41428571428571,87.56701959900879,Below Expected
170,2,138.86,132.86,7,6.0,857.1428571428571,122.77142857142857,113.10449150570166,Above Expected
116,1,60.18,54.95,5,5.229999999999997,1045.9999999999993,71.18571428571428,84.53943407585793,Below Expected
134,2,79.9,75.16,5,4.740000000000009,948.0000000000018,88.77142857142857,90.00643707756679,Within Expected
195,2,139.15,126.83,11,12.320000000000007,1120.0000000000007,143.9857142857143,96.64153189800575,Within Expected
106,1,60.89,48.35,14,12.54,895.7142857142857,61.47142857142857,99.05414826864978,Within Expected
158,2,117.41,106.72,20,10.689999999999998,534.4999999999999,111.71428571428571,105.09846547314578,Within Expected
68,0,19.86,2.89,21,16.97,808.0952380952381,28.414285714285715,69.894419306184,Below Expected
170,2,139.78,123.27,18,16.510000000000005,917.2222222222225,122.77142857142857,113.85385152431928,Above Expected
47,0,13.82,9.93,7,3.8900000000000006,555.7142857142858,14.485714285714286,95.4043392504931,Within Expected
151,2,106.03,95.65,15,10.379999999999995,691.9999999999998,105.17142857142858,100.81635425156207,Within Expected
190,2,137.19,125.26,13,11.929999999999993,917.6923076923072,139.9142857142857,98.05288952419849,Within Expected
123,1,61.46,51.51,11,9.950000000000003,904.5454545454547,78.04285714285714,78.75160168405638,Below Expected
62,0,22.35,20.37,4,1.9800000000000004,495.0000000000001,24.0,93.125,Within Expected
167,2,102.93,88.55,13,14.38000000000001,1106.1538461538469,120.07142857142857,85.72397382510411,Below Expected
156,2,114.26,110.34,8,3.9200000000000017,490.0000000000002,109.85714285714286,104.00780234070221,Within Expected
112,1,63.73,47.1,12,16.629999999999995,1385.833333333333,67.3,94.69539375928677,Within Expected
86,1,41.77,21.09,16,20.680000000000003,1292.5000000000002,43.07142857142857,96.97844112769486,Within Expected
185,2,131.7,127.08,6,4.61999999999999,769.9999999999984,135.72857142857143,97.03189137985474,Within Expected
107,1,58.09,50.36,9,7.730000000000004,858.8888888888894,62.44285714285714,93.02905513612446,Within Expected
91,1,42.83,36.23,9,6.600000000000001,733.3333333333335,47.5,90.16842105263157,Within Expected
71,1,34.71,26.02,11,8.690000000000001,790.0000000000001,30.685714285714283,113.11452513966482,Above Expected
189,2,129.13,117.71,15,11.420000000000002,761.3333333333334,139.1,92.83249460819555,Within Expected
155,2,113.05,97.3,14,15.75,1125.0,108.92857142857143,103.78360655737704,Within Expected
169,2,107.85,103.18,5,4.6699999999999875,933.9999999999975,121.88571428571429,88.48452883263009,Below Expected
179,2,150.93,143.11,11,7.819999999999993,710.9090909090903,130.62857142857143,115.54133858267717,Above Expected
54,0,20.5,16.71,8,3.789999999999999,473.7499999999999,18.542857142857144,110.55469953775037,Above Expected
78,1,23.82,17.93,8,5.890000000000001,736.2500000000001,36.24285714285714,65.72329523058731,Below Expected
56,0,18.19,16.06,3,2.1300000000000026,710.0000000000009,19.8,91.86868686868688,Within Expected
152,2,95.98,83.43,14,12.549999999999997,896.4285714285712,106.11428571428571,90.44964997307486,Within Expected
152,2,104.84,90.34,17,14.5,852.9411764705882,106.11428571428571,98.79913839526118,Within Expected
68,0,26.11,22.21,6,3.8999999999999986,649.9999999999998,28.414285714285715,91.89039718451482,Within Expected
125,1,80.3,61.27,13,19.029999999999994,1463.8461538461534,80.01428571428572,100.3570790930191,Within Expected
88,1,44.56,38.95,5,5.609999999999999,1122.0,44.84285714285714,99.36922586811086,Within Expected
53,0,19.14,6.3,18,12.84,713.3333333333334,17.914285714285715,106.84210526315789,Within Expected
180,2,120.33,97.75,21,22.58,1075.2380952380952,131.48571428571427,91.51564537157759,Within Expected
106,1,60.97,38.09,21,22.879999999999995,1089.5238095238094,61.47142857142857,99.18429003021149,Within Expected
112,1,66.84,45.02,21,21.82,1039.047619047619,67.3,99.31649331352156,Within Expected
64,0,29.37,26.24,6,3.1300000000000026,521.6666666666671,25.442857142857143,115.43514879281302,Above Expected
99,1,60.41,57.03,5,3.3799999999999955,675.9999999999991,54.92857142857143,109.97919375812744,Within Expected
122,1,78.96,67.27,9,11.689999999999998,1298.8888888888885,77.05714285714285,102.46941045606228,Within Expected
70,1,32.28,17.41,21,14.870000000000001,708.0952380952381,29.9,107.95986622073579,Within Expected
61,0,24.11,11.9,12,12.209999999999999,1017.4999999999999,23.3,103.4763948497854,Within Expected
56,0,19.44,12.36,12,7.080000000000002,590.0000000000002,19.8,98.18181818181819,Within Expected
130,2,72.37,65.29,8,7.079999999999998,884.9999999999998,84.88571428571429,85.25580612588355,Below Expected
39,0,9.78,8.05,4,1.7299999999999986,432.49999999999966,11.042857142857143,88.5640362225097,Below Expected
166,2,107.65,105.0,3,2.6500000000000057,883.3333333333352,119.14285714285714,90.35371702637892,Within Expected
86,1,43.37,39.1,8,4.269999999999996,533.7499999999995,43.07142857142857,100.69320066334993,Within Expected
195,2,117.0,106.22,17,10.780000000000001,634.1176470588235,143.9857142857143,81.2580613156067,Below Expected
146,2,86.92,62.86,21,24.060000000000002,1145.714285714286,100.42857142857143,86.54907539118065,Below Expected
74,1,36.59,33.29,5,3.3000000000000043,660.0000000000008,33.042857142857144,110.73497622135756,Above Expected
191,2,139.51,137.4,3,2.109999999999985,703.3333333333284,140.72857142857143,99.13409806111055,Within Expected
140,2,119.28,109.43,16,9.849999999999994,615.6249999999997,94.6,126.08879492600424,Above Expected
118,1,67.51,63.87,4,3.6400000000000077,910.0000000000019,73.12857142857142,92.31685876147687,Within Expected
72,1,37.8,32.96,6,4.839999999999996,806.6666666666661,31.47142857142857,120.10894235133907,Above Expected
114,1,76.92,58.74,15,18.18,1212.0,69.24285714285713,111.08727047658347,Above Expected
53,0,20.28,12.78,16,7.500000000000002,468.7500000000001,17.914285714285715,113.20574162679426,Above Expected
151,2,130.12,120.22,14,9.900000000000006,707.1428571428576,105.17142857142858,123.72181472425972,Above Expected
71,1,29.36,22.84,10,6.52,651.9999999999999,30.685714285714283,95.67970204841714,Within Expected
78,1,38.43,28.58,11,9.850000000000001,895.4545454545456,36.24285714285714,106.03468663776114,Within Expected
79,1,39.77,33.99,8,5.780000000000001,722.5000000000001,37.08571428571428,107.2380585516179,Within Expected
181,2,151.6,144.05,10,7.549999999999983,754.9999999999983,132.34285714285713,114.55094991364423,Above Expected
191,2,157.73,155.25,3,2.4799999999999898,826.6666666666632,140.72857142857143,112.08100700436503,Above Expected
117,1,67.51,56.31,9,11.200000000000003,1244.4444444444448,72.15714285714286,93.55969115026727,Within Expected
74,1,34.06,27.52,12,6.540000000000003,545.0000000000002,33.042857142857144,103.07825335062691,Within Expected
31,0,8.01,6.14,10,1.87,187.0,8.242857142857144,97.17504332755631,Within Expected
143,2,106.34,92.38,11,13.960000000000008,1269.0909090909097,97.51428571428572,109.0506885438031,Within Expected
151,2,92.44,82.35,9,10.090000000000003,1121.1111111111113,105.17142857142858,87.89459386036403,Below Expected
44,0,14.06,8.89,14,5.17,369.2857142857143,13.114285714285714,107.21132897603486,Within Expected
62,0,25.71,24.41,4,1.3000000000000007,325.00000000000017,24.0,107.125,Within Expected
37,0,10.23,4.25,16,5.98,373.75,10.27142857142857,99.59666203059807,Within Expected
78,1,28.21,23.91,4,4.300000000000001,1075.0000000000002,36.24285714285714,77.83602680331101,Below Expected
133,2,96.43,94.08,3,2.3500000000000085,783.3333333333362,87.8,109.82915717539865,Within Expected
163,2,96.54,88.87,8,7.670000000000002,958.7500000000002,116.35714285714286,82.96869244935543,Below Expected
58,0,35.0,19.45,21,15.55,740.4761904761905,21.2,165.0943396226415,Above Expected
149,2,99.93,82.03,17,17.900000000000006,1052.9411764705885,103.28571428571429,96.75103734439834,Within Expected
84,1,35.54,29.23,9,6.309999999999999,701.111111111111,41.3,86.05326876513317,Below Expected
140,2,91.92,87.17,6,4.75,791.6666666666666,94.6,97.16701902748414,Within Expected
44,0,11.03,9.14,9,1.8899999999999988,209.99999999999986,13.114285714285714,84.10675381263616,Below Expected
166,2,119.85,114.48,5,5.36999999999999,1073.9999999999982,119.14285714285714,100.59352517985612,Within Expected
70,1,29.74,19.2,21,10.54,501.90476190476187,29.9,99.46488294314382,Within Expected
179,2,142.57,127.16,14,15.409999999999997,1100.7142857142856,130.62857142857143,109.14151356080488,Within Expected
163,2,125.02,119.34,6,5.679999999999993,946.6666666666654,116.35714285714286,107.4450583179865,Within Expected
35,0,7.02,2.73,9,4.289999999999999,476.6666666666666,9.5,73.89473684210526,Below Expected
137,2,98.05,96.0,7,2.049999999999997,292.85714285714243,91.68571428571428,106.94141477095668,Within Expected
130,2,97.64,86.33,19,11.310000000000002,595.263157894737,84.88571428571429,115.0252440255806,Above Expected
59,0,20.32,11.95,12,8.370000000000001,697.5000000000001,21.9,92.78538812785388,Within Expected
175,2,135.28,114.0,19,21.28,1120.0,127.2,106.35220125786162,Within Expected
166,2,94.88,84.67,15,10.209999999999994,680.6666666666662,119.14285714285714,79.63549160671462,Below Expected
60,0,21.87,19.99,3,1.8800000000000026,626.6666666666675,22.6,96.76991150442478,Within Expected
191,2,107.72,104.73,3,2.989999999999995,996.6666666666649,140.72857142857143,76.54451324738605,Below Expected
62,0,25.63,19.54,8,6.09,761.25,24.0,106.79166666666666,Within Expected
99,1,47.66,29.84,14,17.819999999999997,1272.8571428571427,54.92857142857143,86.7672301690507,Below Expected
166,2,93.42,77.91,17,15.510000000000005,912.352941176471,119.14285714285714,78.41007194244605,Below Expected
140,2,97.65,76.46,21,21.190000000000012,1009.0476190476196,94.6,103.22410147991545,Within Expected
46,0,12.32,8.39,8,3.9299999999999997,491.24999999999994,14.028571428571428,87.82077393075357,Below Expected
189,2,103.99,87.64,15,16.349999999999994,1089.9999999999995,139.1,74.75916606757728,Below Expected
102,1,47.82,36.61,9,11.21,1245.5555555555557,57.714285714285715,82.85643564356435,Below Expected
174,2,119.41,110.22,15,9.189999999999998,612.6666666666665,126.31428571428572,94.53404207192942,Within Expected
33,0,8.37,6.19,6,2.179999999999999,363.33333333333314,8.871428571428572,94.34782608695652,Within Expected
146,2,102.6,79.11,21,23.489999999999995,1118.5714285714284,100.42857142857143,102.16216216216216,Within Expected
186,2,121.08,116.3,9,4.780000000000001,531.1111111111112,136.57142857142856,88.65690376569039,Below Expected
174,2,141.1,129.43,15,11.669999999999987,777.9999999999991,126.31428571428572,111.70549649400587,Above Expected
84,1,39.23,35.79,4,3.4399999999999977,859.9999999999994,41.3,94.98789346246973,Within Expected
185,2,157.55,140.29,18,17.26000000000002,958.88888888889,135.72857142857143,116.07725502578677,Above Expected
162,2,116.58,110.06,10,6.519999999999996,651.9999999999995,115.42857142857143,100.99752475247526,Within Expected
100,1,52.0,44.1,9,7.899999999999999,877.7777777777776,55.857142857142854,93.09462915601023,Within Expected
166,2,116.62,114.18,3,2.4399999999999977,813.3333333333326,119.14285714285714,97.88249400479617,Within Expected
41,0,12.62,8.6,10,4.02,401.99999999999994,11.814285714285713,106.81983071342201,Within Expected
70,1,30.01,17.66,13,12.350000000000001,950.0000000000001,29.9,100.36789297658864,Within Expected
173,2,124.77,112.42,13,12.349999999999994,949.9999999999995,125.42857142857143,99.4749430523918,Within Expected
157,2,116.78,113.62,3,3.1599999999999966,1053.3333333333321,110.78571428571429,105.4107027724049,Within Expected
152,2,103.46,88.27,13,15.189999999999998,1168.461538461538,106.11428571428571,97.49865374259558,Within Expected
130,2,77.94,62.9,11,15.04,1367.2727272727273,84.88571428571429,91.8175698418041,Within Expected
87,1,43.51,34.22,8,9.29,1161.25,43.957142857142856,98.98277543061424,Within Expected
157,2,98.78,75.53,19,23.25,1223.6842105263156,110.78571428571429,89.16312056737588,Below Expected
40,0,8.49,7.41,3,1.08,360.00000000000006,11.428571428571429,74.2875,Below Expected
113,1,64.45,62.48,3,1.970000000000006,656.6666666666687,68.27142857142857,94.40259468508057,Within Expected
32,0,7.87,5.68,9,2.1900000000000004,243.33333333333337,8.557142857142857,91.96994991652755,Within Expected
156,2,133.63,124.48,9,9.149999999999991,1016.6666666666657,109.85714285714286,121.63979193758128,Above Expected
96,1,52.63,40.05,14,12.580000000000005,898.5714285714289,52.142857142857146,100.93424657534247,Within Expected
57,0,20.08,10.44,16,9.639999999999999,602.4999999999999,20.5,97.95121951219511,Within Expected
41,0,10.17,3.75,14,6.42,458.57142857142856,11.814285714285713,86.08222490931077,Below Expected
80,1,35.46,30.68,7,4.780000000000001,682.857142857143,37.92857142857142,93.49152542372883,Within Expected
112,1,71.37,48.06,21,23.310000000000002,1110.0,67.3,106.04754829123328,Within Expected
120,1,64.73,58.81,10,5.920000000000002,592.0000000000002,75.08571428571427,86.20814307458144,Below Expected
101,1,58.32,42.26,17,16.060000000000002,944.7058823529413,56.785714285714285,102.70188679245283,Within Expected
137,2,79.0,77.56,4,1.4399999999999977,359.99999999999943,91.68571428571428,86.16391399189779,Below Expected
135,2,83.55,69.47,14,14.079999999999998,1005.7142857142856,89.74285714285713,93.09933142311367,Within Expected
114,1,76.83,74.4,7,2.4299999999999926,347.1428571428561,69.24285714285713,110.95729317103364,Above Expected
157,2,104.87,87.64,14,17.230000000000004,1230.714285714286,110.78571428571429,94.6602192134107,Within Expected
165,2,118.3,108.77,11,9.530000000000001,866.3636363636365,118.21428571428571,100.07250755287009,Within Expected
108,1,52.8,49.15,4,3.6499999999999986,912.4999999999997,63.41428571428571,83.26199594503267,Below Expected
78,1,44.01,30.89,16,13.119999999999997,819.9999999999999,36.24285714285714,121.43082380764683,Above Expected
175,2,120.0,104.1,21,15.900000000000006,757.1428571428575,127.2,94.33962264150944,Within Expected
159,2,108.85,101.87,6,6.97999999999999,1163.3333333333317,112.64285714285714,96.63284717818644,Within Expected
129,2,99.6,74.67,20,24.929999999999993,1246.4999999999998,83.91428571428571,118.69254341164452,Above Expected
89,1,50.59,45.3,7,5.290000000000006,755.7142857142866,45.72857142857143,110.63105279600126,Above Expected
108,1,69.17,58.7,13,10.469999999999999,805.3846153846152,63.41428571428571,109.07636855147555,Within Expected
171,2,122.18,115.25,6,6.930000000000007,1155.0000000000011,123.65714285714286,98.80545286506471,Within Expected
171,2,123.57,119.23,5,4.339999999999989,867.9999999999978,123.65714285714286,99.92952865064694,Within Expected
187,2,116.62,105.47,11,11.150000000000006,1013.6363636363641,137.4142857142857,84.8674498388606,Below Expected
93,1,49.79,40.14,12,9.649999999999999,804.1666666666666,49.357142857142854,100.87698986975397,Within Expected
115,1,67.09,57.67,13,9.420000000000002,724.6153846153848,70.21428571428571,95.5503560528993,Within Expected
191,2,125.62,122.16,4,3.460000000000008,865.000000000002,140.72857142857143,89.26403410821237,Below Expected
53,0,16.21,12.46,7,3.75,535.7142857142857,17.914285714285715,90.48644338118022,Within Expected
132,2,88.31,82.54,6,5.769999999999996,961.6666666666661,86.82857142857142,101.70615333991447,Within Expected
75,1,31.1,24.95,6,6.150000000000002,1025.0000000000005,33.82857142857143,91.93412162162163,Within Expected
91,1,49.08,37.68,16,11.399999999999999,712.4999999999999,47.5,103.32631578947368,Within Expected
106,1,60.47,53.65,5,6.82,1364.0,61.47142857142857,98.37090402045085,Within Expected
49,0,18.17,13.46,10,4.710000000000001,471.0000000000001,15.4,117.987012987013,Above Expected
94,1,47.97,45.45,3,2.519999999999996,839.9999999999986,50.285714285714285,95.39488636363636,Within Expected
190,2,126.63,108.0,18,18.629999999999995,1034.9999999999998,139.9142857142857,90.50541147641414,Within Expected
175,2,117.41,104.7,11,12.709999999999994,1155.4545454545448,127.2,92.30345911949685,Within Expected
61,0,25.93,23.66,4,2.2699999999999996,567.4999999999999,23.3,111.28755364806867,Above Expected
160,2,111.79,100.43,8,11.36,1420.0,113.57142857142857,98.4314465408805,Within Expected
172,2,105.96,99.15,10,6.809999999999988,680.9999999999989,124.54285714285714,85.07914659325533,Below Expected
192,2,148.19,143.39,9,4.800000000000011,533.3333333333345,141.54285714285714,104.69620508679853,Within Expected
143,2,73.92,50.39,18,23.53,1307.2222222222222,97.51428571428572,75.80427776150015,Below Expected
100,1,58.11,45.36,19,12.75,671.0526315789474,55.857142857142854,104.03324808184145,Within Expected
54,0,17.39,12.81,7,4.58,654.2857142857142,18.542857142857144,93.78274268104776,Within Expected
154,2,120.22,105.8,13,14.420000000000002,1109.2307692307695,108.0,111.31481481481482,Above Expected
113,1,62.12,55.0,6,7.119999999999997,1186.6666666666663,68.27142857142857,90.98974680895584,Within Expected
195,2,97.0,89.05,11,7.950000000000003,722.727272727273,143.9857142857143,67.36779442405,Below Expected
123,1,80.49,75.77,4,4.719999999999999,1179.9999999999998,78.04285714285714,103.13563975837452,Within Expected
102,1,72.78,68.74,5,4.040000000000006,808.0000000000013,57.714285714285715,126.1039603960396,Above Expected
102,1,59.8,52.57,9,7.229999999999997,803.333333333333,57.714285714285715,103.61386138613862,Within Expected
64,0,24.46,22.2,4,2.2600000000000016,565.0000000000003,25.442857142857143,96.13700168444694,Within Expected
192,2,169.56,156.75,15,12.810000000000002,854.0000000000002,141.54285714285714,119.79410577311265,Above Expected
69,0,35.21,26.4,13,8.810000000000002,677.6923076923078,29.157142857142855,120.75943165115142,Above Expected
89,1,37.84,24.12,16,13.720000000000002,857.5000000000001,45.72857142857143,82.7491408934708,Below Expected
86,1,36.51,29.54,9,6.969999999999999,774.4444444444442,43.07142857142857,84.76616915422885,Below Expected
45,0,15.85,9.47,13,6.379999999999999,490.76923076923066,13.571428571428571,116.78947368421053,Above Expected
146,2,92.98,89.82,3,3.160000000000011,1053.333333333337,100.42857142857143,92.5832147937411,Within Expected
193,2,144.97,141.33,5,3.6399999999999864,727.9999999999973,142.35714285714286,101.83542398394381,Within Expected
129,2,81.0,62.1,17,18.9,1111.7647058823527,83.91428571428571,96.5270684371808,Within Expected
70,1,31.48,22.21,11,9.27,842.7272727272726,29.9,105.28428093645485,Within Expected
139,2,80.41,71.03,10,9.379999999999995,937.9999999999995,93.62857142857142,85.88190418065305,Below Expected
152,2,105.1,88.41,21,16.689999999999998,794.7619047619047,106.11428571428571,99.04415724286483,Within Expected
95,1,52.46,41.16,21,11.300000000000004,538.0952380952383,51.214285714285715,102.4323570432357,Within Expected
131,2,99.3,84.36,16,14.939999999999998,933.7499999999999,85.85714285714286,115.65723793677203,Above Expected
52,0,19.82,13.22,13,6.6,507.6923076923077,17.285714285714285,114.6611570247934,Above Expected
155,2,92.96,73.22,18,19.739999999999995,1096.6666666666665,108.92857142857143,85.34032786885246,Below Expected
98,1,59.89,55.76,5,4.130000000000003,826.0000000000005,54.0,110.9074074074074,Above Expected
101,1,57.14,54.85,5,2.289999999999999,457.99999999999983,56.785714285714285,100.62389937106919,Within Expected
167,2,129.19,115.95,10,13.239999999999995,1323.9999999999993,120.07142857142857,107.59428911362285,Within Expected
50,0,20.05,9.11,16,10.940000000000001,683.7500000000001,16.02857142857143,125.0891265597148,Above Expected
53,0,17.98,6.6,19,11.38,598.9473684210527,17.914285714285715,100.36682615629984,Within Expected
95,1,52.08,46.93,5,5.149999999999999,1029.9999999999998,51.214285714285715,101.69037656903765,Within Expected
146,2,80.3,76.27,3,4.030000000000001,1343.3333333333337,100.42857142857143,79.95732574679943,Below Expected
115,1,85.92,70.99,13,14.930000000000007,1148.461538461539,70.21428571428571,122.3682604272635,Above Expected
144,2,113.38,96.54,21,16.83999999999999,801.9047619047614,98.48571428571428,115.12329561937918,Above Expected
115,1,66.3,51.61,20,14.689999999999998,734.4999999999999,70.21428571428571,94.42522889114954,Within Expected
62,0,24.13,18.77,7,5.359999999999999,765.7142857142857,24.0,100.54166666666666,Within Expected
87,1,48.63,33.93,19,14.700000000000003,773.684210526316,43.957142857142856,110.63048423789405,Above Expected
154,2,98.38,84.43,11,13.949999999999989,1268.181818181817,108.0,91.0925925925926,Within Expected
57,0,19.26,9.84,11,9.420000000000002,856.3636363636366,20.5,93.95121951219512,Within Expected
127,2,87.19,71.75,21,15.439999999999998,735.2380952380952,81.97142857142858,106.3663297316138,Within Expected
126,2,87.7,68.81,19,18.89,994.2105263157896,81.0,108.27160493827162,Within Expected
96,1,52.64,35.53,19,17.11,900.5263157894736,52.142857142857146,100.95342465753426,Within Expected
123,1,62.67,50.99,21,11.68,556.1904761904761,78.04285714285714,80.30203185063152,Below Expected
190,2,95.83,84.98,11,10.849999999999994,986.3636363636359,139.9142857142857,68.49193383704308,Below Expected
88,1,43.08,27.79,14,15.29,1092.142857142857,44.84285714285714,96.0688117234788,Within Expected
181,2,135.49,122.06,14,13.430000000000007,959.2857142857148,132.34285714285713,102.37802245250434,Within Expected
52,0,12.25,9.27,6,2.9800000000000004,496.66666666666674,17.285714285714285,70.86776859504133,Below Expected
82,1,44.51,30.25,18,14.259999999999998,792.2222222222222,39.614285714285714,112.35845654525785,Above Expected
127,2,90.35,78.99,12,11.36,946.6666666666666,81.97142857142858,110.22133147438132,Above Expected
194,2,122.16,117.83,9,4.329999999999998,481.1111111111109,143.17142857142858,85.324286569547,Below Expected
65,0,28.82,21.82,12,7.0,583.3333333333334,26.185714285714283,110.06001091107476,Above Expected
184,2,116.88,102.96,19,13.920000000000002,732.6315789473686,134.88571428571427,86.65113323448422,Below Expected
97,1,48.47,46.07,3,2.3999999999999986,799.9999999999995,53.07142857142857,91.32974427994617,Within Expected
127,2,90.91,79.53,12,11.379999999999995,948.3333333333329,81.97142857142858,110.90449634018822,Above Expected
144,2,121.95,117.3,6,4.650000000000006,775.0000000000009,98.48571428571428,123.82506527415144,Above Expected
139,2,81.92,57.05,20,24.870000000000005,1243.5000000000002,93.62857142857142,87.49465974977115,Below Expected
106,1,72.05,55.17,21,16.879999999999995,803.8095238095236,61.47142857142857,117.20892400650709,Above Expected
173,2,122.24,120.04,4,2.1999999999999886,549.9999999999972,125.42857142857143,97.45785876993166,Within Expected
59,0,22.83,18.44,8,4.389999999999997,548.7499999999997,21.9,104.24657534246575,Within Expected
43,0,13.54,5.98,17,7.559999999999999,444.7058823529411,12.657142857142857,106.97516930022573,Within Expected
163,2,113.63,109.85,5,3.780000000000001,756.0000000000002,116.35714285714286,97.65623081645181,Within Expected
142,2,87.21,79.85,12,7.359999999999999,613.3333333333333,96.54285714285714,90.33293873927197,Within Expected
120,1,69.84,65.11,5,4.730000000000004,946.0000000000008,75.08571428571427,93.01369863013701,Within Expected
82,1,31.79,16.84,16,14.95,934.375,39.614285714285714,80.2488279841327,Below Expected
86,1,42.01,33.87,12,8.14,678.3333333333334,43.07142857142857,97.53565505804312,Within Expected
63,0,24.97,12.32,18,12.649999999999999,702.7777777777777,24.7,101.09311740890688,Within Expected
134,2,76.05,71.49,6,4.560000000000002,760.0000000000003,88.77142857142857,85.6694560669456,Below Expected
193,2,138.2,120.19,20,18.00999999999999,900.4999999999995,142.35714285714286,97.07977922729553,Within Expected
111,1,70.25,65.53,13,4.719999999999999,363.076923076923,66.32857142857142,105.91212578074523,Within Expected
34,0,8.64,7.83,4,0.8100000000000005,202.5000000000001,9.185714285714287,94.05909797822706,Within Expected
49,0,15.18,11.39,8,3.789999999999999,473.7499999999999,15.4,98.57142857142857,Within Expected
172,2,138.65,126.14,16,12.510000000000005,781.8750000000003,124.54285714285714,111.32713925212205,Above Expected
135,2,97.48,92.63,5,4.8500000000000085,970.0000000000017,89.74285714285713,108.62145813435214,Within Expected
80,1,36.33,19.33,16,17.0,1062.5,37.92857142857142,95.78531073446328,Within Expected
147,2,106.22,90.29,16,15.929999999999993,995.6249999999995,101.4,104.75345167652858,Within Expected
45,0,14.39,6.9,17,7.49,440.5882352941177,13.571428571428571,106.03157894736843,Within Expected
167,2,125.64,124.98,3,0.6599999999999966,219.99999999999886,120.07142857142857,104.63771564544915,Within Expected
178,2,108.32,103.99,6,4.329999999999998,721.6666666666664,129.77142857142857,83.46983707617788,Below Expected
154,2,103.22,92.76,9,10.459999999999994,1162.2222222222215,108.0,95.57407407407408,Within Expected
76,1,43.35,35.3,10,8.050000000000004,805.0000000000003,34.614285714285714,125.23730912092448,Above Expected
66,0,29.66,26.85,5,2.8099999999999987,561.9999999999998,26.928571428571427,110.14323607427056,Above Expected
184,2,128.45,113.15,18,15.299999999999983,849.9999999999991,134.88571428571427,95.2287650921415,Within Expected
176,2,145.82,129.88,17,15.939999999999998,937.6470588235293,128.05714285714285,113.87103971441321,Above Expected
139,2,74.51,57.45,21,17.060000000000002,812.3809523809525,93.62857142857142,79.58040891058896,Below Expected
151,2,104.71,82.63,19,22.08,1162.1052631578948,105.17142857142858,99.56126052703068,Within Expected
145,2,89.87,61.54,19,28.330000000000005,1491.0526315789477,99.45714285714286,90.3605285837403,Within Expected
128,2,73.16,65.93,14,7.22999999999999,516.4285714285706,82.94285714285714,88.20530485704444,Below Expected
185,2,147.92,146.09,3,1.829999999999984,609.9999999999947,135.72857142857143,108.98221239869486,Within Expected
95,1,51.77,41.71,20,10.060000000000002,503.0000000000001,51.214285714285715,101.08507670850769,Within Expected
150,2,100.64,96.52,6,4.1200000000000045,686.6666666666674,104.22857142857143,96.55701754385964,Within Expected
48,0,16.76,10.04,21,6.720000000000002,320.0000000000001,14.942857142857143,112.1606118546845,Above Expected
121,1,78.08,70.41,8,7.670000000000002,958.7500000000002,76.07142857142857,102.64037558685446,Within Expected
154,2,105.92,93.0,11,12.920000000000002,1174.5454545454547,108.0,98.07407407407408,Within Expected
92,1,36.29,29.67,16,6.619999999999997,413.74999999999983,48.42857142857143,74.93510324483775,Below Expected
126,2,66.7,55.59,14,11.11,793.5714285714284,81.0,82.34567901234568,Below Expected
148,2,101.47,84.36,18,17.11,950.5555555555555,102.34285714285714,99.14712451144612,Within Expected
189,2,159.78,153.94,12,5.840000000000003,486.66666666666697,139.1,114.86700215672178,Above Expected
163,2,121.34,110.57,17,10.77000000000001,633.5294117647064,116.35714285714286,104.28238182934315,Within Expected
164,2,122.97,119.31,4,3.6599999999999966,914.9999999999991,117.28571428571429,104.84652862362971,Within Expected
86,1,48.47,43.95,5,4.519999999999996,903.9999999999992,43.07142857142857,112.53399668325042,Above Expected
79,1,20.74,11.64,13,9.099999999999998,699.9999999999999,37.08571428571428,55.92449922958398,Below Expected
76,1,40.43,33.62,12,6.810000000000002,567.5000000000002,34.614285714285714,116.80148576145275,Above Expected
191,2,158.16,154.65,4,3.509999999999991,877.4999999999977,140.72857142857143,112.3865597401279,Above Expected
174,2,110.81,107.92,4,2.8900000000000006,722.5000000000001,126.31428571428572,87.72562768604388,Below Expected
114,1,60.78,49.14,18,11.64,646.6666666666667,69.24285714285713,87.77800701464825,Below Expected
99,1,48.63,37.85,8,10.780000000000001,1347.5000000000002,54.92857142857143,88.5331599479844,Below Expected
40,0,10.57,8.9,6,1.67,278.3333333333333,11.428571428571429,92.4875,Within Expected
68,0,32.8,28.12,6,4.679999999999996,779.9999999999993,28.414285714285715,115.43489190548013,Above Expected
86,1,35.03,21.85,17,13.18,775.2941176470588,43.07142857142857,81.33001658374793,Below Expected
61,0,21.87,13.41,10,8.46,846.0000000000001,23.3,93.86266094420601,Within Expected
127,2,84.5,80.09,4,4.409999999999997,1102.499999999999,81.97142857142858,103.08469850121993,Within Expected
163,2,100.62,87.44,13,13.180000000000007,1013.8461538461543,116.35714285714286,86.47513812154696,Below Expected
55,0,19.38,11.35,14,8.03,573.5714285714286,19.17142857142857,101.08792846497765,Within Expected
77,1,29.89,16.65,15,13.240000000000002,882.6666666666669,35.4,84.43502824858757,Below Expected
93,1,43.17,31.08,14,12.090000000000003,863.5714285714288,49.357142857142854,87.4645441389291,Below Expected
110,1,58.21,51.82,12,6.390000000000001,532.5000000000001,65.35714285714286,89.06448087431693,Below Expected
119,1,70.39,47.52,16,22.869999999999997,1429.3749999999998,74.1,94.99325236167341,Within Expected
112,1,60.71,53.26,8,7.450000000000003,931.2500000000003,67.3,90.20802377414562,Within Expected
196,2,140.28,127.98,16,12.299999999999997,768.7499999999998,144.8,96.87845303867402,Within Expected
97,1,57.87,46.0,15,11.869999999999997,791.3333333333331,53.07142857142857,109.04172274562585,Within Expected
74,1,35.68,25.51,14,10.169999999999998,726.4285714285713,33.042857142857144,107.98097708603545,Within Expected
98,1,52.43,41.76,14,10.670000000000002,762.1428571428572,54.0,97.0925925925926,Within Expected
184,2,123.31,108.0,19,15.310000000000002,805.7894736842106,134.88571428571427,91.41813175174752,Within Expected
75,1,31.09,28.03,6,3.0599999999999987,509.9999999999998,33.82857142857143,91.9045608108108,Within Expected
95,1,62.47,47.06,15,15.409999999999997,1027.3333333333333,51.214285714285715,121.97768479776848,Above Expected
53,0,20.92,11.59,18,9.330000000000002,518.3333333333334,17.914285714285715,116.77830940988837,Above Expected
141,2,102.6,84.97,15,17.629999999999995,1175.333333333333,95.57142857142857,107.3542600896861,Within Expected
172,2,117.44,104.08,11,13.36,1214.5454545454545,124.54285714285714,94.2968570773113,Within Expected
165,2,112.66,96.97,17,15.689999999999998,922.9411764705882,118.21428571428571,95.30151057401814,Within Expected
159,2,101.75,87.95,12,13.799999999999997,1149.9999999999998,112.64285714285714,90.32974001268231,Within Expected
58,0,24.86,12.52,19,12.34,649.4736842105264,21.2,117.26415094339622,Above Expected
48,0,16.89,14.75,10,2.1400000000000006,214.00000000000006,14.942857142857143,113.03059273422562,Above Expected
30,0,7.08,6.19,3,0.8899999999999997,296.6666666666666,7.928571428571429,89.29729729729729,Below Expected
161,2,104.64,93.3,11,11.340000000000003,1030.9090909090912,114.5,91.38864628820961,Within Expected
45,0,12.47,6.28,16,6.19,386.875,13.571428571428571,91.8842105263158,Within Expected
58,0,23.97,15.76,14,8.209999999999999,586.4285714285714,21.2,113.06603773584905,Above Expected
162,2,94.89,86.01,9,8.879999999999995,986.6666666666662,115.42857142857143,82.20668316831683,Below Expected
92,1,49.38,36.35,19,13.030000000000001,685.7894736842106,48.42857142857143,101.96460176991151,Within Expected
69,0,21.18,8.68,14,12.5,892.8571428571429,29.157142857142855,72.64086232239099,Below Expected
99,1,58.28,44.25,19,14.030000000000001,738.421052631579,54.92857142857143,106.10143042912874,Within Expected
164,2,121.76,110.02,13,11.740000000000009,903.0769230769238,117.28571428571429,103.81485992691839,Within Expected
95,1,62.62,43.71,18,18.909999999999997,1050.5555555555554,51.214285714285715,122.27057182705718,Above Expected
177,2,130.57,113.04,14,17.529999999999987,1252.1428571428562,128.9142857142857,101.28435283687942,Within Expected
87,1,38.42,23.79,14,14.630000000000003,1045.0000000000002,43.957142857142856,87.40331491712709,Below Expected
59,0,19.02,14.03,6,4.99,831.6666666666666,21.9,86.84931506849315,Below Expected
107,1,55.15,32.79,21,22.36,1064.7619047619048,62.44285714285714,88.32075040036604,Below Expected
155,2,107.68,101.45,6,6.230000000000004,1038.333333333334,108.92857142857143,98.85377049180329,Within Expected
125,1,89.52,73.47,16,16.049999999999997,1003.1249999999998,80.01428571428572,111.88002142474558,Above Expected
59,0,22.58,17.49,6,5.09,848.3333333333333,21.9,103.10502283105023,Within Expected
157,2,106.08,90.81,16,15.269999999999996,954.3749999999998,110.78571428571429,95.75241779497098,Within Expected
192,2,155.33,149.31,7,6.02000000000001,860.0000000000015,141.54285714285714,109.74061364553897,Within Expected
100,1,51.91,47.92,4,3.989999999999995,997.4999999999987,55.857142857142854,92.93350383631713,Within Expected
126,2,87.88,59.02,21,28.859999999999992,1374.285714285714,81.0,108.49382716049382,Within Expected
125,1,75.06,59.93,12,15.130000000000003,1260.8333333333335,80.01428571428572,93.80824852704875,Within Expected
114,1,70.86,62.35,7,8.509999999999998,1215.7142857142856,69.24285714285713,102.3354652362286,Within Expected
104,1,43.29,30.22,21,13.07,622.3809523809524,59.57142857142857,72.66906474820144,Below Expected
86,1,45.73,31.24,15,14.489999999999998,965.9999999999999,43.07142857142857,106.17247097844114,Within Expected
37,0,11.25,6.03,14,5.22,372.85714285714283,10.27142857142857,109.52712100139084,Within Expected
165,2,126.48,118.76,10,7.719999999999999,771.9999999999999,118.21428571428571,106.99214501510575,Within Expected
121,1,67.7,45.82,20,21.880000000000003,1094.0,76.07142857142857,88.99530516431925,Below Expected
65,0,25.17,20.24,6,4.930000000000003,821.6666666666672,26.185714285714283,96.12111292962359,Within Expected
151,2,91.23,82.95,7,8.280000000000001,1182.8571428571431,105.17142857142858,86.7440912795436,Below Expected
162,2,112.32,88.95,21,23.36999999999999,1112.8571428571424,115.42857142857143,97.3069306930693,Within Expected
156,2,127.8,121.84,20,5.959999999999994,297.9999999999997,109.85714285714286,116.33289986996098,Above Expected
54,0,15.86,9.4,11,6.459999999999999,587.2727272727271,18.542857142857144,85.53158705701077,Below Expected
111,1,79.23,60.19,21,19.040000000000006,906.666666666667,66.32857142857142,119.45078612965756,Above Expected
186,2,156.46,150.43,6,6.030000000000001,1005.0000000000001,136.57142857142856,114.56276150627617,Above Expected
103,1,51.09,45.72,8,5.3700000000000045,671.2500000000006,58.642857142857146,87.12058465286236,Below Expected
146,2,105.9,84.82,21,21.080000000000013,1003.8095238095244,100.42857142857143,105.44807965860599,Within Expected
93,1,36.85,34.38,3,2.469999999999999,823.3333333333329,49.357142857142854,74.65991316931984,Below Expected
115,1,79.17,71.2,13,7.969999999999999,613.076923076923,70.21428571428571,112.75483214649036,Above Expected
52,0,21.32,20.11,4,1.2100000000000009,302.5000000000002,17.285714285714285,123.33884297520663,Above Expected
159,2,119.96,114.26,5,5.699999999999989,1139.9999999999977,112.64285714285714,106.49587824984148,Within Expected
139,2,73.61,71.82,4,1.7900000000000063,447.5000000000016,93.62857142857142,78.61916386939275,Below Expected
168,2,117.56,104.81,15,12.75,850.0,121.0,97.15702479338843,Within Expected
195,2,139.95,124.48,17,15.469999999999985,909.9999999999991,143.9857142857143,97.197142573668,Within Expected
37,0,10.59,9.06,4,1.5299999999999994,382.49999999999983,10.27142857142857,103.10152990264257,Within Expected
59,0,19.69,15.61,6,4.080000000000002,680.0000000000002,21.9,89.90867579908677,Below Expected
182,2,104.66,102.69,3,1.9699999999999989,656.6666666666663,133.2,78.57357357357357,Below Expected
121,1,71.51,58.61,8,12.900000000000006,1612.5000000000007,76.07142857142857,94.00375586854462,Within Expected
181,2,140.12,134.14,5,5.980000000000018,1196.0000000000036,132.34285714285713,105.87651122625216,Within Expected
67,0,28.33,25.54,6,2.789999999999999,464.9999999999999,27.67142857142857,102.37996902426431,Within Expected
155,2,128.71,118.21,13,10.500000000000014,807.6923076923089,108.92857142857143,118.16,Above Expected
122,1,66.35,52.3,10,14.049999999999997,1404.9999999999998,77.05714285714285,86.1049314052651,Below Expected
51,0,19.82,10.19,19,9.63,506.842105263158,16.65714285714286,118.98799313893653,Above Expected
181,2,169.07,158.83,13,10.23999999999998,787.6923076923063,132.34285714285713,127.75151122625216,Above Expected
134,2,94.09,89.55,5,4.540000000000006,908.0000000000013,88.77142857142857,105.99130994528485,Within Expected
153,2,113.26,105.79,7,7.469999999999999,1067.1428571428569,107.05714285714286,105.79396850813984,Within Expected
91,1,42.36,35.86,9,6.5,722.2222222222222,47.5,89.17894736842105,Below Expected
166,2,106.52,95.45,19,11.069999999999993,582.6315789473681,119.14285714285714,89.40527577937651,Below Expected
87,1,46.17,27.98,18,18.19,1010.5555555555557,43.957142857142856,105.03412414689635,Within Expected
63,0,23.42,10.53,16,12.890000000000002,805.6250000000001,24.7,94.8178137651822,Within Expected
44,0,15.14,12.76,6,2.380000000000001,396.6666666666668,13.114285714285714,115.44662309368192,Above Expected
120,1,85.69,68.61,19,17.08,898.9473684210525,75.08571428571427,114.12290715372907,Above Expected
120,1,83.8,78.49,4,5.310000000000002,1327.5000000000005,75.08571428571427,111.60578386605786,Above Expected
155,2,94.71,81.59,10,13.11999999999999,1311.9999999999989,108.92857142857143,86.94688524590163,Below Expected
59,0,22.53,20.76,3,1.7699999999999996,589.9999999999999,21.9,102.87671232876714,Within Expected
194,2,122.54,112.78,17,9.760000000000005,574.1176470588239,143.17142857142858,85.58970265416085,Below Expected
178,2,145.96,129.43,14,16.53,1180.7142857142858,129.77142857142857,112.47468075737561,Above Expected
79,1,32.84,25.36,8,7.480000000000004,935.0000000000005,37.08571428571428,88.5516178736518,Below Expected
143,2,101.86,95.56,8,6.299999999999997,787.4999999999997,97.51428571428572,104.45648989159098,Within Expected
116,1,58.37,54.7,5,3.6699999999999946,733.9999999999989,71.18571428571428,81.99678908288179,Below Expected
177,2,129.95,128.1,3,1.8499999999999943,616.6666666666648,128.9142857142857,100.80341312056737,Within Expected
150,2,111.3,94.11,19,17.189999999999998,904.736842105263,104.22857142857143,106.7845394736842,Within Expected
47,0,16.82,15.4,7,1.42,202.85714285714283,14.485714285714286,116.11439842209073,Above Expected
170,2,151.74,144.66,7,7.0800000000000125,1011.4285714285732,122.77142857142857,123.59553176634863,Above Expected
191,2,133.91,127.26,7,6.6499999999999915,949.9999999999987,140.72857142857143,95.1548066186174,Within Expected
151,2,114.84,111.38,5,3.460000000000008,692.0000000000016,105.17142857142858,109.19315403422982,Within Expected
60,0,21.25,8.89,17,12.36,727.0588235294117,22.6,94.02654867256636,Within Expected
159,2,106.89,86.71,19,20.180000000000007,1062.105263157895,112.64285714285714,94.89283449587825,Within Expected
106,1,61.23,59.49,4,1.7399999999999949,434.99999999999875,61.47142857142857,99.60725075528701,Within Expected
174,2,152.33,139.64,18,12.690000000000026,705.0000000000014,126.31428571428572,120.5960190002262,Above Expected
186,2,150.89,133.44,17,17.44999999999999,1026.4705882352935,136.57142857142856,110.48430962343096,Above Expected
116,1,80.58,71.0,16,9.579999999999998,598.7499999999999,71.18571428571428,113.19686935580975,Above Expected
138,2,100.2,90.66,10,9.540000000000006,954.0000000000007,92.65714285714286,108.14061054579093,Within Expected
62,0,23.59,11.35,20,12.24,612.0,24.0,98.29166666666667,Within Expected
163,2,99.39,95.6,5,3.7900000000000063,758.0000000000013,116.35714285714286,85.41804788213628,Below Expected
142,2,95.93,79.32,15,16.610000000000014,1107.3333333333342,96.54285714285714,99.36519680378811,Within Expected
132,2,105.74,82.73,18,23.00999999999999,1278.3333333333328,86.82857142857142,121.78019085225404,Above Expected
157,2,113.63,91.55,18,22.08,1226.6666666666665,110.78571428571429,102.5673758865248,Within Expected
44,0,11.84,3.65,15,8.19,545.9999999999999,13.114285714285714,90.28322440087146,Within Expected
145,2,113.34,92.54,20,20.799999999999997,1039.9999999999998,99.45714285714286,113.95863257684573,Above Expected
82,1,32.7,27.56,6,5.140000000000004,856.6666666666673,39.614285714285714,82.54597908402454,Below Expected
100,1,63.63,40.44,21,23.190000000000005,1104.2857142857144,55.857142857142854,113.91560102301793,Above Expected
56,0,15.81,5.3,16,10.510000000000002,656.8750000000001,19.8,79.84848484848484,Below Expected
164,2,140.96,129.02,15,11.939999999999998,795.9999999999998,117.28571428571429,120.18514007308161,Above Expected
57,0,19.3,6.03,19,13.27,698.421052631579,20.5,94.14634146341464,Within Expected
168,2,120.78,105.91,15,14.870000000000005,991.3333333333336,121.0,99.81818181818181,Within Expected
84,1,40.71,21.13,19,19.580000000000002,1030.5263157894738,41.3,98.57142857142858,Within Expected
151,2,99.47,86.82,9,12.650000000000006,1405.555555555556,105.17142857142858,94.5789187720728,Within Expected
140,2,89.29,65.7,21,23.590000000000003,1123.3333333333335,94.6,94.38689217758987,Within Expected
84,1,42.38,41.46,8,0.9200000000000017,115.00000000000021,41.3,102.61501210653753,Within Expected
148,2,111.37,103.43,11,7.939999999999998,721.8181818181815,102.34285714285714,108.82049134561697,Within Expected
33,0,9.89,8.54,5,1.3500000000000014,270.0000000000003,8.871428571428572,111.4814814814815,Above Expected
179,2,118.12,105.82,12,12.300000000000011,1025.000000000001,130.62857142857143,90.42432195975503,Within Expected
131,2,62.62,41.67,21,20.949999999999996,997.6190476190474,85.85714285714286,72.9351081530782,Below Expected
125,1,80.96,67.81,14,13.149999999999991,939.2857142857138,80.01428571428572,101.18193179789321,Within Expected
69,0,27.11,16.95,11,10.16,923.6363636363637,29.157142857142855,92.97893189612935,Within Expected
100,1,54.44,48.74,6,5.699999999999996,949.9999999999993,55.857142857142854,97.46291560102301,Within Expected
67,0,25.0,17.0,14,8.0,571.4285714285714,27.67142857142857,90.34589571502323,Within Expected
126,2,69.01,57.03,14,11.980000000000004,855.714285714286,81.0,85.19753086419753,Below Expected
160,2,115.96,110.78,5,5.179999999999993,1035.9999999999984,113.57142857142857,102.10314465408806,Within Expected
141,2,86.02,69.88,15,16.14,1076.0,95.57142857142857,90.00597907324365,Within Expected
108,1,59.41,47.92,16,11.489999999999995,718.1249999999997,63.41428571428571,93.68551475557558,Within Expected
179,2,127.55,105.04,20,22.50999999999999,1125.4999999999995,130.62857142857143,97.64326334208224,Within Expected
73,1,32.24,17.64,13,14.600000000000001,1123.076923076923,32.25714285714285,99.94685562444643,Within Expected
38,0,12.62,9.44,7,3.1799999999999997,454.2857142857142,10.657142857142857,118.41823056300267,Above Expected
118,1,76.18,64.17,12,12.010000000000005,1000.8333333333337,73.12857142857142,104.17268997851146,Within Expected
121,1,84.48,76.65,10,7.829999999999998,782.9999999999998,76.07142857142857,111.05352112676057,Above Expected
54,0,22.56,20.57,3,1.9899999999999984,663.3333333333328,18.542857142857144,121.66409861325114,Above Expected
105,1,50.9,39.97,13,10.93,840.7692307692307,60.5,84.13223140495867,Below Expected
130,2,84.43,70.86,20,13.570000000000007,678.5000000000003,84.88571428571429,99.46314372265232,Within Expected
196,2,165.08,160.54,6,4.5400000000000205,756.66666666667,144.8,114.00552486187846,Above Expected
84,1,52.19,27.74,21,24.45,1164.2857142857142,41.3,126.36803874092011,Above Expected
37,0,8.8,5.24,10,3.5600000000000005,356.00000000000006,10.27142857142857,85.67454798331016,Below Expected
47,0,17.01,13.93,7,3.080000000000002,440.0000000000003,14.485714285714286,117.42603550295858,Above Expected
99,1,63.27,55.07,17,8.200000000000003,482.3529411764708,54.92857142857143,115.18595578673603,Above Expected
102,1,58.61,55.69,4,2.9200000000000017,730.0000000000005,57.714285714285715,101.5519801980198,Within Expected
83,1,42.64,34.6,12,8.04,669.9999999999999,40.457142857142856,105.3954802259887,Within Expected
148,2,97.94,84.15,12,13.789999999999992,1149.166666666666,102.34285714285714,95.69793411501955,Within Expected
81,1,30.2,22.18,11,8.02,729.090909090909,38.77142857142857,77.89240972733971,Below Expected
82,1,32.95,19.0,13,13.950000000000003,1073.0769230769233,39.614285714285714,83.17706455102778,Below Expected
122,1,67.37,62.04,8,5.330000000000005,666.2500000000007,77.05714285714285,87.4286243974787,Below Expected
38,0,8.82,7.19,5,1.63,325.99999999999994,10.657142857142857,82.76139410187669,Below Expected
144,2,102.38,87.71,14,14.670000000000002,1047.8571428571431,98.48571428571428,103.95416304032491,Within Expected
169,2,123.0,109.77,11,13.230000000000004,1202.727272727273,121.88571428571429,100.91420534458508,Within Expected
101,1,59.19,45.46,21,13.729999999999997,653.8095238095236,56.785714285714285,104.23396226415093,Within Expected
178,2,143.55,130.95,12,12.600000000000023,1050.0000000000018,129.77142857142857,110.61756935270806,Above Expected
59,0,22.65,19.79,4,2.8599999999999994,714.9999999999999,21.9,103.42465753424656,Within Expected
83,1,43.68,38.28,10,5.399999999999999,539.9999999999998,40.457142857142856,107.96610169491525,Within Expected
37,0,10.4,5.43,11,4.970000000000001,451.81818181818187,10.27142857142857,101.25173852573019,Within Expected
168,2,123.79,110.88,13,12.91000000000001,993.0769230769239,121.0,102.30578512396696,Within Expected
185,2,129.47,117.27,14,12.200000000000003,871.4285714285717,135.72857142857143,95.38890643090201,Within Expected
57,0,22.3,8.74,21,13.56,645.7142857142857,20.5,108.78048780487805,Within Expected
103,1,56.37,46.84,10,9.529999999999994,952.9999999999994,58.642857142857146,96.12423873325213,Within Expected
134,2,84.03,80.08,4,3.950000000000003,987.5000000000007,88.77142857142857,94.65883488896041,Within Expected
118,1,73.66,62.64,21,11.019999999999996,524.7619047619046,73.12857142857142,100.72670443445986,Within Expected
63,0,24.91,16.35,10,8.559999999999999,855.9999999999999,24.7,100.85020242914979,Within Expected
165,2,103.19,93.43,14,9.759999999999991,697.1428571428565,118.21428571428571,87.2906344410876,Below Expected
139,2,97.15,87.95,7,9.200000000000003,1314.2857142857147,93.62857142857142,103.76106194690267,Within Expected
110,1,59.04,50.66,11,8.380000000000003,761.8181818181821,65.35714285714286,90.3344262295082,Within Expected
119,1,80.02,73.69,10,6.329999999999998,632.9999999999998,74.1,107.98920377867746,Within Expected
65,0,27.56,18.89,17,8.669999999999998,509.9999999999999,26.185714285714283,105.2482269503546,Within Expected
119,1,78.38,72.47,4,5.909999999999997,1477.499999999999,74.1,105.77597840755735,Within Expected
93,1,51.47,37.03,19,14.439999999999998,759.9999999999999,49.357142857142854,104.28075253256151,Within Expected
166,2,109.46,106.88,3,2.5799999999999983,859.9999999999994,119.14285714285714,91.87290167865707,Within Expected
175,2,128.97,125.19,7,3.780000000000001,540.0000000000001,127.2,101.39150943396227,Within Expected
193,2,163.26,147.83,16,15.429999999999978,964.3749999999986,142.35714285714286,114.68339187155041,Above Expected
88,1,39.5,34.1,8,5.399999999999999,674.9999999999998,44.84285714285714,88.08537750876076,Below Expected
62,0,22.86,18.13,8,4.73,591.25,24.0,95.25,Within Expected
167,2,134.45,117.55,14,16.89999999999999,1207.1428571428567,120.07142857142857,111.97501487209993,Above Expected
29,0,6.7,5.43,6,1.2700000000000005,211.66666666666674,7.614285714285714,87.99249530956848,Below Expected
177,2,130.11,124.37,6,5.740000000000009,956.6666666666682,128.9142857142857,100.9275265957447,Within Expected
101,1,55.17,42.92,11,12.25,1113.6363636363635,56.785714285714285,97.15471698113208,Within Expected
142,2,97.74,90.81,6,6.929999999999993,1154.9999999999986,96.54285714285714,101.24001183782183,Within Expected
141,2,83.53,61.99,20,21.54,1077.0,95.57142857142857,87.40059790732437,Below Expected
54,0,19.78,14.0,14,5.780000000000001,412.85714285714295,18.542857142857144,106.67180277349769,Within Expected
170,2,116.45,111.5,4,4.950000000000003,1237.5000000000007,122.77142857142857,94.85105887828718,Within Expected
169,2,117.87,109.0,8,8.870000000000005,1108.7500000000005,121.88571428571429,96.70534458509142,Within Expected
188,2,137.06,124.19,17,12.870000000000005,757.058823529412,138.25714285714284,99.13411861954951,Within Expected
44,0,17.13,15.7,6,1.4299999999999997,238.3333333333333,13.114285714285714,130.62091503267973,Above Expected
136,2,104.59,90.9,11,13.689999999999998,1244.5454545454545,90.71428571428571,115.296062992126,Above Expected
103,1,45.28,37.89,6,7.390000000000001,1231.6666666666667,58.642857142857146,77.21315468940317,Below Expected
172,2,116.59,106.46,11,10.13000000000001,920.9090909090918,124.54285714285714,93.61436109199359,Within Expected
106,1,68.86,53.66,16,15.200000000000003,950.0000000000002,61.47142857142857,112.01952126423427,Above Expected
58,0,19.01,2.83,19,16.18,851.578947368421,21.2,89.66981132075472,Below Expected
127,2,88.52,71.93,17,16.58999999999999,975.8823529411759,81.97142857142858,107.98884628790519,Within Expected
183,2,147.06,137.23,9,9.830000000000013,1092.2222222222235,134.04285714285714,109.71117979324309,Within Expected
190,2,105.34,103.24,12,2.1000000000000085,175.0000000000007,139.9142857142857,75.28895241984888,Below Expected
176,2,118.08,110.12,14,7.959999999999994,568.5714285714282,128.05714285714285,92.20883534136547,Within Expected
36,0,9.31,6.66,12,2.6500000000000004,220.83333333333334,9.885714285714286,94.17630057803468,Within Expected
37,0,11.03,6.82,12,4.209999999999999,350.83333333333326,10.27142857142857,107.38525730180808,Within Expected
125,1,84.63,82.93,3,1.6999999999999886,566.6666666666629,80.01428571428572,105.7686127477236,Within Expected
159,2,116.16,111.92,5,4.239999999999995,847.999999999999,112.64285714285714,103.12238427393785,Within Expected
149,2,93.27,79.07,16,14.200000000000003,887.5000000000002,103.28571428571429,90.30290456431534,Within Expected
155,2,127.67,123.62,7,4.049999999999997,578.5714285714282,108.92857142857143,117.20524590163934,Above Expected
105,1,65.67,60.68,4,4.990000000000002,1247.5000000000005,60.5,108.54545454545455,Within Expected
148,2,104.78,93.78,16,11.0,687.5,102.34285714285714,102.38135120044669,Within Expected
172,2,114.13,100.01,15,14.11999999999999,941.3333333333327,124.54285714285714,91.63913741683872,Within Expected
121,1,59.91,52.99,4,6.919999999999995,1729.9999999999986,76.07142857142857,78.75492957746478,Below Expected
123,1,99.7,74.15,19,25.549999999999997,1344.736842105263,78.04285714285714,127.75032033681128,Above Expected
171,2,129.47,120.92,14,8.549999999999997,610.7142857142856,123.65714285714286,104.70078558225508,Within Expected
49,0,11.63,10.24,5,1.3900000000000006,278.0000000000001,15.4,75.51948051948052,Below Expected
130,2,78.86,58.13,21,20.729999999999997,987.142857142857,84.88571428571429,92.90138000673174,Within Expected
168,2,123.35,108.08,13,15.269999999999996,1174.6153846153843,121.0,101.94214876033057,Within Expected
135,2,88.96,80.48,8,8.47999999999999,1059.9999999999986,89.74285714285713,99.12766634829673,Within Expected
52,0,19.43,11.66,21,7.77,370.0,17.285714285714285,112.40495867768597,Above Expected
42,0,13.42,4.89,19,8.530000000000001,448.9473684210527,12.2,110.00000000000001,Above Expected
162,2,103.63,100.08,5,3.549999999999997,709.9999999999994,115.42857142857143,89.77846534653466,Below Expected
141,2,96.85,94.05,4,2.799999999999997,699.9999999999993,95.57142857142857,101.33781763826606,Within Expected
71,1,32.05,19.73,18,12.319999999999997,684.4444444444443,30.685714285714283,104.44599627560522,Within Expected
107,1,68.41,43.78,21,24.629999999999995,1172.8571428571427,62.44285714285714,109.55616563715395,Within Expected
159,2,101.19,81.28,19,19.909999999999997,1047.894736842105,112.64285714285714,89.83259353202283,Below Expected
74,1,27.58,7.86,20,19.72,986.0,33.042857142857144,83.46735840899264,Below Expected
151,2,79.24,52.62,21,26.619999999999997,1267.6190476190475,105.17142857142858,75.34365661505025,Below Expected
91,1,45.09,37.36,12,7.730000000000004,644.166666666667,47.5,94.92631578947369,Within Expected
132,2,111.93,108.12,4,3.8100000000000023,952.5000000000006,86.82857142857142,128.9091806515301,Above Expected
83,1,44.61,40.41,6,4.200000000000003,700.0000000000005,40.457142857142856,110.26483050847457,Above Expected
66,0,28.24,23.15,6,5.09,848.3333333333333,26.928571428571427,104.87002652519894,Within Expected
58,0,22.42,10.88,18,11.540000000000001,641.1111111111112,21.2,105.75471698113208,Within Expected
163,2,108.18,92.84,11,15.340000000000003,1394.5454545454547,116.35714285714286,92.97237569060773,Within Expected
51,0,16.39,10.22,13,6.17,474.6153846153846,16.65714285714286,98.39622641509433,Within Expected
91,1,43.62,31.19,12,12.429999999999996,1035.833333333333,47.5,91.83157894736841,Within Expected
129,2,105.12,92.91,14,12.210000000000008,872.1428571428577,83.91428571428571,125.27068437180797,Above Expected
165,2,111.54,107.49,3,4.050000000000011,1350.0000000000039,118.21428571428571,94.35407854984895,Within Expected
129,2,84.94,70.17,14,14.769999999999996,1054.9999999999998,83.91428571428571,101.22233571671775,Within Expected
128,2,111.44,104.69,9,6.75,750.0,82.94285714285714,134.35756114364452,Above Expected
82,1,48.29,44.53,5,3.759999999999998,751.9999999999995,39.614285714285714,121.90046880634691,Above Expected
183,2,128.03,117.84,12,10.189999999999998,849.1666666666665,134.04285714285714,95.51422785889375,Within Expected
87,1,45.72,41.86,5,3.8599999999999994,771.9999999999999,43.957142857142856,104.0103997400065,Within Expected
51,0,16.59,11.97,9,4.619999999999999,513.3333333333331,16.65714285714286,99.59691252144081,Within Expected
104,1,58.15,50.79,10,7.359999999999999,736.0,59.57142857142857,97.61390887290167,Within Expected
180,2,161.66,147.0,17,14.659999999999997,862.3529411764704,131.48571428571427,122.94871794871796,Above Expected
178,2,112.33,107.45,6,4.8799999999999955,813.3333333333326,129.77142857142857,86.55988551298988,Below Expected
57,0,18.84,8.89,21,9.95,473.8095238095238,20.5,91.90243902439025,Within Expected
101,1,45.3,37.2,8,8.099999999999994,1012.4999999999993,56.785714285714285,79.77358490566037,Below Expected
178,2,134.43,132.61,5,1.8199999999999932,363.99999999999864,129.77142857142857,103.58982826948481,Within Expected
79,1,37.65,30.2,12,7.449999999999999,620.8333333333333,37.08571428571428,101.52157164869028,Within Expected
157,2,104.67,94.27,15,10.400000000000006,693.3333333333337,110.78571428571429,94.47969052224371,Within Expected
94,1,50.29,41.81,18,8.479999999999997,471.1111111111109,50.285714285714285,100.00852272727272,Within Expected
176,2,116.95,101.12,18,15.829999999999998,879.4444444444443,128.05714285714285,91.32641677822402,Within Expected
70,1,26.08,17.95,10,8.129999999999999,813.0,29.9,87.22408026755852,Below Expected
173,2,138.08,116.63,21,21.450000000000017,1021.4285714285722,125.42857142857143,110.08656036446469,Above Expected
60,0,26.83,19.05,10,7.779999999999998,777.9999999999998,22.6,118.71681415929203,Above Expected
181,2,108.01,102.68,6,5.329999999999998,888.333333333333,132.34285714285713,81.61377374784112,Below Expected
68,0,25.23,22.78,4,2.4499999999999993,612.4999999999998,28.414285714285715,88.79336349924584,Below Expected
38,0,11.29,3.93,17,7.359999999999999,432.94117647058823,10.657142857142857,105.93833780160857,Within Expected
116,1,73.89,67.01,7,6.8799999999999955,982.8571428571422,71.18571428571428,103.7989163154726,Within Expected
38,0,10.31,8.63,6,1.6799999999999997,279.99999999999994,10.657142857142857,96.74262734584451,Within Expected
63,0,25.84,20.04,6,5.800000000000001,966.6666666666667,24.7,104.61538461538463,Within Expected
123,1,69.85,46.8,19,23.049999999999997,1213.157894736842,78.04285714285714,89.50210507047409,Below Expected
166,2,135.3,128.22,12,7.0800000000000125,590.000000000001,119.14285714285714,113.5611510791367,Above Expected
49,0,14.45,8.02,13,6.43,494.6153846153846,15.4,93.83116883116882,Within Expected
156,2,97.89,89.39,12,8.5,708.3333333333334,109.85714285714286,89.10663198959688,Below Expected
114,1,82.97,67.81,15,15.159999999999997,1010.6666666666664,69.24285714285713,119.82463379409947,Above Expected
96,1,53.29,51.25,3,2.039999999999999,679.9999999999998,52.142857142857146,102.2,Within Expected
119,1,70.32,48.28,17,22.039999999999992,1296.4705882352937,74.1,94.89878542510122,Within Expected
177,2,106.73,103.45,4,3.280000000000001,820.0000000000002,128.9142857142857,82.791445035461,Below Expected
184,2,117.67,113.92,6,3.75,625.0,134.88571428571427,87.2368142342724,Below Expected
168,2,126.42,119.5,6,6.920000000000002,1153.3333333333335,121.0,104.4793388429752,Within Expected
37,0,13.56,10.77,10,2.790000000000001,279.00000000000006,10.27142857142857,132.01668984700976,Above Expected
170,2,105.07,82.16,18,22.909999999999997,1272.7777777777776,122.77142857142857,85.58180125669071,Below Expected
39,0,12.06,8.81,16,3.25,203.125,11.042857142857143,109.21086675291075,Within Expected
139,2,83.66,80.4,3,3.259999999999991,1086.6666666666636,93.62857142857142,89.35306682941716,Below Expected
153,2,110.81,98.66,14,12.150000000000006,867.8571428571432,107.05714285714286,103.50547104350147,Within Expected
177,2,138.85,120.57,21,18.28,870.4761904761905,128.9142857142857,107.70722517730495,Within Expected
93,1,54.09,47.48,5,6.6100000000000065,1322.0000000000014,49.357142857142854,109.58900144717802,Within Expected
89,1,34.99,24.31,20,10.680000000000003,534.0000000000001,45.72857142857143,76.5167135270228,Below Expected
72,1,35.67,33.33,3,2.3400000000000034,780.0000000000011,31.47142857142857,113.34089877439854,Above Expected
189,2,138.04,131.8,6,6.239999999999981,1039.9999999999968,139.1,99.23795830337886,Within Expected
67,0,24.0,12.78,14,11.22,801.4285714285714,27.67142857142857,86.7320598864223,Below Expected
94,1,53.21,49.87,4,3.3400000000000034,835.0000000000009,50.285714285714285,105.8153409090909,Within Expected
149,2,107.64,88.16,19,19.480000000000004,1025.263157894737,103.28571428571429,104.21576763485476,Within Expected
61,0,23.4,13.49,14,9.909999999999998,707.8571428571428,23.3,100.42918454935621,Within Expected
43,0,15.78,8.55,18,7.229999999999999,401.66666666666663,12.657142857142857,124.6726862302483,Above Expected
129,2,78.87,72.34,6,6.530000000000001,1088.3333333333335,83.91428571428571,93.98876404494384,Within Expected
91,1,36.7,19.64,15,17.060000000000002,1137.3333333333335,47.5,77.26315789473685,Below Expected
65,0,30.09,17.77,13,12.32,947.6923076923077,26.185714285714283,114.9099836333879,Above Expected
69,0,30.14,23.73,7,6.41,915.7142857142857,29.157142857142855,103.37089661930428,Within Expected
180,2,125.46,119.45,7,6.009999999999991,858.5714285714273,131.48571428571427,95.41720990873534,Within Expected
157,2,103.03,87.55,20,15.480000000000004,774.0000000000002,110.78571428571429,92.9993552546744,Within Expected
44,0,13.91,6.62,18,7.29,405.0,13.114285714285714,106.06753812636167,Within Expected
62,0,20.09,5.17,21,14.92,710.4761904761905,24.0,83.70833333333333,Below Expected
121,1,76.34,59.14,20,17.200000000000003,860.0000000000001,76.07142857142857,100.3530516431925,Within Expected
43,0,13.26,7.58,13,5.68,436.9230769230769,12.657142857142857,104.76297968397293,Within Expected
163,2,140.52,128.82,17,11.700000000000017,688.2352941176481,116.35714285714286,120.76611418047882,Above Expected
166,2,113.93,97.02,14,16.91000000000001,1207.8571428571436,119.14285714285714,95.62470023980816,Within Expected
156,2,98.54,93.94,5,4.6000000000000085,920.0000000000017,109.85714285714286,89.69830949284786,Below Expected
49,0,17.8,10.75,17,7.050000000000001,414.7058823529412,15.4,115.5844155844156,Above Expected
100,1,49.25,37.44,14,11.810000000000002,843.5714285714288,55.857142857142854,88.17135549872124,Below Expected
151,2,110.4,89.54,19,20.86,1097.8947368421052,105.17142857142858,104.97147514262429,Within Expected
182,2,135.58,115.91,19,19.670000000000016,1035.2631578947378,133.2,101.7867867867868,Within Expected
189,2,145.41,137.0,10,8.409999999999997,840.9999999999997,139.1,104.53630481667867,Within Expected
54,0,19.57,10.77,15,8.8,586.6666666666666,18.542857142857144,105.53929121725731,Within Expected
164,2,133.3,129.47,5,3.8300000000000125,766.0000000000025,117.28571428571429,113.65408038976858,Above Expected
124,1,74.94,69.95,7,4.989999999999995,712.8571428571421,79.02857142857142,94.82646420824295,Within Expected
69,0,25.48,18.09,11,7.390000000000001,671.8181818181819,29.157142857142855,87.38853503184714,Below Expected
80,1,38.65,30.93,10,7.719999999999999,771.9999999999999,37.92857142857142,101.90207156308853,Within Expected
189,2,161.07,152.77,9,8.299999999999983,922.2222222222202,139.1,115.79439252336448,Above Expected
184,2,119.35,113.92,10,5.429999999999993,542.9999999999993,134.88571428571427,88.48231306926499,Below Expected
128,2,94.24,88.2,5,6.039999999999992,1207.9999999999984,82.94285714285714,113.62039269720978,Above Expected
107,1,73.53,54.92,17,18.61,1094.7058823529412,62.44285714285714,117.75566231983528,Above Expected
40,0,12.71,7.14,13,5.570000000000001,428.46153846153857,11.428571428571429,111.2125,Above Expected
162,2,111.83,107.32,5,4.510000000000005,902.000000000001,115.42857142857143,96.88242574257426,Within Expected
114,1,62.04,32.57,21,29.47,1403.3333333333333,69.24285714285713,89.59768929234579,Below Expected
113,1,51.85,44.74,6,7.109999999999999,1184.9999999999998,68.27142857142857,75.94685080560787,Below Expected
135,2,93.3,83.92,10,9.379999999999995,937.9999999999995,89.74285714285713,103.96370582617003,Within Expected
58,0,25.42,16.47,16,8.950000000000003,559.3750000000002,21.2,119.9056603773585,Above Expected
73,1,36.95,26.52,16,10.430000000000003,651.8750000000002,32.25714285714285,114.54827280779453,Above Expected
71,1,35.13,31.53,7,3.6000000000000014,514.2857142857144,30.685714285714283,114.4832402234637,Above Expected
51,0,14.08,8.23,14,5.85,417.85714285714283,16.65714285714286,84.52830188679245,Below Expected
31,0,9.36,8.61,3,0.75,250.0,8.242857142857144,113.55285961871748,Above Expected
47,0,14.0,12.01,5,1.9900000000000002,398.0,14.485714285714286,96.64694280078896,Within Expected
123,1,73.93,69.84,5,4.090000000000003,818.0000000000007,78.04285714285714,94.73000183049606,Within Expected
132,2,80.12,63.99,17,16.130000000000003,948.8235294117649,86.82857142857142,92.27377426785128,Within Expected
102,1,44.62,35.36,8,9.259999999999998,1157.4999999999998,57.714285714285715,77.3118811881188,Below Expected
88,1,37.21,20.28,14,16.93,1209.2857142857142,44.84285714285714,82.97865562280981,Below Expected
29,0,8.11,6.74,5,1.3699999999999992,273.99999999999983,7.614285714285714,106.51031894934333,Within Expected
52,0,16.51,8.38,21,8.13,387.14285714285717,17.285714285714285,95.5123966942149,Within Expected
146,2,98.6,83.96,21,14.64,697.1428571428572,100.42857142857143,98.17923186344238,Within Expected
191,2,137.94,123.36,13,14.579999999999998,1121.5384615384614,140.72857142857143,98.01847528169729,Within Expected
104,1,59.8,50.78,14,9.019999999999996,644.285714285714,59.57142857142857,100.38369304556353,Within Expected
44,0,14.7,10.48,13,4.219999999999999,324.6153846153845,13.114285714285714,112.09150326797386,Above Expected
92,1,49.32,38.83,10,10.490000000000002,1049.0000000000002,48.42857142857143,101.84070796460176,Within Expected
124,1,91.98,85.04,8,6.939999999999998,867.4999999999998,79.02857142857142,116.3882863340564,Above Expected
126,2,79.0,66.25,11,12.75,1159.0909090909092,81.0,97.53086419753086,Within Expected
68,0,27.39,23.77,5,3.620000000000001,724.0000000000002,28.414285714285715,96.39517345399699,Within Expected
142,2,89.19,86.79,3,2.3999999999999915,799.9999999999972,96.54285714285714,92.38384137318732,Within Expected
148,2,92.01,81.09,14,10.920000000000002,780.0000000000001,102.34285714285714,89.9036850921273,Below Expected
95,1,60.44,33.67,21,26.769999999999996,1274.7619047619046,51.214285714285715,118.0139470013947,Above Expected
151,2,93.22,89.3,6,3.9200000000000017,653.3333333333336,105.17142857142858,88.63624015213256,Below Expected
192,2,153.3,148.94,4,4.360000000000014,1090.0000000000034,141.54285714285714,108.30641905530885,Within Expected
169,2,135.48,130.42,5,5.060000000000002,1012.0000000000005,121.88571428571429,111.15330520393812,Above Expected
100,1,63.19,50.64,11,12.549999999999997,1140.9090909090905,55.857142857142854,113.12787723785166,Above Expected
134,2,98.09,87.73,11,10.36,941.8181818181818,88.77142857142857,110.49726424203412,Above Expected
32,0,8.99,6.15,10,2.84,284.0,8.557142857142857,105.05843071786312,Within Expected
96,1,46.39,42.24,4,4.149999999999999,1037.4999999999995,52.142857142857146,88.96712328767123,Below Expected
55,0,18.73,9.43,16,9.3,581.25,19.17142857142857,97.69746646795826,Within Expected
174,2,126.47,117.3,11,9.170000000000002,833.6363636363639,126.31428571428572,100.12327527708662,Within Expected
51,0,15.64,12.15,13,3.49,268.46153846153845,16.65714285714286,93.89365351629502,Within Expected
43,0,10.78,9.55,4,1.2299999999999986,307.49999999999966,12.657142857142857,85.16930022573364,Below Expected
65,0,27.0,23.9,6,3.1000000000000014,516.666666666667,26.185714285714283,103.10965630114568,Within Expected
187,2,108.84,93.35,21,15.490000000000009,737.619047619048,137.4142857142857,79.2057386422705,Below Expected
184,2,172.48,155.97,14,16.50999999999999,1179.2857142857135,134.88571428571427,127.87121372590553,Above Expected
146,2,83.52,79.85,4,3.6700000000000017,917.5000000000005,100.42857142857143,83.16358463726884,Below Expected
156,2,136.18,120.2,14,15.980000000000004,1141.4285714285718,109.85714285714286,123.96098829648894,Above Expected
105,1,63.41,52.14,19,11.269999999999996,593.1578947368419,60.5,104.80991735537188,Within Expected
182,2,130.16,119.91,10,10.25,1025.0,133.2,97.71771771771772,Within Expected
162,2,115.73,105.23,12,10.5,875.0,115.42857142857143,100.26113861386139,Within Expected
195,2,173.23,162.29,16,10.939999999999998,683.7499999999999,143.9857142857143,120.31054668121837,Above Expected
176,2,165.67,155.11,17,10.559999999999974,621.1764705882338,128.05714285714285,129.371932173137,Above Expected
39,0,11.76,5.35,14,6.41,457.85714285714283,11.042857142857143,106.49417852522637,Within Expected
59,0,25.25,14.11,19,11.14,586.3157894736843,21.9,115.29680365296804,Above Expected
148,2,107.85,104.1,4,3.75,937.5,102.34285714285714,105.38107202680067,Within Expected
133,2,77.82,62.43,17,15.389999999999993,905.2941176470584,87.8,88.63325740318906,Below Expected
153,2,100.91,80.12,17,20.789999999999992,1222.9411764705878,107.05714285714286,94.25807312516679,Within Expected
78,1,28.71,15.75,15,12.96,864.0000000000001,36.24285714285714,79.21560898699252,Below Expected
110,1,69.92,48.0,17,21.92,1289.4117647058824,65.35714285714286,106.98142076502732,Within Expected
124,1,75.79,63.78,10,12.010000000000005,1201.0000000000005,79.02857142857142,95.90202458423718,Within Expected
109,1,65.12,56.51,18,8.610000000000007,478.3333333333337,64.38571428571429,101.14044819170181,Within Expected
90,1,54.52,44.97,10,9.550000000000004,955.0000000000005,46.614285714285714,116.95985289610789,Above Expected
143,2,109.64,91.51,14,18.129999999999995,1294.9999999999998,97.51428571428572,112.43480808672722,Above Expected
96,1,58.53,54.28,3,4.25,1416.6666666666667,52.142857142857146,112.24931506849313,Above Expected
77,1,29.33,27.3,3,2.0299999999999976,676.6666666666658,35.4,82.85310734463278,Below Expected
116,1,55.81,46.38,12,9.43,785.8333333333333,71.18571428571428,78.4005619104957,Below Expected
47,0,14.69,6.41,13,8.28,636.9230769230769,14.485714285714286,101.41025641025641,Within Expected
40,0,9.77,6.86,4,2.9099999999999993,727.4999999999998,11.428571428571429,85.4875,Below Expected
29,0,5.95,5.18,5,0.7700000000000005,154.00000000000009,7.614285714285714,78.14258911819888,Below Expected
53,0,14.78,6.07,14,8.709999999999999,622.1428571428571,17.914285714285715,82.50398724082935,Below Expected
115,1,79.18,65.19,12,13.990000000000009,1165.8333333333342,70.21428571428571,112.76907426246187,Above Expected
149,2,115.58,106.53,13,9.049999999999997,696.1538461538458,103.28571428571429,111.90318118948824,Above Expected
91,1,50.89,47.53,4,3.3599999999999994,839.9999999999999,47.5,107.13684210526316,Within Expected
177,2,127.01,119.98,6,7.030000000000001,1171.666666666667,128.9142857142857,98.5228280141844,Within Expected
96,1,55.03,43.46,14,11.57,826.4285714285714,52.142857142857146,105.53698630136985,Within Expected
107,1,55.44,34.6,17,20.839999999999996,1225.8823529411761,62.44285714285714,88.78517501715855,Below Expected
92,1,60.59,52.75,11,7.840000000000003,712.727272727273,48.42857142857143,125.11209439528024,Above Expected
133,2,94.09,79.52,16,14.570000000000007,910.6250000000005,87.8,107.16400911161732,Within Expected
58,0,24.83,10.16,16,14.669999999999998,916.8749999999999,21.2,117.12264150943396,Above Expected
128,2,92.44,83.92,10,8.519999999999996,851.9999999999997,82.94285714285714,111.45022390630383,Above Expected
87,1,43.65,33.58,12,10.07,839.1666666666667,43.957142857142856,99.3012674683133,Within Expected
120,1,61.99,41.54,21,20.450000000000003,973.8095238095239,75.08571428571427,82.55898021308981,Below Expected
40,0,12.38,8.62,14,3.7600000000000016,268.57142857142867,11.428571428571429,108.325,Within Expected
28,0,6.73,6.49,3,0.2400000000000002,80.00000000000007,7.3,92.19178082191782,Within Expected
80,1,30.68,20.43,21,10.25,488.0952380952381,37.92857142857142,80.8888888888889,Below Expected
30,0,7.58,5.71,9,1.87,207.77777777777777,7.928571428571429,95.6036036036036,Within Expected
142,2,110.03,107.52,3,2.510000000000005,836.6666666666683,96.54285714285714,113.97010949985203,Above Expected
87,1,45.84,32.1,13,13.740000000000002,1056.9230769230771,43.957142857142856,104.28339291517715,Within Expected
55,0,15.31,11.44,7,3.870000000000001,552.857142857143,19.17142857142857,79.85842026825634,Below Expected
37,0,11.5,6.39,16,5.11,319.375,10.27142857142857,111.96105702364396,Above Expected
103,1,58.47,51.44,7,7.030000000000001,1004.2857142857144,58.642857142857146,99.70523751522533,Within Expected
189,2,148.99,141.47,8,7.52000000000001,940.0000000000013,139.1,107.1099928109274,Within Expected
47,0,13.56,9.28,11,4.280000000000001,389.09090909090924,14.485714285714286,93.60946745562131,Within Expected
74,1,34.2,26.16,10,8.040000000000003,804.0000000000002,33.042857142857144,103.50194552529184,Within Expected
194,2,168.12,160.71,9,7.409999999999997,823.3333333333329,143.17142857142858,117.42566354021153,Above Expected
170,2,145.76,133.08,19,12.679999999999978,667.3684210526304,122.77142857142857,118.72469164533395,Above Expected
145,2,94.06,89.9,4,4.159999999999997,1039.999999999999,99.45714285714286,94.57339844872163,Within Expected
87,1,44.8,40.34,6,4.459999999999994,743.3333333333323,43.957142857142856,101.9174520636984,Within Expected
141,2,90.12,76.3,12,13.820000000000007,1151.6666666666672,95.57142857142857,94.29596412556054,Within Expected
97,1,52.62,39.85,12,12.769999999999996,1064.1666666666663,53.07142857142857,99.14939434724091,Within Expected
42,0,12.68,7.84,14,4.84,345.7142857142857,12.2,103.93442622950819,Within Expected
135,2,95.5,88.38,7,7.1200000000000045,1017.1428571428578,89.74285714285713,106.41515440942375,Within Expected
56,0,20.63,5.59,15,15.04,1002.6666666666666,19.8,104.1919191919192,Within Expected
118,1,84.06,63.53,19,20.53,1080.5263157894738,73.12857142857142,114.94823207657747,Above Expected
154,2,102.92,91.66,13,11.260000000000005,866.1538461538465,108.0,95.2962962962963,Within Expected
164,2,108.51,93.69,16,14.820000000000007,926.2500000000005,117.28571428571429,92.51766138855054,Within Expected
41,0,11.94,8.44,9,3.5,388.8888888888889,11.814285714285713,101.0640870616687,Within Expected
59,0,25.05,17.37,9,7.68,853.3333333333333,21.9,114.38356164383563,Above Expected
76,1,36.2,26.58,16,9.620000000000005,601.2500000000002,34.614285714285714,104.58109781262898,Within Expected
184,2,140.53,127.94,13,12.590000000000003,968.4615384615387,134.88571428571427,104.18449481042154,Within Expected
112,1,58.2,47.67,13,10.530000000000001,810.0,67.3,86.47845468053492,Below Expected
48,0,14.47,8.75,12,5.720000000000001,476.66666666666674,14.942857142857143,96.8355640535373,Within Expected
103,1,58.59,51.03,6,7.560000000000002,1260.0000000000005,58.642857142857146,99.90986601705238,Within Expected
76,1,36.39,23.43,15,12.96,864.0000000000001,34.614285714285714,105.13000412711516,Within Expected
97,1,64.33,56.39,8,7.939999999999998,992.4999999999998,53.07142857142857,121.21399730820997,Above Expected
107,1,68.02,45.76,19,22.259999999999998,1171.578947368421,62.44285714285714,108.93159460077784,Within Expected
95,1,51.59,22.02,21,29.570000000000004,1408.0952380952383,51.214285714285715,100.73361227336125,Within Expected
38,0,10.51,3.52,17,6.99,411.1764705882353,10.657142857142857,98.61930294906166,Within Expected
138,2,96.92,81.38,18,15.540000000000006,863.3333333333337,92.65714285714286,104.60067838421215,Within Expected
46,0,12.95,6.83,10,6.119999999999999,611.9999999999999,14.028571428571428,92.31160896130346,Within Expected
191,2,161.62,147.52,19,14.099999999999994,742.1052631578945,140.72857142857143,114.84519338138261,Above Expected
164,2,123.22,110.13,21,13.090000000000003,623.3333333333335,117.28571428571429,105.05968331303288,Within Expected
114,1,64.29,50.98,17,13.31000000000001,782.9411764705889,69.24285714285713,92.84712193109141,Within Expected
183,2,133.44,121.62,14,11.819999999999993,844.2857142857138,134.04285714285714,99.55025045294683,Within Expected
98,1,48.09,35.17,11,12.920000000000002,1174.5454545454547,54.0,89.05555555555557,Below Expected
92,1,45.09,36.02,14,9.07,647.8571428571429,48.42857142857143,93.10619469026548,Within Expected
111,1,59.49,54.27,7,5.219999999999999,745.7142857142856,66.32857142857142,89.6898556967478,Below Expected
46,0,14.11,2.89,20,11.219999999999999,561.0,14.028571428571428,100.58044806517313,Within Expected
168,2,121.97,110.64,11,11.329999999999998,1029.9999999999998,121.0,100.80165289256198,Within Expected
174,2,137.74,130.86,7,6.8799999999999955,982.8571428571422,126.31428571428572,109.04546482696222,Within Expected
146,2,96.43,88.42,9,8.010000000000005,890.0000000000006,100.42857142857143,96.01849217638691,Within Expected
147,2,120.31,117.23,3,3.0799999999999983,1026.666666666666,101.4,118.64891518737673,Above Expected
70,1,32.4,23.27,14,9.129999999999999,652.142857142857,29.9,108.36120401337791,Within Expected
180,2,140.69,124.71,14,15.980000000000004,1141.4285714285718,131.48571428571427,107.00021729682747,Within Expected
102,1,64.75,48.03,14,16.72,1194.2857142857142,57.714285714285715,112.19059405940595,Above Expected
59,0,18.64,13.46,10,5.18,518.0,21.9,85.11415525114157,Below Expected
60,0,16.07,14.08,3,1.9900000000000002,663.3333333333335,22.6,71.10619469026548,Below Expected
93,1,48.61,45.35,4,3.259999999999998,814.9999999999995,49.357142857142854,98.48625180897251,Within Expected
162,2,114.05,106.24,9,7.810000000000002,867.7777777777779,115.42857142857143,98.80569306930693,Within Expected
51,0,17.28,13.57,8,3.710000000000001,463.7500000000001,16.65714285714286,103.7392795883362,Within Expected
159,2,113.36,101.73,14,11.629999999999995,830.7142857142854,112.64285714285714,100.63665187064046,Within Expected
51,0,17.09,11.01,14,6.08,434.2857142857143,16.65714285714286,102.59862778730702,Within Expected
149,2,91.85,70.76,21,21.08999999999999,1004.2857142857138,103.28571428571429,88.9280774550484,Below Expected
126,2,85.33,74.36,13,10.969999999999999,843.8461538461538,81.0,105.34567901234568,Within Expected
57,0,21.79,10.12,18,11.67,648.3333333333334,20.5,106.29268292682927,Within Expected
81,1,46.62,39.04,7,7.579999999999998,1082.8571428571424,38.77142857142857,120.24318349299925,Above Expected
90,1,42.95,35.97,9,6.980000000000004,775.555555555556,46.614285714285714,92.13913576463378,Within Expected
62,0,22.37,10.56,20,11.81,590.5,24.0,93.20833333333334,Within Expected
78,1,37.65,20.96,18,16.689999999999998,927.2222222222221,36.24285714285714,103.88253843121798,Within Expected
143,2,91.0,83.86,14,7.140000000000001,510.0,97.51428571428572,93.3196601230589,Within Expected
158,2,118.75,99.52,19,19.230000000000004,1012.1052631578948,111.71428571428571,106.29795396419436,Within Expected
148,2,123.46,120.11,6,3.3499999999999943,558.3333333333323,102.34285714285714,120.63372417643774,Above Expected
62,0,20.5,15.33,16,5.17,323.125,24.0,85.41666666666666,Below Expected
170,2,132.07,121.35,11,10.719999999999999,974.5454545454545,122.77142857142857,107.57388875959973,Within Expected
78,1,37.99,30.08,11,7.910000000000004,719.0909090909095,36.24285714285714,104.82065431612142,Within Expected
57,0,21.67,15.81,15,5.860000000000001,390.6666666666668,20.5,105.70731707317074,Within Expected
94,1,52.84,46.17,7,6.670000000000002,952.8571428571431,50.285714285714285,105.07954545454545,Within Expected
92,1,52.81,41.28,12,11.530000000000001,960.8333333333335,48.42857142857143,109.04719764011799,Within Expected
74,1,29.56,20.26,13,9.299999999999997,715.3846153846151,33.042857142857144,89.45957630782533,Below Expected
82,1,42.0,32.8,9,9.200000000000003,1022.2222222222226,39.614285714285714,106.02235845654526,Within Expected
169,2,107.63,87.65,17,19.97999999999999,1175.294117647058,121.88571428571429,88.30403187998125,Below Expected
77,1,36.25,21.8,16,14.45,903.125,35.4,102.40112994350284,Within Expected
70,1,28.08,20.49,11,7.59,690.0,29.9,93.91304347826087,Within Expected
70,1,28.87,14.02,16,14.850000000000001,928.1250000000001,29.9,96.5551839464883,Within Expected
45,0,14.56,12.47,4,2.09,522.5,13.571428571428571,107.2842105263158,Within Expected
172,2,105.55,96.9,10,8.649999999999991,864.9999999999991,124.54285714285714,84.7499426473962,Below Expected
133,2,95.51,84.48,10,11.030000000000001,1103.0000000000002,87.8,108.78132118451025,Within Expected
62,0,17.71,15.51,4,2.200000000000001,550.0000000000002,24.0,73.79166666666667,Below Expected
144,2,104.62,97.26,5,7.359999999999999,1472.0,98.48571428571428,106.22860458369598,Within Expected
170,2,116.02,113.06,4,2.9599999999999937,739.9999999999984,122.77142857142857,94.50081452175935,Within Expected
70,1,30.08,24.56,6,5.52,919.9999999999999,29.9,100.60200668896321,Within Expected
99,1,48.79,33.94,17,14.850000000000001,873.529411764706,54.92857142857143,88.82444733420026,Below Expected
44,0,14.79,4.64,18,10.149999999999999,563.8888888888888,13.114285714285714,112.77777777777777,Above Expected
190,2,144.08,131.31,19,12.77000000000001,672.1052631578954,139.9142857142857,102.9773330610578,Within Expected
68,0,28.1,19.89,17,8.21,482.9411764705883,28.414285714285715,98.89391654097537,Within Expected
82,1,38.83,27.13,16,11.7,731.25,39.614285714285714,98.0201947349441,Within Expected
139,2,83.03,75.59,8,7.439999999999998,929.9999999999998,93.62857142857142,88.68019530057981,Below Expected
126,2,56.18,50.99,7,5.189999999999998,741.4285714285711,81.0,69.35802469135803,Below Expected
188,2,106.68,93.41,18,13.27000000000001,737.2222222222227,138.25714285714284,77.16057036577807,Below Expected
148,2,101.52,87.15,13,14.36999999999999,1105.3846153846148,102.34285714285714,99.19597989949749,Within Expected
53,0,18.91,11.43,18,7.48,415.55555555555554,17.914285714285715,105.55821371610845,Within Expected
40,0,13.51,9.5,15,4.01,267.3333333333333,11.428571428571429,118.21249999999999,Above Expected
62,0,19.57,15.44,7,4.130000000000001,590.0000000000001,24.0,81.54166666666667,Below Expected
79,1,44.24,24.49,20,19.750000000000004,987.5000000000001,37.08571428571428,119.29121725731898,Above Expected
168,2,121.72,108.66,13,13.060000000000002,1004.6153846153846,121.0,100.59504132231405,Within Expected
154,2,107.71,86.43,21,21.279999999999987,1013.3333333333328,108.0,99.73148148148148,Within Expected
129,2,85.15,79.66,6,5.490000000000009,915.0000000000015,83.91428571428571,101.47259107933266,Within Expected
133,2,97.77,76.3,16,21.47,1341.875,87.8,111.35535307517084,Above Expected
131,2,89.56,69.36,17,20.200000000000003,1188.2352941176473,85.85714285714286,104.31281198003329,Within Expected
180,2,134.73,122.36,15,12.36999999999999,824.666666666666,131.48571428571427,102.46740547588007,Within Expected
173,2,133.93,127.87,6,6.060000000000002,1010.0000000000005,125.42857142857143,106.77790432801824,Within Expected
100,1,55.83,51.31,7,4.519999999999996,645.7142857142851,55.857142857142854,99.95140664961637,Within Expected
75,1,30.6,21.76,14,8.84,631.4285714285714,33.82857142857143,90.45608108108108,Within Expected
125,1,61.88,59.1,3,2.780000000000001,926.6666666666671,80.01428571428572,77.33618996607748,Below Expected
145,2,93.85,70.69,18,23.159999999999997,1286.6666666666665,99.45714285714286,94.36225222637172,Within Expected
191,2,105.33,95.16,9,10.170000000000002,1130.0000000000002,140.72857142857143,74.84620850675057,Below Expected
140,2,115.24,105.32,12,9.920000000000002,826.6666666666667,94.6,121.81818181818183,Above Expected
105,1,61.2,48.92,17,12.280000000000001,722.3529411764706,60.5,101.15702479338844,Within Expected
163,2,80.09,60.8,12,19.290000000000006,1607.5000000000007,116.35714285714286,68.83118477593617,Below Expected
137,2,71.96,50.77,19,21.18999999999999,1115.2631578947362,91.68571428571428,78.48550950451853,Below Expected
123,1,61.71,60.61,4,1.1000000000000014,275.00000000000034,78.04285714285714,79.07193849533223,Below Expected
144,2,84.79,65.72,17,19.070000000000007,1121.7647058823534,98.48571428571428,86.09370467072817,Below Expected
75,1,34.2,21.11,19,13.090000000000003,688.9473684210528,33.82857142857143,101.09797297297298,Within Expected
171,2,109.27,99.88,13,9.39,722.3076923076923,123.65714285714286,88.36529574861368,Below Expected
82,1,47.41,35.46,16,11.949999999999996,746.8749999999998,39.614285714285714,119.67904796249549,Above Expected
102,1,59.66,56.68,4,2.979999999999997,744.9999999999992,57.714285714285715,103.37128712871286,Within Expected
77,1,34.16,23.28,10,10.879999999999995,1087.9999999999995,35.4,96.49717514124293,Within Expected
181,2,146.38,136.16,10,10.219999999999999,1021.9999999999998,132.34285714285713,110.6066493955095,Above Expected
57,0,21.0,10.24,21,10.76,512.3809523809524,20.5,102.4390243902439,Within Expected
76,1,29.19,9.32,21,19.87,946.1904761904763,34.614285714285714,84.32934378869172,Below Expected
68,0,25.44,22.38,4,3.0600000000000023,765.0000000000006,28.414285714285715,89.53242835595778,Below Expected
187,2,127.95,110.8,15,17.150000000000006,1143.3333333333337,137.4142857142857,93.11258966628549,Within Expected
107,1,57.59,43.99,10,13.600000000000001,1360.0,62.44285714285714,92.22832303820636,Within Expected
190,2,122.27,113.4,11,8.86999999999999,806.3636363636355,139.9142857142857,87.38921788850317,Below Expected
66,0,26.56,10.47,19,16.089999999999996,846.8421052631577,26.928571428571427,98.63129973474801,Within Expected
97,1,62.41,57.24,5,5.169999999999995,1033.9999999999989,53.07142857142857,117.59623149394346,Above Expected
128,2,73.7,58.84,16,14.86,928.75,82.94285714285714,88.85635549431623,Below Expected
106,1,54.65,46.16,12,8.490000000000002,707.5000000000001,61.47142857142857,88.9030908668371,Below Expected
143,2,105.95,97.99,8,7.960000000000008,995.000000000001,97.51428571428572,108.65074714327572,Within Expected
165,2,101.26,94.61,8,6.650000000000006,831.2500000000007,118.21428571428571,85.65800604229608,Below Expected
196,2,147.42,129.14,20,18.28,914.0,144.8,101.80939226519334,Within Expected
108,1,53.71,31.86,21,21.85,1040.4761904761906,63.41428571428571,84.69700382969137,Below Expected
167,2,104.44,91.13,21,13.310000000000002,633.809523809524,120.07142857142857,86.98155859607375,Below Expected
49,0,16.65,14.4,6,2.2499999999999982,374.9999999999997,15.4,108.1168831168831,Within Expected
129,2,81.56,60.28,15,21.28,1418.6666666666667,83.91428571428571,97.19441607082057,Within Expected
70,1,26.78,19.27,11,7.510000000000002,682.7272727272729,29.9,89.56521739130436,Below Expected
73,1,27.78,20.87,7,6.91,987.1428571428572,32.25714285714285,86.12046058458814,Below Expected
146,2,110.99,97.27,15,13.719999999999999,914.6666666666666,100.42857142857143,110.51635846372687,Above Expected
163,2,105.96,82.1,18,23.86,1325.5555555555557,116.35714285714286,91.06445672191528,Within Expected
106,1,86.09,66.47,20,19.620000000000005,981.0000000000002,61.47142857142857,140.04880316058566,Above Expected
167,2,139.31,129.72,11,9.590000000000003,871.8181818181822,120.07142857142857,116.02260559190958,Above Expected
155,2,141.81,138.49,3,3.319999999999993,1106.6666666666645,108.92857142857143,130.1862295081967,Above Expected
176,2,148.47,135.72,12,12.75,1062.5,128.05714285714285,115.94042838018743,Above Expected
162,2,135.43,122.6,14,12.830000000000013,916.4285714285724,115.42857142857143,117.32797029702971,Above Expected
181,2,141.07,130.92,9,10.150000000000006,1127.7777777777785,132.34285714285713,106.59434369602765,Within Expected
145,2,92.64,73.54,21,19.099999999999994,909.5238095238093,99.45714285714286,93.14564780235564,Within Expected
179,2,140.2,135.85,4,4.349999999999994,1087.4999999999986,130.62857142857143,107.32720909886262,Within Expected
54,0,18.05,12.67,21,5.380000000000001,256.19047619047626,18.542857142857144,97.34206471494606,Within Expected
164,2,98.22,83.63,14,14.590000000000003,1042.1428571428576,117.28571428571429,83.7442143727162,Below Expected
60,0,22.64,6.72,18,15.920000000000002,884.4444444444446,22.6,100.17699115044248,Within Expected
75,1,34.68,23.76,13,10.919999999999998,839.9999999999999,33.82857142857143,102.51689189189189,Within Expected
111,1,74.88,61.53,18,13.349999999999994,741.6666666666664,66.32857142857142,112.89252638380358,Above Expected
154,2,125.11,117.33,11,7.780000000000001,707.2727272727274,108.0,115.8425925925926,Above Expected
63,0,21.35,17.29,4,4.060000000000002,1015.0000000000006,24.7,86.43724696356276,Below Expected
114,1,58.44,52.1,6,6.339999999999996,1056.666666666666,69.24285714285713,84.39859707035279,Below Expected
165,2,103.54,86.09,14,17.450000000000003,1246.4285714285716,118.21428571428571,87.5867069486405,Below Expected
114,1,66.9,63.78,3,3.1200000000000045,1040.0000000000016,69.24285714285713,96.61646379203633,Within Expected
98,1,50.26,34.66,15,15.600000000000001,1040.0,54.0,93.07407407407408,Within Expected
78,1,31.24,16.47,21,14.77,703.3333333333334,36.24285714285714,86.19629483642098,Below Expected
122,1,84.07,67.34,17,16.72999999999999,984.1176470588229,77.05714285714285,109.10085279940675,Within Expected
64,0,20.32,15.27,10,5.050000000000001,505.0000000000001,25.442857142857143,79.86524424480629,Below Expected
37,0,9.59,8.05,5,1.5399999999999991,307.99999999999983,10.27142857142857,93.36578581363005,Within Expected
90,1,60.8,53.09,10,7.709999999999994,770.9999999999993,46.614285714285714,130.4321176831137,Above Expected
196,2,159.93,154.15,9,5.780000000000001,642.2222222222224,144.8,110.44889502762432,Above Expected
175,2,120.74,98.04,17,22.69999999999999,1335.294117647058,127.2,94.92138364779873,Within Expected
61,0,22.65,3.1,20,19.549999999999997,977.4999999999998,23.3,97.21030042918454,Within Expected
50,0,17.49,12.26,10,5.229999999999999,522.9999999999999,16.02857142857143,109.11764705882352,Within Expected
192,2,156.95,143.7,19,13.25,697.3684210526316,141.54285714285714,110.88514331853048,Above Expected
119,1,71.39,63.59,6,7.799999999999997,1299.9999999999995,74.1,96.34278002699055,Within Expected
112,1,72.11,59.84,13,12.269999999999996,943.8461538461536,67.3,107.14710252600297,Within Expected
101,1,61.0,58.46,14,2.539999999999999,181.42857142857136,56.785714285714285,107.42138364779873,Within Expected
72,1,32.16,17.65,18,14.509999999999998,806.111111111111,31.47142857142857,102.18792555605991,Within Expected
94,1,60.41,53.19,7,7.219999999999999,1031.4285714285713,50.285714285714285,120.13352272727272,Above Expected
166,2,122.2,99.44,19,22.760000000000005,1197.8947368421057,119.14285714285714,102.56594724220625,Within Expected
185,2,139.32,134.08,7,5.239999999999981,748.5714285714258,135.72857142857143,102.64603725923587,Within Expected
137,2,87.48,82.99,4,4.490000000000009,1122.5000000000023,91.68571428571428,95.41290121533189,Within Expected
67,0,27.87,14.13,17,13.74,808.2352941176471,27.67142857142857,100.7176045431079,Within Expected
41,0,13.78,4.83,20,8.95,447.49999999999994,11.814285714285713,116.63845223700122,Above Expected
170,2,110.58,100.5,14,10.079999999999998,719.9999999999999,122.77142857142857,90.06981615080288,Within Expected
129,2,92.09,81.01,10,11.079999999999998,1107.9999999999998,83.91428571428571,109.74293496765408,Within Expected
174,2,139.13,134.62,6,4.509999999999991,751.6666666666652,126.31428571428572,110.14589459398326,Above Expected
112,1,69.81,59.79,11,10.020000000000003,910.9090909090912,67.3,103.7295690936107,Within Expected
158,2,113.65,96.41,18,17.24000000000001,957.7777777777783,111.71428571428571,101.73273657289003,Within Expected
163,2,125.46,114.73,9,10.72999999999999,1192.2222222222213,116.35714285714286,107.82320441988948,Within Expected
148,2,106.53,99.73,8,6.799999999999997,849.9999999999997,102.34285714285714,104.09128978224456,Within Expected
146,2,98.71,86.81,12,11.899999999999991,991.666666666666,100.42857142857143,98.28876244665717,Within Expected
107,1,61.57,58.49,6,3.0799999999999983,513.333333333333,62.44285714285714,98.60215053763442,Within Expected
185,2,142.74,126.8,18,15.940000000000012,885.5555555555562,135.72857142857143,105.16577202399748,Within Expected
90,1,41.57,27.09,20,14.48,724.0,46.614285714285714,89.17866993564205,Below Expected
123,1,73.07,60.69,18,12.379999999999995,687.7777777777775,78.04285714285714,93.62804319970711,Within Expected
142,2,100.02,96.17,4,3.8499999999999943,962.4999999999986,96.54285714285714,103.6016572950577,Within Expected
120,1,90.94,85.38,7,5.560000000000002,794.2857142857146,75.08571428571427,121.11491628614918,Above Expected
95,1,50.0,35.68,17,14.32,842.3529411764706,51.214285714285715,97.62900976290098,Within Expected
43,0,12.52,11.24,3,1.2799999999999994,426.66666666666646,12.657142857142857,98.91647855530475,Within Expected
92,1,43.35,27.84,14,15.510000000000002,1107.857142857143,48.42857142857143,89.51327433628319,Below Expected
176,2,132.0,108.57,21,23.430000000000007,1115.714285714286,128.05714285714285,103.0789825970549,Within Expected
96,1,50.0,42.22,8,7.780000000000001,972.5000000000001,52.142857142857146,95.8904109589041,Within Expected
133,2,81.05,69.88,10,11.170000000000002,1117.0000000000002,87.8,92.3120728929385,Within Expected
71,1,29.14,7.75,20,21.39,1069.5000000000002,30.685714285714283,94.96275605214154,Within Expected
183,2,153.11,132.26,19,20.850000000000023,1097.3684210526328,134.04285714285714,114.2246616220825,Above Expected
49,0,12.76,4.24,19,8.52,448.42105263157896,15.4,82.85714285714285,Below Expected
86,1,46.58,44.6,8,1.9799999999999969,247.4999999999996,43.07142857142857,108.14593698175787,Within Expected
103,1,57.3,48.42,11,8.879999999999995,807.2727272727268,58.642857142857146,97.71010962241168,Within Expected
81,1,37.22,33.79,7,3.4299999999999997,489.99999999999994,38.77142857142857,95.9985261606485,Within Expected
132,2,91.14,81.79,10,9.349999999999994,934.9999999999994,86.82857142857142,104.9654491609082,Within Expected
116,1,73.13,53.67,16,19.459999999999994,1216.2499999999995,71.18571428571428,102.73128637367049,Within Expected
189,2,162.08,158.23,5,3.8500000000000227,770.0000000000045,139.1,116.52048885693746,Above Expected
117,1,65.72,58.59,10,7.1299999999999955,712.9999999999995,72.15714285714286,91.07899425856266,Within Expected
154,2,112.2,108.78,3,3.4200000000000017,1140.0000000000005,108.0,103.8888888888889,Within Expected
122,1,81.87,70.13,20,11.740000000000009,587.0000000000005,77.05714285714285,106.24582869855396,Within Expected
143,2,88.58,75.53,12,13.049999999999997,1087.4999999999998,97.51428571428572,90.83797245824788,Within Expected
49,0,12.65,8.33,11,4.32,392.72727272727275,15.4,82.14285714285714,Below Expected
125,1,81.38,67.86,17,13.519999999999996,795.2941176470586,80.01428571428572,101.7068380646313,Within Expected
146,2,89.83,70.04,17,19.789999999999992,1164.117647058823,100.42857142857143,89.44665718349928,Below Expected
105,1,67.65,60.07,19,7.580000000000005,398.94736842105294,60.5,111.81818181818181,Above Expected
36,0,9.7,9.23,3,0.46999999999999886,156.6666666666663,9.885714285714286,98.12138728323698,Within Expected
82,1,43.73,25.52,21,18.209999999999997,867.142857142857,39.614285714285714,110.3894698882077,Above Expected
106,1,70.12,64.23,9,5.890000000000001,654.4444444444445,61.47142857142857,114.06925400883105,Above Expected
73,1,30.92,21.5,20,9.420000000000002,471.0000000000001,32.25714285714285,95.85473870682021,Within Expected
180,2,117.05,112.89,4,4.159999999999997,1039.999999999999,131.48571428571427,89.02107779226425,Below Expected
164,2,114.72,109.36,9,5.359999999999999,595.5555555555555,117.28571428571429,97.8124238733252,Within Expected
191,2,102.11,97.06,7,5.049999999999997,721.428571428571,140.72857142857143,72.55811592731702,Below Expected
142,2,107.46,89.73,19,17.72999999999999,933.1578947368415,96.54285714285714,111.30807931340631,Above Expected
180,2,119.73,112.8,9,6.930000000000007,770.0000000000008,131.48571428571427,91.05932203389833,Within Expected
148,2,107.0,91.75,16,15.25,953.125,102.34285714285714,104.55053042992742,Within Expected
67,0,27.67,23.83,8,3.8400000000000034,480.00000000000045,27.67142857142857,99.99483737738773,Within Expected
121,1,82.02,73.7,13,8.319999999999993,639.9999999999994,76.07142857142857,107.81971830985914,Within Expected
131,2,84.58,80.23,6,4.349999999999994,724.9999999999991,85.85714285714286,98.5124792013311,Within Expected
56,0,16.78,13.72,9,3.0600000000000005,340.00000000000006,19.8,84.74747474747475,Below Expected
115,1,73.84,59.71,18,14.130000000000003,785.0000000000001,70.21428571428571,105.16378433367244,Within Expected
74,1,38.05,32.07,7,5.979999999999997,854.2857142857139,33.042857142857144,115.1534803285776,Above Expected
195,2,166.21,155.2,13,11.01000000000002,846.9230769230785,143.9857142857143,115.43506300228196,Above Expected
174,2,109.2,100.9,15,8.299999999999997,553.3333333333331,126.31428571428572,86.45102917891879,Below Expected
185,2,172.48,167.75,7,4.72999999999999,675.7142857142843,135.72857142857143,127.07714977370803,Above Expected
176,2,135.71,123.39,14,12.320000000000007,880.0000000000006,128.05714285714285,105.97612672913878,Within Expected
111,1,64.81,56.19,8,8.620000000000005,1077.5000000000005,66.32857142857142,97.71053198363128,Within Expected
80,1,35.76,30.92,14,4.839999999999996,345.7142857142855,37.92857142857142,94.28248587570623,Within Expected
101,1,47.2,31.46,14,15.740000000000002,1124.2857142857142,56.785714285714285,83.11949685534591,Below Expected
144,2,107.41,90.47,16,16.939999999999998,1058.7499999999998,98.48571428571428,109.06150275601973,Within Expected
122,1,67.6,50.7,17,16.89999999999999,994.117647058823,77.05714285714285,87.72710418984056,Below Expected
160,2,146.06,141.81,5,4.25,850.0,113.57142857142857,128.60628930817612,Above Expected
95,1,50.39,43.69,9,6.700000000000003,744.4444444444448,51.214285714285715,98.3905160390516,Within Expected
161,2,142.66,131.77,11,10.889999999999986,989.9999999999987,114.5,124.5938864628821,Above Expected
106,1,65.21,58.13,7,7.079999999999991,1011.4285714285702,61.47142857142857,106.08180339298163,Within Expected
63,0,27.08,24.41,5,2.669999999999998,533.9999999999995,24.7,109.63562753036437,Within Expected
194,2,157.6,148.48,9,9.120000000000005,1013.3333333333338,143.17142857142858,110.07782877669128,Above Expected
137,2,103.7,92.87,10,10.829999999999998,1082.9999999999998,91.68571428571428,113.10377064506076,Above Expected
189,2,137.0,118.81,20,18.189999999999998,909.4999999999999,139.1,98.490294751977,Within Expected
71,1,29.43,25.87,5,3.5599999999999987,711.9999999999998,30.685714285714283,95.90782122905028,Within Expected
112,1,51.72,43.23,7,8.490000000000002,1212.8571428571431,67.3,76.84992570579496,Below Expected
119,1,68.21,60.38,7,7.829999999999991,1118.5714285714273,74.1,92.05128205128204,Within Expected
79,1,34.64,29.34,6,5.300000000000001,883.3333333333334,37.08571428571428,93.40523882896765,Within Expected
74,1,34.25,23.08,18,11.170000000000002,620.5555555555557,33.042857142857144,103.65326415910073,Within Expected
104,1,66.15,48.59,17,17.560000000000002,1032.9411764705885,59.57142857142857,111.04316546762591,Above Expected
116,1,74.83,58.63,14,16.199999999999996,1157.1428571428569,71.18571428571428,105.11940598033314,Within Expected
98,1,44.51,26.92,12,17.589999999999996,1465.833333333333,54.0,82.42592592592592,Below Expected
84,1,55.39,48.4,11,6.990000000000002,635.4545454545456,41.3,134.11622276029055,Above Expected
196,2,147.8,135.86,12,11.939999999999998,994.9999999999998,144.8,102.0718232044199,Within Expected
88,1,46.93,39.66,7,7.270000000000003,1038.571428571429,44.84285714285714,104.65434851863651,Within Expected
144,2,104.29,99.24,6,5.050000000000011,841.6666666666686,98.48571428571428,105.89353060632436,Within Expected
37,0,8.35,7.32,3,1.0299999999999994,343.3333333333331,10.27142857142857,81.29346314325453,Below Expected
167,2,119.56,107.53,18,12.030000000000001,668.3333333333335,120.07142857142857,99.57406305770375,Within Expected
178,2,144.95,135.98,12,8.969999999999999,747.4999999999999,129.77142857142857,111.69638925583443,Above Expected
173,2,138.17,120.57,16,17.599999999999994,1099.9999999999995,125.42857142857143,110.15831435079726,Above Expected
45,0,12.75,9.91,8,2.84,355.0,13.571428571428571,93.94736842105263,Within Expected
152,2,105.3,97.16,15,8.14,542.6666666666667,106.11428571428571,99.23263327948304,Within Expected
167,2,139.6,125.13,15,14.469999999999999,964.6666666666665,120.07142857142857,116.26412849494348,Above Expected
50,0,18.14,8.83,21,9.31,443.33333333333337,16.02857142857143,113.17290552584672,Above Expected
102,1,64.97,60.54,4,4.43,1107.5,57.714285714285715,112.57178217821782,Above Expected
138,2,92.49,76.34,16,16.14999999999999,1009.3749999999994,92.65714285714286,99.81961147086031,Within Expected
150,2,103.5,97.17,8,6.329999999999998,791.2499999999998,104.22857142857143,99.30098684210526,Within Expected
103,1,57.42,51.63,7,5.789999999999999,827.1428571428571,58.642857142857146,97.91473812423874,Within Expected
149,2,84.35,69.82,14,14.530000000000001,1037.8571428571431,103.28571428571429,81.66666666666666,Below Expected
79,1,33.0,19.28,21,13.719999999999999,653.3333333333334,37.08571428571428,88.98305084745763,Below Expected
39,0,7.8,1.06,18,6.74,374.44444444444446,11.042857142857143,70.63389391979301,Below Expected
111,1,57.96,47.91,10,10.050000000000004,1005.0000000000003,66.32857142857142,87.3831574413095,Below Expected
81,1,38.55,30.65,14,7.899999999999999,564.2857142857142,38.77142857142857,99.4288872512896,Within Expected
122,1,85.69,73.26,12,12.429999999999993,1035.8333333333328,77.05714285714285,111.20318872821655,Above Expected
70,1,28.83,16.32,18,12.509999999999998,694.9999999999999,29.9,96.42140468227424,Within Expected
58,0,22.3,18.9,5,3.400000000000002,680.0000000000003,21.2,105.18867924528304,Within Expected
107,1,61.06,50.77,10,10.29,1029.0,62.44285714285714,97.78540379775795,Within Expected
113,1,58.83,31.99,19,26.84,1412.6315789473686,68.27142857142857,86.17074701820464,Below Expected
90,1,57.56,48.53,11,9.030000000000001,820.909090909091,46.614285714285714,123.48145878026358,Above Expected
141,2,96.56,81.55,12,15.010000000000005,1250.8333333333337,95.57142857142857,101.03437967115099,Within Expected
100,1,55.02,48.55,8,6.470000000000006,808.7500000000008,55.857142857142854,98.50127877237853,Within Expected
90,1,46.56,36.98,9,9.580000000000005,1064.444444444445,46.614285714285714,99.88354275206865,Within Expected
138,2,127.29,118.92,7,8.370000000000005,1195.7142857142865,92.65714285714286,137.37742830712304,Above Expected
170,2,129.49,117.64,21,11.850000000000009,564.2857142857147,122.77142857142857,105.47242262043287,Within Expected
37,0,10.24,5.85,13,4.390000000000001,337.69230769230774,10.27142857142857,99.69401947148819,Within Expected
169,2,139.89,133.74,7,6.149999999999977,878.5714285714254,121.88571428571429,114.77144866385372,Above Expected
122,1,73.56,56.26,19,17.300000000000004,910.526315789474,77.05714285714285,95.46162402669634,Within Expected
76,1,27.6,19.85,14,7.75,553.5714285714286,34.614285714285714,79.7358646306232,Below Expected
122,1,68.21,62.21,6,5.999999999999993,999.9999999999987,77.05714285714285,88.51872450871339,Below Expected
78,1,26.66,11.65,13,15.01,1154.6153846153845,36.24285714285714,73.55932203389831,Below Expected
62,0,26.53,18.49,9,8.040000000000003,893.3333333333336,24.0,110.54166666666667,Above Expected
71,1,29.81,19.03,11,10.779999999999998,979.9999999999998,30.685714285714283,97.14618249534452,Within Expected
182,2,146.06,140.17,5,5.890000000000015,1178.000000000003,133.2,109.65465465465468,Within Expected
188,2,133.63,129.77,4,3.859999999999985,964.9999999999964,138.25714285714284,96.65323413928498,Within Expected
153,2,113.88,105.97,7,7.909999999999997,1129.9999999999995,107.05714285714286,106.37309847878302,Within Expected
161,2,131.79,128.81,3,2.9799999999999898,993.33333333333,114.5,115.10043668122269,Above Expected
125,1,99.07,86.44,17,12.629999999999995,742.941176470588,80.01428571428572,123.8153901089091,Above Expected
195,2,168.56,152.7,16,15.860000000000014,991.2500000000009,143.9857142857143,117.06716936203986,Above Expected
137,2,95.77,91.87,5,3.8999999999999915,779.9999999999983,91.68571428571428,104.45465877220317,Within Expected
75,1,34.41,25.32,15,9.089999999999996,605.9999999999998,33.82857142857143,101.71874999999999,Within Expected
130,2,72.72,62.49,9,10.229999999999997,1136.6666666666663,84.88571428571429,85.66812521036688,Below Expected
186,2,175.58,171.17,7,4.410000000000025,630.0000000000035,136.57142857142856,128.56276150627616,Above Expected
157,2,110.07,89.63,18,20.439999999999998,1135.5555555555554,110.78571428571429,99.35396518375241,Within Expected
111,1,63.98,42.0,18,21.979999999999997,1221.111111111111,66.32857142857142,96.45918587120397,Within Expected
115,1,55.12,41.99,13,13.129999999999995,1009.9999999999995,70.21428571428571,78.50254323499492,Below Expected
159,2,106.03,87.86,21,18.17,865.2380952380954,112.64285714285714,94.1293595434369,Within Expected
56,0,20.02,13.79,11,6.23,566.3636363636364,19.8,101.11111111111111,Within Expected
171,2,111.1,104.15,7,6.949999999999989,992.8571428571412,123.65714285714286,89.84519408502773,Below Expected
30,0,8.22,6.59,9,1.6300000000000008,181.1111111111112,7.928571428571429,103.67567567567568,Within Expected
104,1,65.24,56.77,7,8.469999999999992,1209.9999999999989,59.57142857142857,109.51558752997602,Within Expected
33,0,7.48,4.04,12,3.4400000000000004,286.6666666666667,8.871428571428572,84.3156199677939,Below Expected
81,1,34.26,29.58,6,4.68,779.9999999999999,38.77142857142857,88.36403831982314,Below Expected
85,1,48.76,40.4,11,8.36,759.9999999999999,42.18571428571428,115.5841517101253,Above Expected
73,1,38.55,37.05,3,1.5,500.0,32.25714285714285,119.50841452612933,Above Expected
44,0,13.14,2.12,21,11.02,524.7619047619048,13.114285714285714,100.19607843137254,Within Expected
185,2,156.56,148.85,15,7.710000000000008,514.0000000000006,135.72857142857143,115.34785812019788,Above Expected
36,0,6.37,0.63,13,5.74,441.53846153846155,9.885714285714286,64.43641618497111,Below Expected
72,1,30.58,28.2,7,2.379999999999999,339.9999999999999,31.47142857142857,97.16749886518383,Within Expected
141,2,110.82,97.62,12,13.199999999999989,1099.999999999999,95.57142857142857,115.95515695067265,Above Expected
180,2,128.31,122.95,4,5.359999999999999,1339.9999999999998,131.48571428571427,97.58474576271188,Within Expected
74,1,30.25,27.01,6,3.2399999999999984,539.9999999999997,33.042857142857144,91.54777345438823,Within Expected
142,2,82.71,60.38,18,22.32999999999999,1240.555555555555,96.54285714285714,85.67179638946433,Below Expected
42,0,12.66,4.39,21,8.27,393.8095238095238,12.2,103.77049180327869,Within Expected
158,2,122.01,114.41,9,7.6000000000000085,844.4444444444455,111.71428571428571,109.21611253196932,Within Expected
179,2,157.8,148.68,11,9.120000000000005,829.0909090909096,130.62857142857143,120.8005249343832,Above Expected
117,1,74.9,63.48,10,11.420000000000009,1142.0000000000007,72.15714285714286,103.801227479707,Within Expected
182,2,123.07,109.08,19,13.989999999999995,736.3157894736839,133.2,92.39489489489489,Within Expected
162,2,111.69,105.11,6,6.579999999999998,1096.6666666666665,115.42857142857143,96.76113861386139,Within Expected
75,1,32.71,29.13,7,3.580000000000002,511.4285714285717,33.82857142857143,96.69341216216216,Within Expected
162,2,111.87,95.05,19,16.820000000000007,885.2631578947372,115.42857142857143,96.91707920792079,Within Expected
121,1,78.51,74.08,3,4.430000000000007,1476.666666666669,76.07142857142857,103.2056338028169,Within Expected
140,2,95.64,76.58,19,19.060000000000002,1003.1578947368422,94.6,101.09936575052856,Within Expected
182,2,138.52,122.25,16,16.27000000000001,1016.8750000000007,133.2,103.99399399399401,Within Expected
138,2,94.51,92.02,3,2.490000000000009,830.0000000000031,92.65714285714286,101.99969164353995,Within Expected
87,1,31.3,18.29,14,13.010000000000002,929.2857142857143,43.957142857142856,71.20571985700359,Below Expected
57,0,21.33,13.58,16,7.749999999999998,484.3749999999999,20.5,104.04878048780486,Within Expected
25,0,6.82,6.05,4,0.7700000000000005,192.5000000000001,6.7,101.7910447761194,Within Expected
71,1,27.43,21.64,6,5.789999999999999,964.9999999999999,30.685714285714283,89.39013035381751,Below Expected
134,2,82.96,74.93,11,8.029999999999987,729.9999999999987,88.77142857142857,93.45349211457997,Within Expected
40,0,11.27,9.65,6,1.6199999999999992,269.99999999999983,11.428571428571429,98.6125,Within Expected
44,0,12.11,10.15,5,1.959999999999999,391.9999999999998,13.114285714285714,92.34204793028323,Within Expected
144,2,104.73,97.92,7,6.810000000000002,972.8571428571432,98.48571428571428,106.34029590948653,Within Expected
175,2,131.31,120.33,13,10.980000000000004,844.6153846153849,127.2,103.23113207547169,Within Expected
33,0,5.71,4.95,3,0.7599999999999998,253.33333333333326,8.871428571428572,64.36392914653783,Below Expected
34,0,9.33,6.59,11,2.74,249.09090909090912,9.185714285714287,101.57076205287711,Within Expected
74,1,36.16,33.64,5,2.519999999999996,503.9999999999992,33.042857142857144,109.43363597060095,Within Expected
178,2,108.16,98.33,10,9.829999999999998,982.9999999999999,129.77142857142857,83.34654337296344,Below Expected
183,2,120.03,116.09,8,3.9399999999999977,492.4999999999997,134.04285714285714,89.5459874240648,Below Expected
185,2,115.3,106.17,17,9.129999999999995,537.0588235294115,135.72857142857143,84.94895274181665,Below Expected
58,0,23.87,16.81,10,7.060000000000002,706.0000000000002,21.2,112.59433962264151,Above Expected
90,1,45.79,32.38,13,13.409999999999997,1031.5384615384612,46.614285714285714,98.23168863009501,Within Expected
147,2,106.75,100.52,6,6.230000000000004,1038.333333333334,101.4,105.27613412228796,Within Expected
51,0,15.82,10.77,12,5.050000000000001,420.83333333333337,16.65714285714286,94.97427101200687,Within Expected
71,1,33.38,31.45,3,1.9300000000000033,643.3333333333344,30.685714285714283,108.78026070763502,Within Expected
152,2,86.43,69.09,19,17.340000000000003,912.6315789473686,106.11428571428571,81.44991922455574,Below Expected
148,2,87.28,75.92,18,11.36,631.1111111111111,102.34285714285714,85.28196538246789,Below Expected
196,2,154.25,142.67,17,11.580000000000013,681.176470588236,144.8,106.52624309392264,Within Expected
146,2,99.41,94.48,6,4.929999999999993,821.6666666666654,100.42857142857143,98.98577524893314,Within Expected
176,2,93.83,88.77,5,5.060000000000002,1012.0000000000005,128.05714285714285,73.27197679607318,Below Expected
95,1,46.51,27.91,21,18.599999999999998,885.7142857142856,51.214285714285715,90.81450488145049,Within Expected
156,2,113.27,103.94,10,9.329999999999998,932.9999999999998,109.85714285714286,103.10663198959686,Within Expected
128,2,104.67,97.81,7,6.859999999999999,979.9999999999999,82.94285714285714,126.19531519118155,Above Expected
55,0,18.77,17.25,3,1.5199999999999996,506.6666666666665,19.17142857142857,97.90611028315946,Within Expected
196,2,168.74,162.89,19,5.850000000000023,307.89473684210645,144.8,116.53314917127071,Above Expected
36,0,11.8,8.23,10,3.5700000000000003,357.00000000000006,9.885714285714286,119.364161849711,Above Expected
167,2,95.08,73.52,20,21.560000000000002,1078.0,120.07142857142857,79.1861986912552,Below Expected
167,2,123.19,111.69,15,11.5,766.6666666666667,120.07142857142857,102.59726353361094,Within Expected
183,2,115.96,106.21,16,9.75,609.375,134.04285714285714,86.50964510284557,Below Expected
70,1,34.16,26.35,13,7.809999999999995,600.7692307692304,29.9,114.24749163879598,Above Expected
98,1,47.84,28.63,20,19.210000000000004,960.5000000000002,54.0,88.5925925925926,Below Expected
153,2,100.59,91.23,9,9.36,1040.0,107.05714285714286,93.95916733386709,Within Expected
146,2,108.05,103.56,4,4.489999999999995,1122.4999999999986,100.42857142857143,107.58890469416784,Within Expected
130,2,77.39,67.99,10,9.400000000000006,940.0000000000006,84.88571428571429,91.16963985190172,Within Expected
28,0,8.13,7.16,6,0.9700000000000006,161.66666666666677,7.3,111.36986301369865,Above Expected
75,1,35.96,26.13,13,9.830000000000002,756.1538461538463,33.82857142857143,106.30067567567568,Within Expected
116,1,56.95,49.31,8,7.640000000000001,955.0000000000001,71.18571428571428,80.00200682319888,Below Expected
61,0,22.98,19.4,6,3.580000000000002,596.666666666667,23.3,98.62660944206009,Within Expected
189,2,139.27,136.67,3,2.6000000000000227,866.6666666666742,139.1,100.12221423436378,Within Expected
150,2,112.0,104.13,12,7.8700000000000045,655.8333333333337,104.22857142857143,107.45614035087718,Within Expected
41,0,9.49,8.45,9,1.040000000000001,115.55555555555566,11.814285714285713,80.32648125755745,Below Expected
151,2,92.34,82.16,12,10.180000000000007,848.3333333333339,105.17142857142858,87.79951100244499,Below Expected
73,1,30.35,27.15,4,3.200000000000003,800.0000000000007,32.25714285714285,94.08768821966343,Within Expected
56,0,16.69,13.93,5,2.7600000000000016,552.0000000000002,19.8,84.2929292929293,Below Expected
153,2,110.38,102.51,8,7.86999999999999,983.7499999999987,107.05714285714286,103.10381638644247,Within Expected
101,1,55.98,33.5,18,22.479999999999997,1248.8888888888887,56.785714285714285,98.58113207547169,Within Expected
149,2,112.61,88.84,21,23.769999999999996,1131.9047619047617,103.28571428571429,109.02766251728906,Within Expected
152,2,112.2,99.38,16,12.820000000000007,801.2500000000005,106.11428571428571,105.735056542811,Within Expected
92,1,45.76,28.13,19,17.63,927.8947368421052,48.42857142857143,94.48967551622418,Within Expected
113,1,68.51,55.72,14,12.790000000000006,913.571428571429,68.27142857142857,100.34944549068842,Within Expected
93,1,45.29,23.21,19,22.08,1162.1052631578948,49.357142857142854,91.75976845151953,Within Expected
114,1,68.94,47.26,17,21.68,1275.294117647059,69.24285714285713,99.56261605116568,Within Expected
68,0,27.64,22.31,9,5.330000000000002,592.2222222222224,28.414285714285715,97.27501256913021,Within Expected
84,1,33.66,30.82,5,2.8399999999999963,567.9999999999993,41.3,81.50121065375302,Below Expected
185,2,145.82,143.14,4,2.680000000000007,670.0000000000017,135.72857142857143,107.43500684138512,Within Expected
46,0,11.51,4.55,14,6.96,497.14285714285717,14.028571428571428,82.04684317718942,Below Expected
191,2,173.31,160.33,18,12.97999999999999,721.1111111111106,140.72857142857143,123.15196426758706,Above Expected
132,2,66.41,41.13,17,25.279999999999994,1487.0588235294113,86.82857142857142,76.48404080289569,Below Expected
51,0,12.92,9.93,7,2.99,427.14285714285717,16.65714285714286,77.56432246998284,Below Expected
101,1,56.82,40.84,20,15.979999999999997,798.9999999999998,56.785714285714285,100.06037735849056,Within Expected
150,2,101.14,91.33,11,9.810000000000002,891.8181818181821,104.22857142857143,97.03673245614036,Within Expected
176,2,163.77,150.42,13,13.350000000000023,1026.9230769230785,128.05714285714285,127.88821954484607,Above Expected
85,1,40.51,34.81,10,5.699999999999996,569.9999999999997,42.18571428571428,96.02776837114799,Within Expected
51,0,15.07,6.6,17,8.47,498.23529411764713,16.65714285714286,90.47169811320754,Within Expected
185,2,106.13,91.52,13,14.61,1123.8461538461538,135.72857142857143,78.1928218082307,Below Expected
127,2,78.45,71.38,10,7.070000000000007,707.0000000000007,81.97142857142858,95.70407807598467,Within Expected
57,0,18.2,9.33,20,8.87,443.49999999999994,20.5,88.78048780487805,Below Expected
94,1,47.22,41.88,5,5.339999999999996,1067.999999999999,50.285714285714285,93.9034090909091,Within Expected
196,2,146.42,141.96,5,4.4599999999999795,891.9999999999959,144.8,101.11878453038672,Within Expected
161,2,127.88,114.78,20,13.099999999999994,654.9999999999997,114.5,111.68558951965065,Above Expected
137,2,77.32,72.59,5,4.72999999999999,945.999999999998,91.68571428571428,84.33156746650047,Below Expected
159,2,120.78,117.23,3,3.549999999999997,1183.3333333333323,112.64285714285714,107.22384273937857,Within Expected
66,0,30.11,21.24,15,8.870000000000001,591.3333333333334,26.928571428571427,111.81432360742707,Above Expected
81,1,39.43,26.48,13,12.95,996.1538461538461,38.77142857142857,101.69859985261607,Within Expected
151,2,114.68,98.51,16,16.17,1010.6250000000001,105.17142857142858,109.04102146155937,Within Expected
130,2,75.45,70.15,6,5.299999999999997,883.3333333333328,84.88571428571429,88.88421406933693,Below Expected
84,1,43.11,31.67,17,11.439999999999998,672.9411764705882,41.3,104.38256658595641,Within Expected
188,2,99.92,86.94,13,12.980000000000004,998.4615384615387,138.25714285714284,72.27113039884274,Below Expected
113,1,50.43,33.7,17,16.729999999999997,984.1176470588233,68.27142857142857,73.86691776522285,Below Expected
156,2,127.24,112.02,17,15.219999999999999,895.2941176470588,109.85714285714286,115.82314694408322,Above Expected
43,0,11.96,7.62,13,4.340000000000001,333.8461538461539,12.657142857142857,94.4920993227991,Within Expected
180,2,149.92,140.4,16,9.519999999999982,594.9999999999989,131.48571428571427,114.0199913081269,Above Expected
172,2,108.76,100.88,21,7.88000000000001,375.2380952380957,124.54285714285714,87.32736866253728,Below Expected
115,1,74.84,67.62,12,7.219999999999999,601.6666666666665,70.21428571428571,106.58799593082402,Within Expected
43,0,11.84,8.78,9,3.0600000000000005,340.00000000000006,12.657142857142857,93.54401805869075,Within Expected
37,0,10.29,7.5,7,2.789999999999999,398.57142857142844,10.27142857142857,100.18080667593881,Within Expected
160,2,136.73,129.49,10,7.239999999999981,723.9999999999981,113.57142857142857,120.39119496855346,Above Expected
134,2,70.66,64.79,5,5.86999999999999,1173.9999999999982,88.77142857142857,79.59768265207595,Below Expected
96,1,58.06,40.48,20,17.580000000000005,879.0000000000002,52.142857142857146,111.34794520547946,Above Expected
38,0,10.54,7.94,9,2.5999999999999988,288.88888888888874,10.657142857142857,98.90080428954423,Within Expected
168,2,113.95,92.77,15,21.180000000000007,1412.0000000000005,121.0,94.17355371900827,Within Expected
75,1,38.56,25.0,20,13.560000000000002,678.0000000000001,33.82857142857143,113.98648648648648,Above Expected
191,2,160.25,144.26,14,15.990000000000009,1142.1428571428578,140.72857142857143,113.87168815348696,Above Expected
193,2,132.78,120.05,20,12.730000000000004,636.5000000000002,142.35714285714286,93.27245358755644,Within Expected
60,0,25.79,18.55,12,7.239999999999998,603.3333333333331,22.6,114.1150442477876,Above Expected
178,2,96.76,91.41,8,5.3500000000000085,668.750000000001,129.77142857142857,74.5618670189344,Below Expected
168,2,128.75,116.35,11,12.400000000000006,1127.272727272728,121.0,106.40495867768595,Within Expected
149,2,99.62,85.19,15,14.430000000000007,962.0000000000005,103.28571428571429,96.4508990318119,Within Expected
157,2,130.6,125.12,7,5.47999999999999,782.8571428571414,110.78571428571429,117.88523533204382,Above Expected
185,2,121.73,114.36,17,7.3700000000000045,433.52941176470614,135.72857142857143,89.6863488053889,Below Expected
143,2,119.67,102.37,15,17.299999999999997,1153.333333333333,97.51428571428572,122.72048051567535,Above Expected
24,0,8.07,7.43,3,0.6400000000000006,213.3333333333335,6.5,124.15384615384615,Above Expected
72,1,32.05,15.87,20,16.18,808.9999999999999,31.47142857142857,101.838402178847,Within Expected
138,2,102.69,88.5,20,14.189999999999998,709.4999999999999,92.65714285714286,110.82793709528214,Above Expected
114,1,61.56,45.2,15,16.36,1090.6666666666667,69.24285714285713,88.90447699608006,Below Expected
107,1,68.12,59.54,7,8.580000000000005,1225.7142857142865,62.44285714285714,109.09174102036148,Within Expected
143,2,68.03,57.73,11,10.300000000000004,936.3636363636367,97.51428571428572,69.76413712276589,Below Expected
66,0,19.62,10.98,13,8.64,664.6153846153846,26.928571428571427,72.85941644562335,Below Expected
60,0,18.98,9.41,19,9.57,503.68421052631584,22.6,83.98230088495575,Below Expected
185,2,140.52,135.01,5,5.510000000000019,1102.0000000000039,135.72857142857143,103.53015472055573,Within Expected
70,1,35.38,32.08,5,3.3000000000000043,660.0000000000008,29.9,118.32775919732444,Above Expected
159,2,112.5,97.28,18,15.219999999999999,845.5555555555555,112.64285714285714,99.8731769181991,Within Expected
113,1,66.67,51.17,20,15.5,775.0,68.27142857142857,97.65432098765432,Within Expected
176,2,109.38,101.56,8,7.819999999999993,977.4999999999991,128.05714285714285,85.41499330655957,Below Expected
69,0,24.45,16.41,15,8.04,535.9999999999999,29.157142857142855,83.85595296423323,Below Expected
78,1,39.4,36.55,3,2.8500000000000014,950.0000000000005,36.24285714285714,108.71107607410329,Within Expected
85,1,45.12,42.61,3,2.509999999999998,836.6666666666661,42.18571428571428,106.95563833389774,Within Expected
181,2,139.92,132.82,10,7.099999999999994,709.9999999999994,132.34285714285713,105.72538860103626,Within Expected
102,1,67.86,48.67,20,19.189999999999998,959.4999999999999,57.714285714285715,117.57920792079209,Above Expected
153,2,91.75,88.33,4,3.4200000000000017,855.0000000000005,107.05714285714286,85.7018948492127,Below Expected
176,2,138.82,133.58,7,5.239999999999981,748.5714285714258,128.05714285714285,108.40473003123606,Within Expected
28,0,9.16,8.49,3,0.6699999999999999,223.33333333333331,7.3,125.47945205479452,Above Expected
72,1,26.55,18.08,21,8.470000000000002,403.3333333333334,31.47142857142857,84.36223331820246,Below Expected
61,0,16.51,10.01,11,6.500000000000002,590.9090909090911,23.3,70.85836909871244,Below Expected
36,0,8.7,4.94,13,3.759999999999999,289.2307692307691,9.885714285714286,88.0057803468208,Below Expected
170,2,103.36,85.03,19,18.33,964.7368421052631,122.77142857142857,84.18896904817315,Below Expected
56,0,15.33,4.91,16,10.42,651.25,19.8,77.42424242424242,Below Expected
44,0,12.74,9.58,9,3.16,351.11111111111114,13.114285714285714,97.14596949891067,Within Expected
49,0,16.07,14.38,7,1.6899999999999995,241.42857142857136,15.4,104.35064935064935,Within Expected
165,2,119.07,113.71,8,5.359999999999999,669.9999999999999,118.21428571428571,100.72386706948639,Within Expected
164,2,124.78,117.46,10,7.320000000000007,732.0000000000008,117.28571428571429,106.38976857490864,Within Expected
32,0,7.46,5.66,10,1.7999999999999998,180.0,8.557142857142857,87.17863105175292,Below Expected
119,1,85.41,79.24,9,6.170000000000002,685.5555555555557,74.1,115.26315789473685,Above Expected
147,2,101.23,97.37,9,3.8599999999999994,428.8888888888888,101.4,99.83234714003945,Within Expected
146,2,108.37,102.08,11,6.290000000000006,571.8181818181823,100.42857142857143,107.90753911806543,Within Expected
122,1,76.24,66.48,9,9.759999999999991,1084.4444444444434,77.05714285714285,98.9395624768261,Within Expected
85,1,50.79,48.76,3,2.030000000000001,676.6666666666671,42.18571428571428,120.39620724686759,Above Expected
140,2,100.17,78.36,19,21.810000000000002,1147.8947368421052,94.6,105.8879492600423,Within Expected
160,2,107.16,103.91,3,3.25,1083.3333333333333,113.57142857142857,94.35471698113207,Within Expected
174,2,125.04,108.98,16,16.060000000000002,1003.7500000000001,126.31428571428572,98.99117846641032,Within Expected
115,1,71.04,53.0,19,18.040000000000006,949.4736842105267,70.21428571428571,101.17599186164803,Within Expected
65,0,33.64,28.47,6,5.170000000000002,861.666666666667,26.185714285714283,128.46699399890892,Above Expected
82,1,32.56,30.6,3,1.9600000000000009,653.3333333333336,39.614285714285714,82.1925712225027,Below Expected
171,2,108.6,88.68,19,19.919999999999987,1048.4210526315783,123.65714285714286,87.82347504621072,Below Expected
70,1,31.28,17.32,20,13.96,698.0000000000001,29.9,104.61538461538463,Within Expected
91,1,41.49,19.99,21,21.500000000000004,1023.809523809524,47.5,87.34736842105264,Below Expected
56,0,17.03,7.85,14,9.180000000000001,655.7142857142858,19.8,86.01010101010101,Below Expected
159,2,119.68,107.24,14,12.440000000000012,888.5714285714295,112.64285714285714,106.24730500951173,Within Expected
58,0,14.07,6.88,12,7.19,599.1666666666667,21.2,66.3679245283019,Below Expected
159,2,112.87,97.17,20,15.700000000000003,785.0000000000001,112.64285714285714,100.20164870006343,Within Expected
193,2,160.59,154.25,5,6.340000000000003,1268.0000000000007,142.35714285714286,112.8078273958856,Above Expected
192,2,132.26,126.02,8,6.239999999999995,779.9999999999993,141.54285714285714,93.44166330238191,Within Expected
153,2,94.99,79.43,17,15.559999999999988,915.2941176470581,107.05714285714286,88.72831598612223,Below Expected
179,2,110.24,99.66,10,10.579999999999998,1057.9999999999998,130.62857142857143,84.39195100612423,Below Expected
38,0,9.77,5.08,13,4.6899999999999995,360.7692307692307,10.657142857142857,91.67560321715817,Within Expected
118,1,67.88,55.34,11,12.539999999999992,1139.9999999999993,73.12857142857142,92.82281695643681,Within Expected
169,2,113.75,99.02,15,14.730000000000004,982.0000000000003,121.88571428571429,93.32512892639475,Within Expected
81,1,33.74,18.79,19,14.950000000000003,786.842105263158,38.77142857142857,87.02284450994841,Below Expected
69,0,30.32,23.56,16,6.760000000000002,422.5000000000001,29.157142857142855,103.98824105830475,Within Expected
136,2,91.01,84.86,12,6.150000000000006,512.5000000000005,90.71428571428571,100.32598425196852,Within Expected
47,0,15.41,11.86,6,3.5500000000000007,591.6666666666667,14.485714285714286,106.38067061143985,Within Expected
176,2,144.36,140.14,9,4.220000000000027,468.8888888888919,128.05714285714285,112.73092369477912,Above Expected
77,1,34.3,26.49,12,7.809999999999999,650.8333333333333,35.4,96.89265536723164,Within Expected
133,2,76.81,56.94,18,19.870000000000005,1103.8888888888891,87.8,87.48291571753987,Below Expected
33,0,4.48,3.37,5,1.1100000000000003,222.00000000000006,8.871428571428572,50.49919484702093,Below Expected
147,2,115.46,109.22,6,6.239999999999995,1039.999999999999,101.4,113.86587771203153,Above Expected
47,0,12.8,9.16,7,3.6400000000000006,520.0000000000001,14.485714285714286,88.36291913214991,Below Expected
124,1,62.27,37.36,20,24.910000000000004,1245.5000000000002,79.02857142857142,78.794287780188,Below Expected
187,2,132.39,127.69,6,4.699999999999989,783.3333333333314,137.4142857142857,96.34369477076619,Within Expected
134,2,96.05,83.44,12,12.61,1050.8333333333333,88.77142857142857,108.19922755069197,Within Expected
36,0,9.99,8.62,4,1.370000000000001,342.5000000000002,9.885714285714286,101.05491329479767,Within Expected
118,1,83.37,68.8,13,14.570000000000007,1120.7692307692314,73.12857142857142,114.00468841570621,Above Expected
187,2,135.01,133.59,3,1.4199999999999875,473.33333333332916,137.4142857142857,98.25033787295976,Within Expected
112,1,78.4,64.09,18,14.310000000000002,795.0000000000001,67.3,116.49331352154533,Above Expected
48,0,13.05,11.23,6,1.8200000000000003,303.33333333333337,14.942857142857143,87.33269598470363,Below Expected
62,0,24.87,12.22,21,12.65,602.3809523809523,24.0,103.62500000000001,Within Expected
106,1,56.47,51.46,5,5.009999999999998,1001.9999999999995,61.47142857142857,91.86381594236579,Within Expected
105,1,45.8,35.88,13,9.919999999999995,763.0769230769226,60.5,75.70247933884296,Below Expected
80,1,40.09,37.57,3,2.520000000000003,840.000000000001,37.92857142857142,105.69868173258006,Within Expected
68,0,23.2,10.37,16,12.83,801.875,28.414285714285715,81.649069884364,Below Expected
98,1,54.34,47.79,7,6.550000000000004,935.7142857142862,54.0,100.62962962962965,Within Expected
51,0,15.48,8.93,17,6.550000000000001,385.29411764705884,16.65714285714286,92.93310463121783,Within Expected
156,2,86.24,83.12,3,3.1199999999999903,1039.9999999999968,109.85714285714286,78.50195058517555,Below Expected
186,2,108.1,104.56,4,3.539999999999992,884.999999999998,136.57142857142856,79.15271966527197,Below Expected
136,2,108.14,93.89,11,14.25,1295.4545454545455,90.71428571428571,119.20944881889766,Above Expected
194,2,165.7,152.27,18,13.429999999999978,746.11111111111,143.17142857142858,115.73538215924964,Above Expected
60,0,21.86,11.87,20,9.99,499.5,22.6,96.72566371681415,Within Expected
61,0,23.05,13.42,15,9.63,642.0,23.3,98.92703862660944,Within Expected
179,2,131.66,124.18,7,7.47999999999999,1068.571428571427,130.62857142857143,100.78958880139982,Within Expected
150,2,86.89,75.71,10,11.180000000000007,1118.0000000000007,104.22857142857143,83.36485745614036,Below Expected
126,2,84.77,80.57,6,4.200000000000003,700.0000000000005,81.0,104.65432098765433,Within Expected
146,2,104.15,90.75,19,13.400000000000006,705.2631578947371,100.42857142857143,103.70554765291608,Within Expected
38,0,10.45,5.95,10,4.499999999999999,449.9999999999999,10.657142857142857,98.0563002680965,Within Expected
174,2,116.91,107.6,11,9.310000000000002,846.3636363636365,126.31428571428572,92.55485184347432,Within Expected
189,2,131.65,113.84,18,17.810000000000002,989.4444444444446,139.1,94.64414090582316,Within Expected
190,2,177.52,174.92,6,2.6000000000000227,433.3333333333371,139.9142857142857,126.87768021237493,Above Expected
108,1,81.46,66.6,15,14.86,990.6666666666666,63.41428571428571,128.456859653075,Above Expected
114,1,79.71,75.57,4,4.140000000000001,1035.0000000000002,69.24285714285713,115.11656694862802,Above Expected
150,2,91.06,73.02,21,18.040000000000006,859.0476190476194,104.22857142857143,87.3656798245614,Below Expected
76,1,38.64,26.03,15,12.61,840.6666666666666,34.614285714285714,111.63021048287247,Above Expected
51,0,15.93,4.91,18,11.02,612.2222222222222,16.65714285714286,95.63464837049742,Within Expected
41,0,14.64,13.04,5,1.6000000000000014,320.0000000000003,11.814285714285713,123.91777509068926,Above Expected
128,2,106.55,92.99,11,13.560000000000002,1232.727272727273,82.94285714285714,128.46193592835,Above Expected
100,1,58.01,47.73,11,10.280000000000001,934.5454545454547,55.857142857142854,103.8542199488491,Within Expected
58,0,19.65,17.67,5,1.9799999999999969,395.9999999999994,21.2,92.68867924528301,Within Expected
52,0,13.83,1.55,20,12.28,614.0,17.285714285714285,80.00826446280992,Below Expected
190,2,122.54,116.9,5,5.640000000000001,1128.0,139.9142857142857,87.58219317949766,Below Expected
182,2,121.67,106.1,21,15.570000000000007,741.4285714285718,133.2,91.34384384384386,Within Expected
155,2,100.25,93.78,5,6.469999999999999,1293.9999999999998,108.92857142857143,92.0327868852459,Within Expected
99,1,84.1,81.4,4,2.6999999999999886,674.9999999999972,54.92857142857143,153.1079323797139,Above Expected
121,1,86.88,70.76,17,16.11999999999999,948.2352941176465,76.07142857142857,114.20845070422534,Above Expected
44,0,12.47,8.88,8,3.59,448.75,13.114285714285714,95.08714596949892,Within Expected
127,2,89.53,73.17,16,16.36,1022.5,81.97142857142858,109.22098292087836,Within Expected
46,0,14.81,11.05,8,3.76,470.0,14.028571428571428,105.57026476578413,Within Expected
37,0,9.7,5.53,11,4.169999999999999,379.09090909090895,10.27142857142857,94.43671766342142,Within Expected
132,2,85.22,61.11,20,24.11,1205.5,86.82857142857142,98.14741691345839,Within Expected
190,2,163.62,147.03,18,16.590000000000003,921.6666666666669,139.9142857142857,116.94302634265878,Above Expected
142,2,83.75,80.0,5,3.75,750.0,96.54285714285714,86.74903817697543,Below Expected
125,1,78.02,67.01,10,11.009999999999991,1100.999999999999,80.01428571428572,97.50758793072664,Within Expected
60,0,20.84,12.06,16,8.78,548.75,22.6,92.21238938053096,Within Expected
106,1,56.78,49.77,10,7.009999999999998,700.9999999999999,61.47142857142857,92.3681152684174,Within Expected
92,1,43.24,25.93,17,17.310000000000002,1018.2352941176471,48.42857142857143,89.28613569321534,Below Expected
96,1,47.61,31.26,18,16.349999999999998,908.3333333333333,52.142857142857146,91.30684931506849,Within Expected
193,2,129.55,125.77,7,3.7800000000000153,540.0000000000022,142.35714285714286,91.0035122930256,Within Expected
192,2,125.71,119.48,9,6.22999999999999,692.222222222221,141.54285714285714,88.81408962454582,Below Expected
47,0,16.31,7.8,21,8.509999999999998,405.2380952380951,14.485714285714286,112.59368836291912,Above Expected
90,1,42.9,35.78,9,7.119999999999997,791.1111111111109,46.614285714285714,92.03187250996015,Within Expected
65,0,29.68,19.92,14,9.759999999999998,697.142857142857,26.185714285714283,113.3442444080742,Above Expected
53,0,18.93,14.19,7,4.74,677.1428571428571,17.914285714285715,105.66985645933013,Within Expected
67,0,21.56,12.73,21,8.829999999999998,420.47619047619037,27.67142857142857,77.91430046463603,Below Expected
81,1,31.02,26.71,4,4.309999999999999,1077.4999999999998,38.77142857142857,80.00736919675755,Below Expected
114,1,74.78,72.24,3,2.5400000000000063,846.6666666666688,69.24285714285713,107.99669898906541,Within Expected
162,2,85.94,82.28,4,3.6599999999999966,914.9999999999991,115.42857142857143,74.4529702970297,Below Expected
164,2,121.06,106.25,14,14.810000000000002,1057.8571428571431,117.28571428571429,103.21802679658951,Within Expected
151,2,81.78,66.23,13,15.549999999999997,1196.153846153846,105.17142857142858,77.75876120619397,Below Expected
139,2,89.91,67.18,15,22.72999999999999,1515.3333333333328,93.62857142857142,96.02837961550199,Within Expected
174,2,117.79,108.64,12,9.150000000000006,762.5000000000005,126.31428571428572,93.25152680389053,Within Expected
139,2,83.64,63.85,18,19.79,1099.4444444444443,93.62857142857142,89.33170582850168,Below Expected
90,1,52.6,46.54,7,6.060000000000002,865.714285714286,46.614285714285714,112.84094391664112,Above Expected
103,1,45.95,25.98,20,19.970000000000002,998.5000000000001,58.642857142857146,78.35566382460414,Below Expected
92,1,54.61,51.34,3,3.269999999999996,1089.9999999999986,48.42857142857143,112.76401179941003,Above Expected
189,2,128.59,118.56,11,10.030000000000001,911.818181818182,139.1,92.44428468727534,Within Expected
195,2,161.39,156.37,8,5.019999999999982,627.4999999999977,143.9857142857143,112.0875086814168,Above Expected
189,2,125.78,112.8,13,12.980000000000004,998.4615384615387,139.1,90.42415528396837,Within Expected
190,2,111.65,104.45,13,7.200000000000003,553.8461538461542,139.9142857142857,79.79885644272004,Below Expected
175,2,129.32,118.62,13,10.699999999999989,823.0769230769222,127.2,101.66666666666666,Within Expected
147,2,90.13,83.89,6,6.239999999999995,1039.999999999999,101.4,88.88560157790926,Below Expected
43,0,13.26,11.88,4,1.379999999999999,344.9999999999998,12.657142857142857,104.76297968397293,Within Expected
125,1,92.66,76.92,13,15.739999999999995,1210.7692307692305,80.01428571428572,115.80432065702553,Above Expected
106,1,54.5,42.08,11,12.420000000000002,1129.0909090909092,61.47142857142857,88.65907506390892,Below Expected
144,2,117.1,96.13,21,20.97,998.5714285714286,98.48571428571428,118.9004931824775,Above Expected
98,1,54.07,43.04,9,11.030000000000001,1225.5555555555557,54.0,100.12962962962963,Within Expected
115,1,79.58,59.45,16,20.129999999999995,1258.1249999999998,70.21428571428571,113.3387589013225,Above Expected
76,1,34.29,27.8,8,6.489999999999998,811.2499999999998,34.614285714285714,99.06314486174163,Within Expected
149,2,93.49,80.13,14,13.36,954.2857142857143,103.28571428571429,90.51590594744121,Within Expected
93,1,53.71,41.75,8,11.96,1495.0,49.357142857142854,108.81910274963822,Within Expected
148,2,103.39,97.18,8,6.209999999999994,776.2499999999992,102.34285714285714,101.02317141261865,Within Expected
59,0,18.84,15.2,9,3.6400000000000006,404.4444444444445,21.9,86.02739726027397,Below Expected
89,1,47.85,38.0,11,9.850000000000001,895.4545454545456,45.72857142857143,104.63917525773196,Within Expected
85,1,41.77,38.15,6,3.6200000000000045,603.333333333334,42.18571428571428,99.01456146291908,Within Expected
88,1,46.79,37.78,12,9.009999999999998,750.8333333333331,44.84285714285714,104.34214718063077,Within Expected
171,2,115.74,104.87,10,10.86999999999999,1086.999999999999,123.65714285714286,93.59750462107208,Within Expected
127,2,64.85,53.3,10,11.549999999999997,1154.9999999999998,81.97142857142858,79.1129313349599,Below Expected
181,2,135.56,125.76,8,9.799999999999997,1224.9999999999995,132.34285714285713,102.43091537132989,Within Expected
48,0,15.78,12.27,7,3.51,501.42857142857144,14.942857142857143,105.60229445506693,Within Expected
116,1,65.22,53.16,10,12.060000000000002,1206.0000000000002,71.18571428571428,91.61950632149308,Within Expected
50,0,18.68,15.5,6,3.1799999999999997,529.9999999999999,16.02857142857143,116.54188948306596,Above Expected
103,1,59.89,42.93,18,16.96,942.2222222222223,58.642857142857146,102.12667478684531,Within Expected
125,1,91.02,80.88,9,10.14,1126.6666666666667,80.01428571428572,113.75468666309587,Above Expected
56,0,18.86,11.48,13,7.379999999999999,567.6923076923076,19.8,95.25252525252525,Within Expected
58,0,25.28,17.6,10,7.68,768.0,21.2,119.24528301886794,Above Expected
113,1,60.92,54.22,9,6.700000000000003,744.4444444444448,68.27142857142857,89.23205691567274,Below Expected
30,0,7.54,6.2,6,1.3399999999999999,223.33333333333331,7.928571428571429,95.09909909909909,Within Expected
36,0,10.71,5.56,14,5.150000000000001,367.85714285714295,9.885714285714286,108.33815028901735,Within Expected
174,2,126.01,106.3,20,19.710000000000008,985.5000000000003,126.31428571428572,99.75910427505089,Within Expected
61,0,21.37,15.81,10,5.5600000000000005,556.0,23.3,91.7167381974249,Within Expected
37,0,9.68,8.27,4,1.4100000000000001,352.50000000000006,10.27142857142857,94.24200278164118,Within Expected
113,1,66.39,48.85,18,17.54,974.4444444444445,68.27142857142857,97.24419334588826,Within Expected
104,1,53.0,44.34,15,8.659999999999997,577.3333333333331,59.57142857142857,88.96882494004797,Below Expected
70,1,36.62,30.93,9,5.689999999999998,632.2222222222221,29.9,122.47491638795987,Above Expected
94,1,41.62,18.79,19,22.83,1201.5789473684208,50.285714285714285,82.76704545454545,Below Expected
164,2,110.35,103.21,8,7.140000000000001,892.5000000000001,117.28571428571429,94.08647990255785,Within Expected
73,1,34.11,31.18,4,2.9299999999999997,732.4999999999999,32.25714285714285,105.74402125775025,Within Expected
82,1,46.58,32.2,21,14.379999999999995,684.7619047619046,39.614285714285714,117.58384421204471,Above Expected
32,0,7.71,4.86,8,2.8499999999999996,356.24999999999994,8.557142857142857,90.10016694490818,Within Expected
192,2,113.54,98.6,19,14.940000000000012,786.3157894736848,141.54285714285714,80.21598708114655,Below Expected
195,2,150.72,142.58,11,8.139999999999986,739.9999999999987,143.9857142857143,104.67705129477129,Within Expected
88,1,44.36,40.94,4,3.4200000000000017,855.0000000000005,44.84285714285714,98.9232239566741,Within Expected
139,2,69.77,63.51,6,6.259999999999998,1043.333333333333,93.62857142857142,74.51785169362222,Below Expected
176,2,124.47,107.68,16,16.789999999999992,1049.3749999999995,128.05714285714285,97.1987951807229,Within Expected
115,1,70.76,56.08,13,14.680000000000007,1129.2307692307697,70.21428571428571,100.77721261444559,Within Expected
135,2,73.22,65.07,10,8.150000000000006,815.0000000000006,89.74285714285713,81.58866602992678,Below Expected
187,2,109.21,94.42,16,14.789999999999992,924.3749999999995,137.4142857142857,79.47499740097723,Below Expected
145,2,91.14,87.54,3,3.5999999999999943,1199.9999999999982,99.45714285714286,91.63746049985636,Within Expected
161,2,136.53,123.53,15,13.0,866.6666666666667,114.5,119.24017467248909,Above Expected
45,0,13.73,10.95,9,2.780000000000001,308.88888888888897,13.571428571428571,101.16842105263157,Within Expected
142,2,91.52,88.91,3,2.6099999999999994,869.9999999999998,96.54285714285714,94.79727730097662,Within Expected
136,2,102.56,94.12,10,8.439999999999998,843.9999999999998,90.71428571428571,113.05826771653544,Above Expected
31,0,8.72,7.36,8,1.3600000000000003,170.00000000000003,8.242857142857144,105.78856152512999,Within Expected
55,0,18.76,14.71,6,4.050000000000001,675.0000000000001,19.17142857142857,97.85394932935918,Within Expected
172,2,140.19,131.73,13,8.460000000000008,650.7692307692314,124.54285714285714,112.56366139022711,Above Expected
89,1,45.41,32.64,15,12.769999999999996,851.333333333333,45.72857142857143,99.30334270540455,Within Expected
188,2,131.85,129.2,3,2.6500000000000057,883.3333333333352,138.25714285714284,95.3657780533168,Within Expected
70,1,32.46,25.39,7,7.07,1010.0,29.9,108.561872909699,Within Expected
114,1,71.06,66.94,3,4.1200000000000045,1373.3333333333348,69.24285714285713,102.624303693006,Within Expected
45,0,14.11,7.96,10,6.1499999999999995,615.0,13.571428571428571,103.96842105263158,Within Expected
80,1,32.7,23.93,12,8.770000000000003,730.8333333333336,37.92857142857142,86.21468926553673,Below Expected
172,2,132.59,120.95,11,11.64,1058.1818181818182,124.54285714285714,106.46134434503327,Within Expected
94,1,37.51,24.5,10,13.009999999999998,1300.9999999999998,50.285714285714285,74.59374999999999,Below Expected
92,1,50.65,46.97,6,3.6799999999999997,613.3333333333333,48.42857142857143,104.58702064896754,Within Expected
145,2,106.82,104.93,3,1.8899999999999864,629.9999999999955,99.45714285714286,107.40304510198217,Within Expected
141,2,100.24,76.81,21,23.429999999999993,1115.7142857142853,95.57142857142857,104.88490284005978,Within Expected
44,0,14.79,12.24,5,2.549999999999999,509.9999999999998,13.114285714285714,112.77777777777777,Above Expected
97,1,64.37,43.19,18,21.180000000000007,1176.666666666667,53.07142857142857,121.28936742934053,Above Expected
145,2,97.68,78.06,17,19.620000000000005,1154.1176470588236,99.45714285714286,98.21315713875323,Within Expected
67,0,26.69,17.6,9,9.09,1010.0,27.67142857142857,96.4532782653588,Within Expected
120,1,68.6,51.26,16,17.339999999999996,1083.7499999999998,75.08571428571427,91.36225266362253,Within Expected
176,2,139.7,135.67,7,4.030000000000001,575.7142857142859,128.05714285714285,109.09192324854975,Within Expected
39,0,12.69,10.44,10,2.25,225.0,11.042857142857143,114.91591203104787,Above Expected
195,2,134.05,126.91,8,7.140000000000015,892.5000000000018,143.9857142857143,93.0995138406588,Within Expected
191,2,142.5,137.88,6,4.6200000000000045,770.0000000000008,140.72857142857143,101.25875545629886,Within Expected
189,2,136.12,131.97,5,4.150000000000006,830.0000000000011,139.1,97.85765636232927,Within Expected
130,2,71.62,56.76,14,14.860000000000007,1061.4285714285718,84.88571428571429,84.3722652305621,Below Expected
53,0,22.47,10.64,21,11.829999999999998,563.3333333333333,17.914285714285715,125.43062200956936,Above Expected
102,1,55.97,46.52,16,9.449999999999996,590.6249999999998,57.714285714285715,96.97772277227722,Within Expected
75,1,36.54,28.2,8,8.34,1042.5,33.82857142857143,108.01520270270271,Within Expected
84,1,40.74,27.25,14,13.490000000000002,963.5714285714288,41.3,98.64406779661017,Within Expected
152,2,137.15,120.96,20,16.190000000000012,809.5000000000006,106.11428571428571,129.24744211093162,Above Expected
137,2,105.75,98.33,9,7.420000000000002,824.4444444444447,91.68571428571428,115.33966967902774,Above Expected
64,0,24.5,15.43,16,9.07,566.875,25.442857142857143,96.29421673217293,Within Expected
31,0,9.56,9.21,3,0.34999999999999964,116.66666666666654,8.242857142857144,115.9792027729636,Above Expected
108,1,54.46,36.95,15,17.509999999999998,1167.333333333333,63.41428571428571,85.87970263572878,Below Expected
129,2,82.01,78.78,4,3.230000000000004,807.500000000001,83.91428571428571,97.73067756213824,Within Expected
121,1,95.34,90.16,4,5.180000000000007,1295.0000000000018,76.07142857142857,125.32957746478874,Above Expected
185,2,147.29,134.36,21,12.929999999999978,615.7142857142846,135.72857142857143,108.51805073150193,Within Expected
98,1,45.24,43.86,3,1.3800000000000026,460.00000000000085,54.0,83.77777777777779,Below Expected
150,2,129.91,119.62,14,10.289999999999992,734.9999999999994,104.22857142857143,124.63952850877193,Above Expected
54,0,21.07,8.86,18,12.21,678.3333333333334,18.542857142857144,113.6286594761171,Above Expected
137,2,113.2,99.97,19,13.230000000000004,696.3157894736844,91.68571428571428,123.46525397320039,Above Expected
55,0,22.94,15.7,15,7.240000000000002,482.6666666666668,19.17142857142857,119.65722801788377,Above Expected
115,1,58.65,51.51,9,7.140000000000001,793.3333333333335,70.21428571428571,83.53001017293998,Below Expected
140,2,87.63,71.06,17,16.569999999999993,974.7058823529408,94.6,92.6321353065539,Within Expected
89,1,45.33,43.12,3,2.210000000000001,736.666666666667,45.72857142857143,99.12839737582006,Within Expected
62,0,28.31,18.51,20,9.799999999999997,489.9999999999999,24.0,117.95833333333331,Above Expected
81,1,31.57,26.95,10,4.620000000000001,462.00000000000006,38.77142857142857,81.42593957258659,Below Expected
185,2,171.15,168.02,4,3.1299999999999955,782.4999999999989,135.72857142857143,126.09725292074518,Above Expected
146,2,91.97,72.95,21,19.019999999999996,905.7142857142854,100.42857142857143,91.57752489331436,Within Expected
92,1,42.68,25.14,16,17.54,1096.25,48.42857142857143,88.12979351032449,Below Expected
62,0,21.75,14.56,12,7.1899999999999995,599.1666666666666,24.0,90.625,Within Expected
65,0,30.48,27.48,4,3.0,750.0,26.185714285714283,116.39934533551556,Above Expected
61,0,24.24,12.69,14,11.549999999999999,825.0,23.3,104.03433476394848,Within Expected
124,1,88.93,75.36,13,13.570000000000007,1043.8461538461543,79.02857142857142,112.52892263195953,Above Expected
95,1,57.29,54.92,3,2.3699999999999974,789.9999999999991,51.214285714285715,111.86331938633194,Above Expected
33,0,8.81,7.69,4,1.12,280.0,8.871428571428572,99.30756843800323,Within Expected
43,0,14.62,6.9,17,7.719999999999999,454.1176470588235,12.657142857142857,115.5079006772009,Above Expected
142,2,96.47,86.58,10,9.89,989.0000000000001,96.54285714285714,99.92453388576502,Within Expected
49,0,15.51,9.78,13,5.73,440.76923076923083,15.4,100.71428571428571,Within Expected
90,1,42.31,31.0,12,11.310000000000002,942.5000000000002,46.614285714285714,90.76616610481153,Within Expected
150,2,84.1,77.53,8,6.569999999999993,821.2499999999991,104.22857142857143,80.68804824561403,Below Expected
68,0,33.46,21.87,15,11.59,772.6666666666666,28.414285714285715,117.75766716943188,Above Expected
112,1,61.82,47.24,17,14.579999999999998,857.6470588235293,67.3,91.85735512630015,Within Expected
71,1,29.65,21.25,10,8.399999999999999,839.9999999999999,30.685714285714283,96.6247672253259,Within Expected
102,1,59.93,56.9,3,3.030000000000001,1010.0000000000005,57.714285714285715,103.83910891089107,Within Expected
137,2,87.98,80.8,6,7.180000000000007,1196.6666666666679,91.68571428571428,95.95824244312871,Within Expected
47,0,16.21,13.42,21,2.790000000000001,132.8571428571429,14.485714285714286,111.90335305719921,Above Expected
118,1,74.22,70.69,5,3.530000000000001,706.0000000000002,73.12857142857142,101.49247899980467,Within Expected
38,0,10.08,4.03,16,6.05,378.125,10.657142857142857,94.58445040214478,Within Expected
143,2,92.86,81.67,13,11.189999999999998,860.7692307692306,97.51428571428572,95.22707295634338,Within Expected
193,2,151.74,137.09,16,14.650000000000006,915.6250000000003,142.35714285714286,106.59106874059208,Within Expected
124,1,80.36,77.08,5,3.280000000000001,656.0000000000002,79.02857142857142,101.68474331164137,Within Expected
139,2,104.06,93.02,20,11.040000000000006,552.0000000000002,93.62857142857142,111.14128776319806,Above Expected
137,2,95.08,77.51,12,17.569999999999993,1464.166666666666,91.68571428571428,103.70208787784357,Within Expected
60,0,22.24,12.79,10,9.45,945.0,22.6,98.40707964601768,Within Expected
118,1,83.35,61.98,20,21.369999999999997,1068.4999999999998,73.12857142857142,113.97733932408673,Above Expected
60,0,23.93,11.76,19,12.17,640.5263157894738,22.6,105.88495575221238,Within Expected
110,1,47.81,39.79,9,8.020000000000003,891.1111111111114,65.35714285714286,73.15191256830602,Below Expected
100,1,54.88,31.45,20,23.430000000000003,1171.5000000000002,55.857142857142854,98.25063938618926,Within Expected
54,0,19.73,12.44,12,7.290000000000001,607.5,18.542857142857144,106.40215716486902,Within Expected
151,2,103.3,97.11,6,6.189999999999998,1031.6666666666663,105.17142857142858,98.22059223037218,Within Expected
124,1,68.9,48.39,15,20.510000000000005,1367.3333333333337,79.02857142857142,87.18365871294289,Below Expected
39,0,10.36,5.27,18,5.09,282.77777777777777,11.042857142857143,93.8163001293661,Within Expected
192,2,132.74,109.91,20,22.830000000000013,1141.5000000000007,141.54285714285714,93.78078320549051,Within Expected
153,2,103.2,101.0,3,2.200000000000003,733.3333333333343,107.05714285714286,96.39711769415533,Within Expected
155,2,116.29,98.49,19,17.80000000000001,936.8421052631585,108.92857142857143,106.75803278688525,Within Expected
80,1,32.9,13.83,15,19.07,1271.3333333333335,37.92857142857142,86.74199623352166,Below Expected
39,0,9.5,5.23,13,4.27,328.4615384615384,11.042857142857143,86.02846054333764,Below Expected
187,2,134.37,130.54,5,3.8300000000000125,766.0000000000025,137.4142857142857,97.78459299303462,Within Expected
175,2,142.37,127.89,14,14.480000000000004,1034.2857142857144,127.2,111.92610062893083,Above Expected
94,1,43.07,32.11,15,10.96,730.6666666666667,50.285714285714285,85.65056818181819,Below Expected
156,2,106.66,94.84,14,11.819999999999993,844.2857142857138,109.85714285714286,97.08972691807541,Within Expected
114,1,71.76,55.58,20,16.180000000000007,809.0000000000003,69.24285714285713,103.63523829172688,Within Expected
130,2,79.52,63.03,17,16.489999999999995,969.9999999999998,84.88571428571429,93.6788959946146,Within Expected
132,2,71.65,57.5,13,14.150000000000006,1088.4615384615388,86.82857142857142,82.5189206975979,Below Expected
165,2,124.65,117.03,8,7.6200000000000045,952.5000000000006,118.21428571428571,105.44410876132932,Within Expected
107,1,59.07,55.91,3,3.1600000000000037,1053.3333333333346,62.44285714285714,94.59849004804393,Within Expected
181,2,123.82,119.21,6,4.609999999999999,768.3333333333333,132.34285714285713,93.56001727115716,Within Expected
154,2,100.22,90.08,13,10.14,780.0,108.0,92.7962962962963,Within Expected
74,1,31.19,21.15,10,10.040000000000003,1004.0000000000002,33.042857142857144,94.39256376999568,Within Expected
133,2,78.45,68.68,10,9.769999999999996,976.9999999999997,87.8,89.35079726651482,Below Expected
159,2,117.33,100.35,16,16.980000000000004,1061.2500000000002,112.64285714285714,104.16106531388714,Within Expected
179,2,149.91,140.68,18,9.22999999999999,512.7777777777773,130.62857142857143,114.76049868766403,Above Expected
165,2,107.5,101.55,7,5.950000000000003,850.0000000000005,118.21428571428571,90.93655589123868,Within Expected
176,2,135.77,125.8,13,9.970000000000013,766.9230769230779,128.05714285714285,106.02298081213746,Within Expected
107,1,58.7,51.44,6,7.260000000000005,1210.000000000001,62.44285714285714,94.00594829558455,Within Expected
44,0,12.3,6.72,12,5.580000000000001,465.00000000000006,13.114285714285714,93.79084967320263,Within Expected
116,1,83.07,77.99,5,5.079999999999998,1015.9999999999995,71.18571428571428,116.69476219145092,Above Expected
121,1,87.03,82.4,5,4.6299999999999955,925.9999999999991,76.07142857142857,114.4056338028169,Above Expected
58,0,18.65,7.55,16,11.099999999999998,693.7499999999999,21.2,87.97169811320754,Below Expected
59,0,23.8,16.39,14,7.41,529.2857142857142,21.9,108.67579908675799,Within Expected
159,2,92.02,77.92,11,14.099999999999994,1281.8181818181813,112.64285714285714,81.69181991122385,Below Expected
50,0,17.52,16.28,4,1.2399999999999984,309.9999999999996,16.02857142857143,109.30481283422459,Within Expected
91,1,39.15,24.79,16,14.36,897.5,47.5,82.42105263157895,Below Expected
50,0,14.56,8.52,11,6.040000000000001,549.0909090909092,16.02857142857143,90.83778966131908,Within Expected
104,1,62.58,55.43,6,7.149999999999999,1191.6666666666665,59.57142857142857,105.05035971223022,Within Expected
38,0,12.73,10.46,6,2.2699999999999996,378.33333333333326,10.657142857142857,119.45040214477214,Above Expected
115,1,62.62,49.61,16,13.009999999999998,813.1249999999999,70.21428571428571,89.18413021363175,Below Expected
75,1,28.5,10.31,19,18.189999999999998,957.3684210526314,33.82857142857143,84.2483108108108,Below Expected
168,2,108.06,95.17,18,12.89,716.1111111111111,121.0,89.30578512396694,Below Expected
140,2,100.22,86.1,15,14.120000000000005,941.3333333333337,94.6,105.94080338266384,Within Expected
193,2,137.94,134.36,3,3.579999999999984,1193.333333333328,142.35714285714286,96.89713998996487,Within Expected
62,0,26.68,20.37,10,6.309999999999999,630.9999999999999,24.0,111.16666666666666,Above Expected
147,2,85.33,61.1,21,24.229999999999997,1153.8095238095236,101.4,84.15187376725838,Below Expected
89,1,58.89,52.72,6,6.170000000000002,1028.3333333333335,45.72857142857143,128.78163074039364,Above Expected
63,0,21.71,4.54,21,17.17,817.6190476190477,24.7,87.89473684210527,Below Expected
36,0,10.64,9.62,3,1.0200000000000014,340.00000000000045,9.885714285714286,107.63005780346822,Within Expected
118,1,83.46,74.31,12,9.149999999999991,762.4999999999993,73.12857142857142,114.12775932799374,Above Expected
100,1,51.35,38.41,17,12.940000000000005,761.1764705882356,55.857142857142854,91.9309462915601,Within Expected
97,1,48.0,41.78,6,6.219999999999999,1036.6666666666665,53.07142857142857,90.44414535666219,Within Expected
195,2,152.05,148.61,5,3.4399999999999977,687.9999999999995,143.9857142857143,105.60075404305982,Within Expected
136,2,88.75,74.22,17,14.530000000000001,854.7058823529412,90.71428571428571,97.83464566929135,Within Expected
35,0,9.04,3.89,14,5.149999999999999,367.8571428571428,9.5,95.1578947368421,Within Expected
41,0,11.4,9.3,8,2.0999999999999996,262.49999999999994,11.814285714285713,96.49334945586459,Within Expected
149,2,120.46,103.25,16,17.209999999999994,1075.6249999999995,103.28571428571429,116.62793914246194,Above Expected
174,2,117.0,113.17,3,3.8299999999999983,1276.666666666666,126.31428571428572,92.6261026916987,Within Expected
179,2,139.15,136.2,5,2.950000000000017,590.0000000000034,130.62857142857143,106.52340332458444,Within Expected
86,1,40.51,18.66,21,21.849999999999998,1040.4761904761904,43.07142857142857,94.0530679933665,Within Expected
186,2,111.07,105.31,11,5.759999999999991,523.6363636363628,136.57142857142856,81.32740585774059,Below Expected
60,0,18.22,10.29,10,7.93,792.9999999999999,22.6,80.61946902654866,Below Expected
75,1,33.86,22.24,16,11.620000000000001,726.2500000000001,33.82857142857143,100.0929054054054,Within Expected
82,1,43.22,33.23,16,9.990000000000002,624.3750000000001,39.614285714285714,109.1020555355211,Within Expected
45,0,14.82,12.12,6,2.700000000000001,450.00000000000017,13.571428571428571,109.2,Within Expected
122,1,68.1,53.05,19,15.049999999999997,792.1052631578946,77.05714285714285,88.37597330367075,Below Expected
38,0,9.71,8.42,6,1.290000000000001,215.00000000000017,10.657142857142857,91.11260053619304,Within Expected
167,2,116.87,102.49,11,14.38000000000001,1307.2727272727282,120.07142857142857,97.33372992266509,Within Expected
182,2,132.13,108.61,18,23.519999999999996,1306.6666666666665,133.2,99.1966966966967,Within Expected
192,2,128.46,113.88,16,14.580000000000013,911.2500000000008,141.54285714285714,90.75696406943884,Within Expected
132,2,95.76,78.51,17,17.25,1014.7058823529411,86.82857142857142,110.28627838104642,Above Expected
55,0,18.73,16.68,4,2.0500000000000007,512.5000000000002,19.17142857142857,97.69746646795826,Within Expected
60,0,16.35,9.5,13,6.850000000000001,526.923076923077,22.6,72.34513274336284,Below Expected
121,1,87.14,81.57,7,5.570000000000007,795.7142857142868,76.07142857142857,114.55023474178405,Above Expected
174,2,98.38,84.82,19,13.560000000000002,713.684210526316,126.31428571428572,77.88509387016511,Below Expected
36,0,12.76,7.99,14,4.77,340.71428571428567,9.885714285714286,129.0751445086705,Above Expected
67,0,29.6,7.23,19,22.37,1177.3684210526317,27.67142857142857,106.96954052658751,Within Expected
128,2,72.37,63.57,6,8.800000000000004,1466.6666666666674,82.94285714285714,87.25284188770239,Below Expected
194,2,167.33,160.07,9,7.260000000000019,806.6666666666689,143.17142857142858,116.87387746956696,Above Expected
101,1,51.61,37.91,13,13.700000000000003,1053.846153846154,56.785714285714285,90.88553459119497,Within Expected
177,2,136.03,132.41,6,3.6200000000000045,603.333333333334,128.9142857142857,105.51972517730496,Within Expected
61,0,21.47,11.14,19,10.329999999999998,543.6842105263156,23.3,92.14592274678111,Within Expected
82,1,44.18,41.15,4,3.030000000000001,757.5000000000002,39.614285714285714,111.52542372881355,Above Expected
72,1,33.22,16.75,17,16.47,968.8235294117646,31.47142857142857,105.55605991829324,Within Expected
70,1,30.76,26.2,8,4.560000000000002,570.0000000000002,29.9,102.87625418060202,Within Expected
74,1,37.62,32.21,17,5.409999999999997,318.23529411764684,33.042857142857144,113.852140077821,Above Expected
138,2,89.87,80.26,9,9.61,1067.7777777777778,92.65714285714286,96.99198273203824,Within Expected
96,1,40.64,34.5,5,6.140000000000001,1228.0000000000002,52.142857142857146,77.93972602739726,Below Expected
85,1,40.87,36.03,9,4.839999999999996,537.7777777777774,42.18571428571428,96.88113782593972,Within Expected
130,2,96.2,90.29,6,5.909999999999997,984.9999999999994,84.88571428571429,113.32884550656345,Above Expected
81,1,33.87,14.43,20,19.439999999999998,971.9999999999999,38.77142857142857,87.35814296241709,Below Expected
86,1,41.75,33.39,10,8.36,836.0,43.07142857142857,96.93200663349918,Within Expected
143,2,87.18,81.78,9,5.400000000000006,600.0000000000007,97.51428571428572,89.40228537943159,Below Expected
184,2,103.32,88.9,15,14.419999999999987,961.3333333333325,134.88571428571427,76.59817835204407,Below Expected
36,0,9.38,7.13,7,2.250000000000001,321.42857142857156,9.885714285714286,94.88439306358381,Within Expected
185,2,139.64,119.54,16,20.09999999999998,1256.2499999999989,135.72857142857143,102.88180191558783,Within Expected
45,0,15.83,14.12,6,1.7100000000000009,285.0000000000001,13.571428571428571,116.6421052631579,Above Expected
132,2,84.59,59.38,19,25.21,1326.8421052631581,86.82857142857142,97.42184929253045,Within Expected
85,1,41.29,38.01,9,3.280000000000001,364.44444444444457,42.18571428571428,97.87673552319676,Within Expected
154,2,116.89,101.14,18,15.75,875.0,108.0,108.23148148148147,Within Expected
65,0,28.27,25.54,3,2.7300000000000004,910.0000000000001,26.185714285714283,107.95962902345882,Within Expected
128,2,89.32,66.0,17,23.319999999999993,1371.7647058823525,82.94285714285714,107.68859800206683,Within Expected
41,0,11.0,4.43,16,6.57,410.625,11.814285714285713,93.10761789600969,Within Expected
148,2,102.61,99.91,3,2.700000000000003,900.0000000000009,102.34285714285714,100.26102735901732,Within Expected
107,1,55.42,49.93,7,5.490000000000002,784.2857142857146,62.44285714285714,88.75314573324182,Below Expected
120,1,76.15,51.25,21,24.900000000000006,1185.714285714286,75.08571428571427,101.4174277016743,Within Expected
46,0,10.01,1.24,21,8.77,417.6190476190476,14.028571428571428,71.35437881873727,Below Expected
149,2,106.06,98.21,10,7.8500000000000085,785.0000000000008,103.28571428571429,102.686030428769,Within Expected
61,0,25.98,19.37,9,6.609999999999999,734.4444444444443,23.3,111.50214592274679,Above Expected
113,1,54.95,33.53,21,21.42,1020.0,68.27142857142857,80.48754969658924,Below Expected
184,2,141.6,130.01,13,11.590000000000003,891.5384615384619,134.88571428571427,104.97775894937513,Within Expected
40,0,11.31,6.31,9,5.000000000000001,555.5555555555557,11.428571428571429,98.96249999999999,Within Expected
26,0,6.3,5.88,3,0.41999999999999993,139.99999999999997,6.9,91.30434782608695,Within Expected
134,2,93.72,84.64,9,9.079999999999998,1008.8888888888887,88.77142857142857,105.57450917283553,Within Expected
83,1,45.82,24.08,19,21.740000000000002,1144.2105263157896,40.457142857142856,113.25564971751415,Above Expected
36,0,11.19,6.11,11,5.079999999999999,461.81818181818176,9.885714285714286,113.1936416184971,Above Expected
141,2,89.77,84.41,7,5.359999999999999,765.7142857142857,95.57142857142857,93.92974588938714,Within Expected
170,2,116.15,104.89,14,11.260000000000005,804.2857142857146,122.77142857142857,94.60670235047708,Within Expected
136,2,109.11,91.8,18,17.310000000000002,961.6666666666667,90.71428571428571,120.27874015748033,Above Expected
169,2,117.38,107.83,9,9.549999999999997,1061.1111111111109,121.88571428571429,96.30332864510079,Within Expected
67,0,27.61,17.13,19,10.48,551.578947368421,27.67142857142857,99.77800722767167,Within Expected
135,2,67.06,61.1,7,5.960000000000001,851.4285714285716,89.74285714285713,74.72460999681631,Below Expected
113,1,50.67,40.79,9,9.880000000000003,1097.777777777778,68.27142857142857,74.21845574387947,Below Expected
71,1,26.44,19.96,8,6.48,810.0,30.685714285714283,86.16387337057729,Below Expected
175,2,151.97,143.41,9,8.560000000000002,951.1111111111113,127.2,119.47327044025158,Above Expected
75,1,35.55,31.77,3,3.7799999999999976,1259.999999999999,33.82857142857143,105.0886824324324,Within Expected
173,2,143.93,130.96,17,12.969999999999999,762.9411764705882,125.42857142857143,114.75056947608199,Above Expected
160,2,139.69,126.63,14,13.060000000000002,932.857142857143,113.57142857142857,122.99748427672957,Above Expected
171,2,132.45,121.92,15,10.529999999999987,701.9999999999992,123.65714285714286,107.11067467652495,Within Expected
63,0,22.64,9.79,17,12.850000000000001,755.8823529411766,24.7,91.65991902834008,Within Expected
161,2,105.56,77.56,20,28.0,1400.0,114.5,92.19213973799127,Within Expected
85,1,42.75,29.13,12,13.620000000000001,1135.0,42.18571428571428,101.33762275651881,Within Expected
91,1,44.28,29.06,16,15.220000000000002,951.2500000000001,47.5,93.22105263157894,Within Expected
102,1,55.93,44.67,8,11.259999999999998,1407.4999999999998,57.714285714285715,96.90841584158416,Within Expected
119,1,82.74,58.76,19,23.979999999999997,1262.1052631578946,74.1,111.6599190283401,Above Expected
160,2,107.2,92.73,11,14.469999999999999,1315.4545454545455,113.57142857142857,94.38993710691824,Within Expected
79,1,41.75,37.53,6,4.219999999999999,703.3333333333331,37.08571428571428,112.57704160246533,Above Expected
128,2,88.75,66.62,15,22.129999999999995,1475.333333333333,82.94285714285714,107.0013778849466,Within Expected
42,0,12.3,10.89,3,1.4100000000000001,470.00000000000006,12.2,100.81967213114756,Within Expected
65,0,20.19,13.32,10,6.870000000000001,687.0,26.185714285714283,77.10310965630116,Below Expected
185,2,131.87,128.36,6,3.509999999999991,584.9999999999985,135.72857142857143,97.15714135354173,Within Expected
141,2,88.69,82.01,6,6.679999999999993,1113.3333333333321,95.57142857142857,92.79970104633782,Within Expected
173,2,111.31,91.63,20,19.680000000000007,984.0000000000003,125.42857142857143,88.74373576309796,Below Expected
114,1,84.57,61.89,19,22.679999999999993,1193.6842105263154,69.24285714285713,122.13534144831854,Above Expected
171,2,112.88,102.16,10,10.719999999999999,1071.9999999999998,123.65714285714286,91.28465804066543,Within Expected
174,2,120.99,117.93,6,3.059999999999988,509.999999999998,126.31428571428572,95.78489029631304,Within Expected
195,2,167.56,153.07,17,14.490000000000009,852.3529411764711,143.9857142857143,116.37265601746205,Above Expected
167,2,112.45,92.79,15,19.659999999999997,1310.6666666666665,120.07142857142857,93.65258774538965,Within Expected
187,2,145.87,129.39,16,16.480000000000018,1030.0000000000011,137.4142857142857,106.15344630418963,Within Expected
53,0,15.93,13.07,8,2.8599999999999994,357.49999999999994,17.914285714285715,88.92344497607655,Below Expected
54,0,20.31,15.14,6,5.169999999999998,861.6666666666664,18.542857142857144,109.53004622496145,Within Expected
173,2,114.68,107.7,6,6.980000000000004,1163.333333333334,125.42857142857143,91.43052391799544,Within Expected
146,2,89.57,78.98,12,10.58999999999999,882.4999999999991,100.42857142857143,89.1877667140825,Below Expected
117,1,65.57,52.89,10,12.679999999999993,1267.9999999999993,72.15714285714286,90.87111463076617,Within Expected
79,1,39.91,37.45,4,2.4599999999999937,614.9999999999984,37.08571428571428,107.61556240369801,Within Expected
79,1,40.47,37.16,5,3.3100000000000023,662.0000000000005,37.08571428571428,109.1255778120185,Within Expected
129,2,84.37,68.94,17,15.430000000000007,907.6470588235298,83.91428571428571,100.5430711610487,Within Expected
196,2,100.7,97.58,4,3.1200000000000045,780.0000000000011,144.8,69.54419889502762,Below Expected
32,0,9.26,8.31,4,0.9499999999999993,237.49999999999983,8.557142857142857,108.21368948247078,Within Expected
156,2,118.82,103.9,20,14.919999999999987,745.9999999999993,109.85714285714286,108.15864759427826,Within Expected
68,0,29.02,21.65,11,7.370000000000001,670.0,28.414285714285715,102.13172448466565,Within Expected
176,2,93.62,89.25,7,4.3700000000000045,624.2857142857149,128.05714285714285,73.10798750557788,Below Expected
183,2,145.79,129.99,13,15.799999999999983,1215.384615384614,134.04285714285714,108.763721624214,Within Expected
74,1,36.73,26.66,19,10.069999999999997,529.9999999999998,33.042857142857144,111.15866839602246,Above Expected
181,2,131.22,128.07,3,3.1500000000000057,1050.0000000000018,132.34285714285713,99.15155440414509,Within Expected
131,2,97.14,85.51,15,11.629999999999995,775.333333333333,85.85714285714286,113.14143094841928,Above Expected
58,0,21.73,6.22,17,15.510000000000002,912.3529411764707,21.2,102.50000000000001,Within Expected
154,2,116.98,113.36,3,3.6200000000000045,1206.666666666668,108.0,108.31481481481482,Within Expected
115,1,60.86,42.92,16,17.939999999999998,1121.2499999999998,70.21428571428571,86.67751780264497,Below Expected
119,1,70.7,61.31,12,9.39,782.5000000000001,74.1,95.41160593792173,Within Expected
110,1,69.71,67.52,3,2.1899999999999977,729.9999999999992,65.35714285714286,106.66010928961747,Within Expected
141,2,119.07,111.99,6,7.079999999999998,1179.9999999999998,95.57142857142857,124.58744394618833,Above Expected
135,2,96.82,82.15,17,14.669999999999987,862.9411764705875,89.74285714285713,107.886023559376,Within Expected
190,2,140.3,124.77,15,15.530000000000015,1035.3333333333344,139.9142857142857,100.27567898713498,Within Expected
88,1,38.9,29.25,16,9.649999999999999,603.1249999999999,44.84285714285714,86.74737177445047,Below Expected
119,1,73.13,64.87,11,8.259999999999991,750.9090909090901,74.1,98.69095816464237,Within Expected
159,2,103.39,91.99,19,11.400000000000006,600.0000000000003,112.64285714285714,91.78566899175651,Within Expected
36,0,9.69,3.69,14,6.0,428.57142857142856,9.885714285714286,98.02023121387282,Within Expected
45,0,14.46,10.15,16,4.3100000000000005,269.37500000000006,13.571428571428571,106.54736842105264,Within Expected
186,2,105.87,86.17,16,19.700000000000003,1231.2500000000002,136.57142857142856,77.51987447698745,Below Expected
56,0,19.33,12.2,10,7.129999999999999,712.9999999999999,19.8,97.62626262626262,Within Expected
169,2,134.33,125.47,8,8.860000000000014,1107.5000000000018,121.88571428571429,110.20979840600096,Above Expected
86,1,44.47,35.59,7,8.879999999999995,1268.571428571428,43.07142857142857,103.24709784411277,Within Expected
184,2,121.17,113.02,8,8.150000000000006,1018.7500000000007,134.88571428571427,89.83160347384029,Below Expected
80,1,34.32,16.86,19,17.46,918.9473684210526,37.92857142857142,90.4858757062147,Within Expected
106,1,61.84,46.38,14,15.46,1104.2857142857142,61.47142857142857,100.59958168719498,Within Expected
66,0,21.78,15.54,13,6.240000000000002,480.00000000000017,26.928571428571427,80.88063660477455,Below Expected
174,2,115.9,113.68,4,2.219999999999999,554.9999999999998,126.31428571428572,91.75525899117847,Within Expected
119,1,81.75,72.74,9,9.010000000000005,1001.1111111111118,74.1,110.32388663967612,Above Expected
46,0,13.97,10.54,11,3.4300000000000015,311.8181818181819,14.028571428571428,99.58248472505092,Within Expected
69,0,25.99,10.15,21,15.839999999999998,754.2857142857142,29.157142857142855,89.13767760901518,Below Expected
95,1,53.51,49.06,7,4.449999999999996,635.7142857142851,51.214285714285715,104.48256624825663,Within Expected
54,0,16.13,13.1,9,3.0299999999999994,336.66666666666663,18.542857142857144,86.98767334360554,Below Expected
130,2,93.28,77.17,12,16.11,1342.5,84.88571428571429,109.88892628744532,Within Expected
60,0,23.14,20.9,4,2.240000000000002,560.0000000000005,22.6,102.38938053097344,Within Expected
48,0,17.58,14.71,11,2.8699999999999974,260.9090909090907,14.942857142857143,117.64818355640534,Above Expected
175,2,118.19,104.84,13,13.349999999999994,1026.9230769230765,127.2,92.91666666666666,Within Expected
70,1,30.19,24.03,9,6.16,684.4444444444445,29.9,100.96989966555185,Within Expected
130,2,82.3,79.61,6,2.6899999999999977,448.333333333333,84.88571428571429,96.95388757993942,Within Expected
106,1,70.05,62.66,11,7.390000000000001,671.8181818181819,61.47142857142857,113.95537996746457,Above Expected
91,1,56.96,27.97,20,28.990000000000002,1449.5,47.5,119.91578947368421,Above Expected
164,2,132.29,119.8,18,12.489999999999995,693.8888888888886,117.28571428571429,112.79293544457978,Above Expected
173,2,141.53,133.61,18,7.9199999999999875,439.99999999999926,125.42857142857143,112.83712984054671,Above Expected
181,2,156.96,153.89,3,3.0700000000000216,1023.3333333333405,132.34285714285713,118.60103626943008,Above Expected
73,1,32.05,19.75,18,12.299999999999997,683.3333333333331,32.25714285714285,99.35783879539416,Within Expected
133,2,101.88,88.85,11,13.030000000000001,1184.5454545454545,87.8,116.03644646924829,Above Expected
120,1,69.38,54.53,12,14.849999999999994,1237.4999999999995,75.08571428571427,92.40106544901067,Within Expected
149,2,104.34,89.98,13,14.36,1104.6153846153845,103.28571428571429,101.02074688796681,Within Expected
139,2,112.49,100.74,18,11.75,652.7777777777778,93.62857142857142,120.14494964906928,Above Expected
96,1,66.64,61.08,5,5.560000000000002,1112.0000000000005,52.142857142857146,127.80273972602738,Above Expected
82,1,43.73,29.81,17,13.919999999999998,818.8235294117646,39.614285714285714,110.3894698882077,Above Expected
106,1,68.03,56.19,16,11.840000000000003,740.0000000000002,61.47142857142857,110.66930048803161,Above Expected
58,0,22.35,18.76,5,3.59,718.0,21.2,105.4245283018868,Within Expected
195,2,154.56,140.09,16,14.469999999999999,904.3749999999999,143.9857142857143,107.34398253795018,Within Expected
127,2,77.11,61.54,17,15.57,915.8823529411765,81.97142857142858,94.06936214708958,Within Expected
112,1,65.1,50.33,12,14.769999999999996,1230.833333333333,67.3,96.73105497771174,Within Expected
91,1,36.79,30.17,5,6.619999999999997,1323.9999999999993,47.5,77.45263157894736,Below Expected
63,0,28.23,17.78,13,10.45,803.8461538461538,24.7,114.2914979757085,Above Expected
134,2,85.52,82.32,3,3.200000000000003,1066.6666666666677,88.77142857142857,96.3373028644995,Within Expected
177,2,125.96,122.46,4,3.5,875.0,128.9142857142857,97.70833333333333,Within Expected
91,1,44.96,35.56,14,9.399999999999999,671.4285714285713,47.5,94.65263157894736,Within Expected
150,2,109.2,98.55,20,10.650000000000006,532.5000000000003,104.22857142857143,104.76973684210526,Within Expected
190,2,140.27,130.1,11,10.170000000000016,924.545454545456,139.9142857142857,100.25423728813561,Within Expected
80,1,34.64,27.51,12,7.129999999999999,594.1666666666666,37.92857142857142,91.3295668549906,Within Expected
131,2,69.05,64.8,4,4.25,1062.5,85.85714285714286,80.4242928452579,Below Expected
161,2,91.66,82.23,12,9.429999999999993,785.8333333333327,114.5,80.05240174672488,Below Expected
128,2,96.88,89.58,11,7.299999999999997,663.6363636363634,82.94285714285714,116.80330692387186,Above Expected
109,1,56.36,48.68,14,7.68,548.5714285714286,64.38571428571429,87.53494564011537,Below Expected
189,2,120.28,95.98,21,24.299999999999997,1157.142857142857,139.1,86.47016534867002,Below Expected
137,2,88.19,86.22,3,1.9699999999999989,656.6666666666663,91.68571428571428,96.18728575880337,Within Expected
148,2,104.93,79.06,21,25.870000000000005,1231.9047619047622,102.34285714285714,102.52791736460078,Within Expected
55,0,18.98,14.8,6,4.18,696.6666666666666,19.17142857142857,99.00149031296573,Within Expected
193,2,167.6,159.57,10,8.030000000000001,803.0000000000001,142.35714285714286,117.73206221776216,Above Expected
61,0,18.51,14.85,8,3.660000000000002,457.5000000000002,23.3,79.44206008583691,Below Expected
78,1,37.35,23.87,14,13.48,962.8571428571429,36.24285714285714,103.05478912100907,Within Expected
193,2,111.98,102.59,13,9.39,722.3076923076923,142.35714285714286,78.66131460110385,Below Expected
63,0,21.6,13.99,11,7.610000000000001,691.8181818181819,24.7,87.4493927125506,Below Expected
188,2,128.91,113.06,21,15.849999999999994,754.7619047619045,138.25714285714284,93.2393056416615,Within Expected
52,0,16.57,15.59,3,0.9800000000000004,326.6666666666668,17.285714285714285,95.85950413223141,Within Expected
117,1,70.24,62.22,11,8.019999999999996,729.0909090909087,72.15714285714286,97.34310037616312,Within Expected
144,2,111.36,95.05,20,16.310000000000002,815.5000000000001,98.48571428571428,113.07223672758921,Above Expected
106,1,60.06,58.09,3,1.9699999999999989,656.6666666666663,61.47142857142857,97.70392749244714,Within Expected
177,2,133.79,123.68,8,10.109999999999985,1263.7499999999982,128.9142857142857,103.78213652482269,Within Expected
93,1,48.81,38.92,9,9.89,1098.888888888889,49.357142857142854,98.89146164978293,Within Expected
90,1,42.68,35.9,8,6.780000000000001,847.5000000000001,46.614285714285714,91.55991418939627,Within Expected
45,0,14.47,4.93,18,9.540000000000001,530.0,13.571428571428571,106.62105263157895,Within Expected
133,2,94.12,81.96,12,12.16000000000001,1013.3333333333343,87.8,107.19817767653758,Within Expected
41,0,11.44,4.86,18,6.579999999999999,365.55555555555554,11.814285714285713,96.83192261185006,Within Expected
152,2,105.27,84.36,21,20.909999999999997,995.7142857142856,106.11428571428571,99.2043618739903,Within Expected
121,1,66.24,53.55,10,12.689999999999998,1268.9999999999998,76.07142857142857,87.07605633802817,Below Expected
90,1,44.89,41.38,3,3.509999999999998,1169.9999999999993,46.614285714285714,96.30095004596997,Within Expected
166,2,105.98,95.91,15,10.070000000000007,671.3333333333338,119.14285714285714,88.95203836930456,Below Expected
178,2,120.05,113.38,12,6.670000000000002,555.8333333333335,129.77142857142857,92.50880669308674,Within Expected
173,2,148.41,137.69,11,10.719999999999999,974.5454545454545,125.42857142857143,118.32232346241457,Above Expected
96,1,59.08,54.59,6,4.489999999999995,748.3333333333325,52.142857142857146,113.30410958904109,Above Expected
89,1,44.85,39.06,6,5.789999999999999,964.9999999999999,45.72857142857143,98.07872539831303,Within Expected
151,2,99.47,77.36,21,22.11,1052.857142857143,105.17142857142858,94.5789187720728,Within Expected
148,2,137.42,132.79,5,4.6299999999999955,925.9999999999991,102.34285714285714,134.27414852037967,Above Expected
60,0,24.32,16.09,14,8.23,587.8571428571429,22.6,107.61061946902655,Within Expected
103,1,71.5,55.4,19,16.1,847.3684210526317,58.642857142857146,121.92448233861144,Above Expected
137,2,77.95,72.86,5,5.090000000000003,1018.0000000000007,91.68571428571428,85.01869741352446,Below Expected
140,2,95.55,88.94,10,6.609999999999999,660.9999999999999,94.6,101.00422832980973,Within Expected
195,2,171.4,163.79,9,7.610000000000014,845.555555555557,143.9857142857143,119.03958726064093,Above Expected
73,1,38.9,28.14,11,10.759999999999998,978.181818181818,32.25714285714285,120.59344552701508,Above Expected
85,1,48.76,39.83,12,8.93,744.1666666666666,42.18571428571428,115.5841517101253,Above Expected
140,2,96.54,84.62,20,11.920000000000002,596.0000000000001,94.6,102.05073995771671,Within Expected
124,1,84.62,64.94,19,19.680000000000007,1035.7894736842109,79.02857142857142,107.07519884309474,Within Expected
89,1,43.3,35.14,14,8.159999999999997,582.8571428571427,45.72857142857143,94.68915963761324,Within Expected
47,0,13.36,1.84,21,11.52,548.5714285714286,14.485714285714286,92.22879684418146,Within Expected
63,0,23.92,20.14,6,3.780000000000001,630.0000000000002,24.7,96.8421052631579,Within Expected
193,2,140.53,124.82,17,15.710000000000008,924.117647058824,142.35714285714286,98.71650777722026,Within Expected
92,1,52.79,31.65,20,21.14,1057.0,48.42857142857143,109.00589970501476,Within Expected
119,1,63.23,43.63,19,19.599999999999994,1031.5789473684208,74.1,85.3306342780027,Below Expected
169,2,116.82,112.98,5,3.839999999999989,767.9999999999978,121.88571428571429,95.84388185654008,Within Expected
69,0,30.68,28.53,4,2.1499999999999986,537.4999999999997,29.157142857142855,105.22292993630573,Within Expected
137,2,85.83,72.84,16,12.989999999999995,811.8749999999997,91.68571428571428,93.61327516360237,Within Expected
125,1,70.4,62.93,8,7.470000000000006,933.7500000000008,80.01428571428572,87.98428851990717,Below Expected
78,1,28.93,19.89,14,9.04,645.7142857142857,36.24285714285714,79.82262514781239,Below Expected
70,1,26.71,22.89,5,3.8200000000000003,764.0,29.9,89.33110367892976,Below Expected
185,2,131.93,120.59,14,11.340000000000003,810.0000000000002,135.72857142857143,97.20134722660772,Within Expected
96,1,53.69,52.03,4,1.6599999999999966,414.99999999999915,52.142857142857146,102.96712328767121,Within Expected
187,2,151.48,149.98,4,1.5,375.0,137.4142857142857,110.2359912672835,Above Expected
63,0,20.96,13.82,12,7.140000000000001,595.0000000000001,24.7,84.8582995951417,Below Expected
153,2,98.33,74.28,18,24.049999999999997,1336.111111111111,107.05714285714286,91.84814518281291,Within Expected
146,2,99.32,95.83,3,3.489999999999995,1163.3333333333317,100.42857142857143,98.89615931721194,Within Expected
156,2,112.06,106.21,7,5.8500000000000085,835.7142857142869,109.85714285714286,102.00520156046812,Within Expected
111,1,53.38,30.38,18,23.000000000000004,1277.7777777777778,66.32857142857142,80.4781391341805,Below Expected
55,0,19.49,17.83,5,1.6600000000000001,332.0,19.17142857142857,101.66169895678092,Within Expected
110,1,58.37,43.52,18,14.849999999999994,824.9999999999998,65.35714285714286,89.30928961748633,Below Expected
94,1,53.69,36.5,18,17.189999999999998,954.9999999999999,50.285714285714285,106.76988636363636,Within Expected
161,2,108.71,88.22,21,20.489999999999995,975.7142857142854,114.5,94.94323144104803,Within Expected
160,2,128.66,115.12,21,13.539999999999992,644.7619047619045,113.57142857142857,113.28553459119497,Above Expected
150,2,106.22,90.79,15,15.429999999999993,1028.666666666666,104.22857142857143,101.91063596491227,Within Expected
80,1,33.54,23.6,16,9.939999999999998,621.2499999999999,37.92857142857142,88.42937853107345,Below Expected
49,0,14.82,6.95,16,7.87,491.875,15.4,96.23376623376623,Within Expected
25,0,7.58,7.01,3,0.5700000000000003,190.00000000000009,6.7,113.13432835820896,Above Expected
81,1,32.07,28.48,3,3.59,1196.6666666666665,38.77142857142857,82.71554900515844,Below Expected
96,1,63.24,55.58,10,7.660000000000004,766.0000000000003,52.142857142857146,121.28219178082192,Above Expected
73,1,29.9,9.96,18,19.939999999999998,1107.7777777777778,32.25714285714285,92.69264836138176,Within Expected
79,1,41.18,32.59,13,8.589999999999996,660.7692307692305,37.08571428571428,111.04006163328197,Above Expected
93,1,62.43,45.41,21,17.020000000000003,810.4761904761906,49.357142857142854,126.48625180897251,Above Expected
115,1,78.67,71.31,15,7.359999999999999,490.66666666666663,70.21428571428571,112.04272634791457,Above Expected
72,1,35.66,29.83,9,5.829999999999998,647.7777777777776,31.47142857142857,113.30912392192462,Above Expected
111,1,69.2,59.55,14,9.650000000000006,689.2857142857147,66.32857142857142,104.32909756622874,Within Expected
189,2,145.8,124.64,19,21.16000000000001,1113.6842105263163,139.1,104.81667864845437,Within Expected
66,0,31.08,22.74,10,8.34,834.0,26.928571428571427,115.41644562334217,Above Expected
116,1,66.06,58.67,6,7.390000000000001,1231.6666666666667,71.18571428571428,92.79951836243228,Within Expected
136,2,100.37,87.23,15,13.14,876.0,90.71428571428571,110.644094488189,Above Expected
192,2,149.44,140.89,11,8.550000000000011,777.2727272727284,141.54285714285714,105.57932983447719,Within Expected
113,1,49.1,35.73,19,13.370000000000005,703.6842105263161,68.27142857142857,71.91881146683407,Below Expected
103,1,67.58,61.62,10,5.960000000000001,596.0000000000001,58.642857142857146,115.23995127892812,Above Expected
101,1,59.13,56.18,3,2.950000000000003,983.3333333333343,56.785714285714285,104.12830188679246,Within Expected
158,2,102.7,98.3,5,4.400000000000006,880.0000000000011,111.71428571428571,91.9309462915601,Within Expected
70,1,27.22,20.09,21,7.129999999999999,339.52380952380946,29.9,91.03678929765886,Within Expected
187,2,164.14,156.65,12,7.489999999999981,624.166666666665,137.4142857142857,119.44900717330282,Above Expected
100,1,47.46,37.58,13,9.880000000000003,760.0000000000002,55.857142857142854,84.96675191815858,Below Expected
181,2,135.25,120.33,18,14.920000000000002,828.888888888889,132.34285714285713,102.19667530224525,Within Expected
188,2,153.52,149.39,8,4.130000000000024,516.250000000003,138.25714285714284,111.03947096507545,Above Expected
187,2,148.39,143.23,7,5.159999999999997,737.1428571428567,137.4142857142857,107.98731676889489,Within Expected
173,2,134.34,131.08,3,3.259999999999991,1086.6666666666636,125.42857142857143,107.10478359908883,Within Expected
116,1,50.63,34.6,17,16.03,942.9411764705883,71.18571428571428,71.12382099137066,Below Expected
185,2,136.9,120.21,20,16.690000000000012,834.5000000000006,135.72857142857143,100.86306704557416,Within Expected
105,1,76.91,68.4,9,8.509999999999991,945.5555555555546,60.5,127.12396694214875,Above Expected
93,1,50.01,29.72,20,20.29,1014.5,49.357142857142854,101.32272069464545,Within Expected
85,1,54.91,44.39,20,10.519999999999996,525.9999999999998,42.18571428571428,130.16254656281748,Above Expected
140,2,74.93,71.03,4,3.9000000000000057,975.0000000000014,94.6,79.20718816067655,Below Expected
195,2,137.8,134.14,4,3.660000000000025,915.0000000000063,143.9857142857143,95.70393888282568,Within Expected
52,0,16.48,12.97,6,3.51,585.0,17.285714285714285,95.33884297520662,Within Expected
90,1,44.14,41.82,3,2.3200000000000003,773.3333333333335,46.614285714285714,94.69200122586578,Within Expected
159,2,130.48,127.21,5,3.269999999999996,653.9999999999992,112.64285714285714,115.83512999365884,Above Expected
73,1,32.94,21.98,10,10.959999999999997,1095.9999999999995,32.25714285714285,102.11691762621791,Within Expected
124,1,70.68,55.65,20,15.030000000000008,751.5000000000003,79.02857142857142,89.4360086767896,Below Expected
174,2,121.16,114.37,11,6.789999999999992,617.2727272727266,126.31428571428572,95.919475231848,Within Expected
73,1,33.55,30.34,6,3.2099999999999973,534.9999999999995,32.25714285714285,104.00797165633304,Within Expected
38,0,7.65,5.01,9,2.6400000000000006,293.33333333333337,10.657142857142857,71.78284182305632,Below Expected
120,1,84.46,63.98,19,20.479999999999997,1077.894736842105,75.08571428571427,112.48477929984779,Above Expected
127,2,78.95,64.35,11,14.600000000000009,1327.272727272728,81.97142857142858,96.31404670616939,Within Expected
46,0,15.43,6.93,17,8.5,500.0,14.028571428571428,109.98981670061099,Within Expected
75,1,35.72,17.24,20,18.48,924.0,33.82857142857143,105.59121621621621,Within Expected
188,2,165.49,156.26,20,9.230000000000018,461.5000000000009,138.25714285714284,119.69725149824346,Above Expected
118,1,67.18,62.03,7,5.150000000000006,735.7142857142866,73.12857142857142,91.86559874975583,Within Expected
81,1,42.81,34.81,10,8.0,800.0,38.77142857142857,110.41635961680176,Above Expected
186,2,159.32,151.72,10,7.599999999999994,759.9999999999994,136.57142857142856,116.65690376569037,Above Expected
60,0,22.0,14.47,7,7.529999999999999,1075.7142857142856,22.6,97.34513274336283,Within Expected
163,2,128.93,118.29,20,10.64,532.0,116.35714285714286,110.80540208717005,Above Expected
145,2,95.46,82.41,14,13.049999999999997,932.1428571428569,99.45714285714286,95.98103993105428,Within Expected
116,1,70.27,61.43,11,8.839999999999996,803.6363636363633,71.18571428571428,98.71362632952037,Within Expected
130,2,73.85,68.05,5,5.799999999999997,1159.9999999999995,84.88571428571429,86.99932682598451,Below Expected
170,2,107.64,91.16,20,16.480000000000004,824.0000000000002,122.77142857142857,87.6751221782639,Below Expected
29,0,9.27,8.71,3,0.5599999999999987,186.66666666666623,7.614285714285714,121.74484052532833,Above Expected
40,0,12.57,9.75,7,2.8200000000000003,402.8571428571429,11.428571428571429,109.9875,Within Expected
160,2,88.2,83.38,4,4.820000000000007,1205.0000000000018,113.57142857142857,77.66037735849058,Below Expected
94,1,55.97,43.71,16,12.259999999999998,766.2499999999999,50.285714285714285,111.30397727272727,Above Expected
181,2,162.84,150.98,14,11.860000000000014,847.1428571428581,132.34285714285713,123.04404145077721,Above Expected
150,2,117.44,114.78,4,2.6599999999999966,664.9999999999991,104.22857142857143,112.67543859649123,Above Expected
117,1,72.01,66.05,9,5.960000000000008,662.2222222222232,72.15714285714286,99.79607998416155,Within Expected
44,0,14.0,11.1,15,2.9000000000000004,193.33333333333337,13.114285714285714,106.75381263616559,Within Expected
78,1,37.65,23.23,17,14.419999999999998,848.235294117647,36.24285714285714,103.88253843121798,Within Expected
185,2,148.87,137.18,12,11.689999999999998,974.1666666666665,135.72857142857143,109.68213872223977,Within Expected
111,1,64.29,61.3,3,2.990000000000009,996.6666666666697,66.32857142857142,96.92655610596599,Within Expected
71,1,26.61,25.0,3,1.6099999999999994,536.6666666666665,30.685714285714283,86.71787709497207,Below Expected
167,2,106.68,96.12,12,10.560000000000002,880.0000000000002,120.07142857142857,88.84711481261155,Below Expected
64,0,24.76,10.2,20,14.560000000000002,728.0000000000001,25.442857142857143,97.31611454239192,Within Expected
156,2,128.52,112.48,12,16.040000000000006,1336.6666666666672,109.85714285714286,116.98829648894669,Above Expected
117,1,78.98,59.75,13,19.230000000000004,1479.2307692307695,72.15714285714286,109.45555335577113,Within Expected
75,1,38.14,29.8,19,8.34,438.94736842105266,33.82857142857143,112.74493243243245,Above Expected
149,2,101.4,90.98,19,10.420000000000002,548.4210526315791,103.28571428571429,98.17427385892115,Within Expected
104,1,60.71,46.3,20,14.410000000000004,720.5000000000001,59.57142857142857,101.91127098321344,Within Expected
179,2,145.98,141.1,10,4.8799999999999955,487.99999999999955,130.62857142857143,111.75196850393701,Above Expected
84,1,41.07,32.9,12,8.170000000000002,680.8333333333335,41.3,99.44309927360776,Within Expected
117,1,68.68,63.45,5,5.230000000000004,1046.0000000000007,72.15714285714286,95.1811522470798,Within Expected
42,0,9.75,3.79,15,5.96,397.3333333333333,12.2,79.91803278688525,Below Expected
165,2,97.08,87.06,15,10.019999999999996,667.9999999999997,118.21428571428571,82.12205438066465,Below Expected
108,1,61.68,48.8,15,12.880000000000003,858.6666666666669,63.41428571428571,97.26514980851545,Within Expected
193,2,113.22,110.13,4,3.0900000000000034,772.5000000000009,142.35714285714286,79.53236327145007,Below Expected
141,2,98.07,89.81,8,8.259999999999991,1032.4999999999989,95.57142857142857,102.61434977578475,Within Expected
171,2,107.74,101.38,7,6.359999999999999,908.5714285714284,123.65714285714286,87.12800369685768,Below Expected
130,2,99.39,83.31,16,16.08,1004.9999999999999,84.88571428571429,117.08683944799732,Above Expected
31,0,6.87,5.84,5,1.0300000000000002,206.00000000000006,8.242857142857144,83.34488734835355,Below Expected
162,2,114.25,98.84,17,15.409999999999997,906.4705882352939,115.42857142857143,98.97896039603961,Within Expected
92,1,43.3,33.34,12,9.959999999999994,829.9999999999995,48.42857142857143,89.41002949852506,Below Expected
92,1,36.52,27.3,14,9.220000000000002,658.5714285714287,48.42857142857143,75.41002949852508,Below Expected
124,1,82.37,76.04,5,6.329999999999998,1265.9999999999995,79.02857142857142,104.22812725958065,Within Expected
148,2,88.61,72.9,15,15.709999999999994,1047.333333333333,102.34285714285714,86.58151870463429,Below Expected
193,2,143.46,130.46,14,13.0,928.5714285714286,142.35714285714286,100.77471149021575,Within Expected
161,2,126.71,110.67,18,16.039999999999992,891.1111111111106,114.5,110.66375545851528,Above Expected
29,0,9.49,8.09,6,1.4000000000000004,233.3333333333334,7.614285714285714,124.63414634146342,Above Expected
61,0,21.84,9.49,15,12.35,823.3333333333334,23.3,93.73390557939913,Within Expected
119,1,73.75,66.52,12,7.230000000000004,602.5000000000003,74.1,99.52766531713901,Within Expected
40,0,11.7,9.15,6,2.549999999999999,424.99999999999983,11.428571428571429,102.375,Within Expected
74,1,24.31,16.82,8,7.489999999999998,936.2499999999998,33.042857142857144,73.57111975789017,Below Expected
194,2,98.62,85.49,16,13.13000000000001,820.6250000000006,143.17142857142858,68.88245859109958,Below Expected
158,2,91.22,86.29,6,4.929999999999993,821.6666666666654,111.71428571428571,81.65473145780051,Below Expected
100,1,52.06,42.83,11,9.230000000000004,839.0909090909095,55.857142857142854,93.20204603580564,Within Expected
83,1,34.3,22.66,19,11.639999999999997,612.6315789473683,40.457142857142856,84.78107344632768,Below Expected
65,0,27.42,17.91,12,9.510000000000002,792.5000000000001,26.185714285714283,104.7135842880524,Within Expected
171,2,130.06,113.11,14,16.950000000000003,1210.7142857142858,123.65714285714286,105.1779112754159,Within Expected
181,2,164.12,155.29,10,8.830000000000013,883.0000000000013,132.34285714285713,124.0112262521589,Above Expected
101,1,53.85,34.48,19,19.370000000000005,1019.4736842105266,56.785714285714285,94.83018867924528,Within Expected
186,2,122.79,112.92,15,9.870000000000005,658.0000000000002,136.57142857142856,89.9089958158996,Below Expected
107,1,79.25,72.35,5,6.900000000000006,1380.0000000000011,62.44285714285714,126.91603752001829,Above Expected
46,0,13.26,11.27,10,1.9900000000000002,199.0,14.028571428571428,94.5213849287169,Within Expected
70,1,26.75,18.87,12,7.879999999999999,656.6666666666666,29.9,89.46488294314382,Below Expected
159,2,115.79,103.51,11,12.280000000000001,1116.3636363636365,112.64285714285714,102.79391249207357,Within Expected
125,1,94.96,75.85,18,19.11,1061.6666666666665,80.01428571428572,118.67880735582929,Above Expected
134,2,83.7,79.26,4,4.439999999999998,1109.9999999999995,88.77142857142857,94.2870936594786,Within Expected
87,1,52.34,39.3,13,13.040000000000006,1003.0769230769237,43.957142857142856,119.07052323691909,Above Expected
118,1,68.1,42.83,20,25.269999999999996,1263.4999999999998,73.12857142857142,93.12365696425083,Within Expected
88,1,41.5,22.91,20,18.59,929.5,44.84285714285714,92.54539662312838,Within Expected
155,2,95.86,90.75,7,5.109999999999999,729.9999999999999,108.92857142857143,88.00262295081967,Below Expected
188,2,135.4,127.04,8,8.36,1045.0,138.25714285714284,97.9334573258938,Within Expected
38,0,11.03,9.52,5,1.5099999999999998,301.99999999999994,10.657142857142857,103.49865951742628,Within Expected
63,0,21.82,11.52,15,10.3,686.6666666666667,24.7,88.34008097165992,Below Expected
191,2,137.01,118.23,21,18.779999999999987,894.2857142857137,140.72857142857143,97.35762866714039,Within Expected
190,2,132.46,116.57,17,15.890000000000015,934.705882352942,139.9142857142857,94.67224831529508,Within Expected
38,0,10.43,8.82,7,1.6099999999999994,229.99999999999991,10.657142857142857,97.86863270777481,Within Expected
58,0,23.92,14.57,18,9.350000000000001,519.4444444444445,21.2,112.8301886792453,Above Expected
196,2,154.03,145.97,10,8.060000000000002,806.0000000000002,144.8,106.37430939226518,Within Expected
66,0,31.84,27.69,5,4.149999999999999,829.9999999999998,26.928571428571427,118.23872679045093,Above Expected
73,1,31.16,14.78,20,16.380000000000003,819.0000000000002,32.25714285714285,96.59875996457043,Within Expected
106,1,55.82,43.36,20,12.46,623.0,61.47142857142857,90.80641412967697,Within Expected
184,2,135.48,115.57,21,19.909999999999997,948.0952380952378,134.88571428571427,100.44058462190215,Within Expected
99,1,64.68,61.21,3,3.470000000000006,1156.6666666666688,54.92857142857143,117.75292587776333,Above Expected
118,1,75.13,59.5,15,15.629999999999995,1041.9999999999995,73.12857142857142,102.73686266848993,Within Expected
144,2,105.63,97.17,8,8.459999999999994,1057.4999999999993,98.48571428571428,107.25413402959094,Within Expected
106,1,52.13,44.62,8,7.510000000000005,938.7500000000007,61.47142857142857,84.80362537764351,Below Expected
183,2,145.76,122.88,20,22.879999999999995,1143.9999999999998,134.04285714285714,108.74134072258339,Within Expected
194,2,156.23,139.89,19,16.340000000000003,860.0000000000002,143.17142857142858,109.12093394532027,Within Expected
161,2,105.95,97.03,8,8.920000000000002,1115.0000000000002,114.5,92.53275109170306,Within Expected
185,2,154.11,146.33,8,7.780000000000001,972.5000000000001,135.72857142857143,113.54278497000317,Above Expected
166,2,113.63,100.4,15,13.22999999999999,881.9999999999993,119.14285714285714,95.37290167865707,Within Expected
128,2,85.9,81.49,15,4.410000000000011,294.0000000000007,82.94285714285714,103.56527729934552,Within Expected
146,2,101.32,96.63,3,4.689999999999998,1563.3333333333326,100.42857142857143,100.88762446657182,Within Expected
68,0,28.57,17.64,19,10.93,575.2631578947368,28.414285714285715,100.54801407742585,Within Expected
58,0,18.96,10.23,9,8.73,970.0000000000001,21.2,89.43396226415095,Below Expected
140,2,106.18,98.5,8,7.680000000000007,960.0000000000009,94.6,112.24101479915434,Above Expected
133,2,99.32,82.39,13,16.929999999999993,1302.3076923076917,87.8,113.12072892938497,Above Expected
76,1,34.51,32.39,3,2.1199999999999974,706.6666666666658,34.614285714285714,99.69872059430458,Within Expected
73,1,27.67,26.92,3,0.75,250.0,32.25714285714285,85.77945084145263,Below Expected
136,2,88.11,78.1,14,10.010000000000005,715.0000000000005,90.71428571428571,97.12913385826772,Within Expected
79,1,34.61,29.3,8,5.309999999999999,663.7499999999999,37.08571428571428,93.32434514637904,Within Expected
166,2,134.12,131.2,3,2.920000000000016,973.3333333333386,119.14285714285714,112.57074340527579,Above Expected
67,0,28.04,23.52,12,4.52,376.66666666666663,27.67142857142857,101.33195663397005,Within Expected
89,1,46.41,34.35,13,12.059999999999995,927.6923076923074,45.72857142857143,101.49015932521085,Within Expected
193,2,127.63,118.54,13,9.08999999999999,699.2307692307685,142.35714285714286,89.6547917711992,Below Expected
104,1,40.95,30.09,12,10.860000000000003,905.0000000000002,59.57142857142857,68.7410071942446,Below Expected
70,1,25.63,17.8,10,7.829999999999998,782.9999999999998,29.9,85.7190635451505,Below Expected
147,2,99.95,96.77,4,3.180000000000007,795.0000000000017,101.4,98.57001972386587,Within Expected
50,0,18.79,16.22,6,2.5700000000000003,428.33333333333337,16.02857142857143,117.22816399286987,Above Expected
66,0,28.56,23.5,10,5.059999999999999,505.9999999999999,26.928571428571427,106.05835543766577,Within Expected
107,1,57.18,53.09,4,4.089999999999996,1022.4999999999991,62.44285714285714,91.57172271791352,Within Expected
133,2,64.87,59.22,5,5.650000000000006,1130.0000000000011,87.8,73.88382687927107,Below Expected
80,1,33.44,16.25,19,17.189999999999998,904.736842105263,37.92857142857142,88.16572504708098,Below Expected
173,2,127.16,110.35,20,16.810000000000002,840.5000000000001,125.42857142857143,101.38041002277905,Within Expected
44,0,11.69,7.2,15,4.489999999999999,299.33333333333326,13.114285714285714,89.13943355119825,Below Expected
81,1,30.31,20.5,12,9.809999999999999,817.4999999999999,38.77142857142857,78.17612380250553,Below Expected
138,2,92.09,80.72,10,11.370000000000005,1137.0000000000005,92.65714285714286,99.38791242676534,Within Expected
119,1,80.39,76.02,3,4.3700000000000045,1456.666666666668,74.1,108.4885290148448,Within Expected
168,2,89.04,77.57,13,11.470000000000013,882.3076923076934,121.0,73.58677685950413,Below Expected
106,1,64.68,59.0,12,5.680000000000007,473.3333333333339,61.47142857142857,105.2196142226354,Within Expected
126,2,76.56,63.65,11,12.910000000000004,1173.636363636364,81.0,94.51851851851852,Within Expected
162,2,128.45,116.92,20,11.529999999999987,576.4999999999993,115.42857142857143,111.2809405940594,Above Expected
187,2,120.05,109.66,14,10.39,742.1428571428572,137.4142857142857,87.36355130470943,Below Expected
106,1,58.49,44.99,20,13.5,675.0,61.47142857142857,95.14989542179876,Within Expected
190,2,137.19,126.97,15,10.219999999999999,681.3333333333333,139.9142857142857,98.05288952419849,Within Expected
139,2,107.69,102.48,7,5.209999999999994,744.2857142857134,93.62857142857142,115.01830942935614,Above Expected
99,1,51.5,38.77,20,12.729999999999997,636.4999999999999,54.92857142857143,93.75812743823147,Within Expected
137,2,76.72,55.02,18,21.699999999999996,1205.5555555555552,91.68571428571428,83.67715799314428,Below Expected
181,2,154.5,140.12,16,14.379999999999995,898.7499999999998,132.34285714285713,116.74222797927463,Above Expected
183,2,125.29,105.48,16,19.810000000000002,1238.1250000000002,134.04285714285714,93.47010550996482,Within Expected
97,1,49.59,34.11,14,15.480000000000004,1105.714285714286,53.07142857142857,93.44010767160162,Within Expected
123,1,68.02,51.4,17,16.619999999999997,977.6470588235293,78.04285714285714,87.15723961193483,Below Expected
49,0,15.33,4.96,21,10.370000000000001,493.80952380952385,15.4,99.54545454545455,Within Expected
98,1,46.98,37.28,13,9.699999999999996,746.1538461538458,54.0,87.0,Below Expected
184,2,156.81,147.17,11,9.640000000000015,876.3636363636376,134.88571428571427,116.25397161618302,Above Expected
172,2,140.25,128.18,13,12.069999999999993,928.4615384615379,124.54285714285714,112.61183757742602,Above Expected
137,2,101.19,85.01,17,16.179999999999993,951.7647058823525,91.68571428571428,110.36615768152072,Above Expected
185,2,133.0,112.28,19,20.72,1090.5263157894735,135.72857142857143,97.9896852962846,Within Expected
29,0,6.41,4.95,5,1.46,292.0,7.614285714285714,84.18386491557224,Below Expected
163,2,116.67,112.71,3,3.960000000000008,1320.0000000000027,116.35714285714286,100.26887661141805,Within Expected
184,2,130.07,117.12,18,12.949999999999989,719.4444444444438,134.88571428571427,96.42978182588435,Within Expected
45,0,14.12,8.89,15,5.229999999999999,348.6666666666666,13.571428571428571,104.0421052631579,Within Expected
113,1,61.64,51.86,9,9.780000000000001,1086.666666666667,68.27142857142857,90.2866708516426,Within Expected
96,1,46.69,33.21,13,13.479999999999997,1036.9230769230767,52.142857142857146,89.54246575342465,Below Expected
137,2,74.5,70.72,5,3.780000000000001,756.0000000000002,91.68571428571428,81.2558429417264,Below Expected
125,1,78.62,61.53,17,17.090000000000003,1005.2941176470591,80.01428571428572,98.25745402606677,Within Expected
84,1,50.18,46.16,8,4.020000000000003,502.5000000000004,41.3,121.50121065375303,Above Expected
124,1,63.85,54.34,16,9.509999999999998,594.3749999999999,79.02857142857142,80.793564714389,Below Expected
125,1,78.68,73.06,7,5.6200000000000045,802.8571428571435,80.01428571428572,98.33244063560079,Within Expected
149,2,90.83,84.17,9,6.659999999999997,739.9999999999997,103.28571428571429,87.94052558782849,Below Expected
142,2,99.49,87.25,15,12.239999999999995,815.9999999999997,96.54285714285714,103.05267830719147,Within Expected
105,1,60.21,38.96,19,21.25,1118.421052631579,60.5,99.52066115702479,Within Expected
174,2,105.61,97.15,8,8.459999999999994,1057.4999999999993,126.31428571428572,83.60891201085727,Below Expected
141,2,91.58,87.71,4,3.8700000000000045,967.5000000000011,95.57142857142857,95.8236173393124,Within Expected
154,2,116.11,97.97,18,18.14,1007.7777777777778,108.0,107.50925925925925,Within Expected
47,0,12.31,8.01,7,4.300000000000001,614.2857142857144,14.485714285714286,84.98027613412229,Below Expected
44,0,15.55,12.62,9,2.9300000000000015,325.5555555555557,13.114285714285714,118.57298474945534,Above Expected
181,2,157.26,140.43,17,16.829999999999984,989.9999999999991,132.34285714285713,118.82772020725389,Above Expected
30,0,8.82,8.4,3,0.41999999999999993,139.99999999999997,7.928571428571429,111.24324324324324,Above Expected
73,1,33.4,21.81,16,11.59,724.375,32.25714285714285,103.54295837023916,Within Expected
133,2,101.93,89.34,10,12.590000000000003,1259.0000000000005,87.8,116.09339407744876,Above Expected
48,0,15.8,13.34,9,2.460000000000001,273.3333333333334,14.942857142857143,105.736137667304,Within Expected
68,0,25.12,21.53,5,3.59,718.0,28.414285714285715,88.40623428858724,Below Expected
73,1,34.15,28.08,8,6.07,758.75,32.25714285714285,105.86802480070861,Within Expected
45,0,14.53,9.54,16,4.99,311.875,13.571428571428571,107.06315789473683,Within Expected
183,2,119.02,106.68,13,12.33999999999999,949.2307692307685,134.04285714285714,88.79249706916764,Below Expected
97,1,62.21,55.74,6,6.469999999999999,1078.333333333333,53.07142857142857,117.21938088829071,Above Expected
118,1,69.46,57.08,7,12.379999999999995,1768.571428571428,73.12857142857142,94.98339519437391,Within Expected
130,2,76.94,62.29,18,14.649999999999999,813.8888888888888,84.88571428571429,90.63951531470885,Within Expected
44,0,11.32,8.51,7,2.8100000000000005,401.4285714285715,13.114285714285714,86.31808278867102,Below Expected
149,2,81.89,75.2,8,6.689999999999998,836.2499999999998,103.28571428571429,79.28492392807746,Below Expected
98,1,45.78,42.35,3,3.4299999999999997,1143.3333333333333,54.0,84.77777777777779,Below Expected
78,1,29.79,21.98,8,7.809999999999999,976.2499999999999,36.24285714285714,82.19550650374458,Below Expected
69,0,30.06,22.22,14,7.84,559.9999999999999,29.157142857142855,103.09652131308182,Within Expected
48,0,17.07,9.97,17,7.1,417.6470588235294,14.942857142857143,114.23518164435946,Above Expected
44,0,13.03,7.2,12,5.829999999999999,485.83333333333326,13.114285714285714,99.35729847494554,Within Expected
49,0,15.39,7.81,19,7.580000000000001,398.94736842105266,15.4,99.93506493506493,Within Expected
183,2,140.46,136.74,8,3.719999999999999,464.9999999999999,134.04285714285714,104.78738143450923,Within Expected
79,1,35.49,19.44,16,16.05,1003.125,37.08571428571428,95.69722650231127,Within Expected
111,1,72.91,69.21,4,3.700000000000003,925.0000000000007,66.32857142857142,109.92246392418696,Within Expected
111,1,63.39,59.67,6,3.719999999999999,619.9999999999998,66.32857142857142,95.56967477923757,Within Expected
55,0,17.02,7.09,12,9.93,827.5,19.17142857142857,88.7779433681073,Below Expected
138,2,93.42,85.8,7,7.6200000000000045,1088.5714285714291,92.65714285714286,100.82331174838113,Within Expected
153,2,71.75,56.34,20,15.409999999999997,770.4999999999999,107.05714285714286,67.02028289298104,Below Expected
194,2,151.33,146.88,6,4.450000000000017,741.6666666666695,143.17142857142858,105.69846338056277,Within Expected
137,2,86.07,83.28,4,2.789999999999992,697.499999999998,91.68571428571428,93.87503895294483,Within Expected
63,0,22.74,7.82,17,14.919999999999998,877.6470588235294,24.7,92.06477732793522,Within Expected
123,1,72.26,56.56,14,15.700000000000003,1121.4285714285716,78.04285714285714,92.59015193117335,Within Expected
50,0,15.57,10.41,10,5.16,516.0,16.02857142857143,97.13903743315508,Within Expected
80,1,30.59,17.26,18,13.329999999999998,740.5555555555554,37.92857142857142,80.65160075329568,Below Expected
96,1,55.57,38.62,19,16.950000000000003,892.1052631578948,52.142857142857146,106.57260273972602,Within Expected
34,0,7.59,3.03,13,4.5600000000000005,350.76923076923083,9.185714285714287,82.62830482115085,Below Expected
32,0,9.66,7.56,11,2.1000000000000005,190.90909090909093,8.557142857142857,112.8881469115192,Above Expected
134,2,80.78,77.82,3,2.960000000000008,986.6666666666694,88.77142857142857,90.99774702285163,Within Expected
93,1,55.16,44.98,14,10.18,727.1428571428571,49.357142857142854,111.75687409551375,Above Expected
78,1,34.54,27.94,8,6.599999999999998,824.9999999999998,36.24285714285714,95.30153724871896,Within Expected
171,2,128.86,123.76,12,5.1000000000000085,425.0000000000007,123.65714285714286,104.20748613678374,Within Expected
95,1,64.54,48.92,19,15.620000000000005,822.105263157895,51.214285714285715,126.0195258019526,Above Expected
45,0,12.14,7.94,21,4.2,200.0,13.571428571428571,89.45263157894738,Below Expected
122,1,103.98,100.19,6,3.7900000000000063,631.6666666666677,77.05714285714285,134.93882091212458,Above Expected
103,1,61.27,49.73,12,11.540000000000006,961.6666666666672,58.642857142857146,104.47990255785626,Within Expected
33,0,7.83,6.56,4,1.2700000000000005,317.5000000000001,8.871428571428572,88.26086956521739,Below Expected
162,2,118.37,100.8,16,17.570000000000007,1098.1250000000005,115.42857142857143,102.54826732673268,Within Expected
160,2,145.66,130.84,15,14.819999999999993,987.9999999999995,113.57142857142857,128.25408805031446,Above Expected
155,2,95.26,79.33,17,15.930000000000007,937.0588235294122,108.92857142857143,87.45180327868852,Below Expected
68,0,28.94,25.66,4,3.280000000000001,820.0000000000002,28.414285714285715,101.85017596782302,Within Expected
155,2,103.19,91.34,16,11.849999999999994,740.6249999999997,108.92857142857143,94.73180327868852,Within Expected
83,1,39.47,27.14,17,12.329999999999998,725.2941176470588,40.457142857142856,97.56002824858757,Within Expected
120,1,64.69,56.57,18,8.119999999999997,451.111111111111,75.08571428571427,86.15487062404871,Below Expected
85,1,44.98,35.61,14,9.369999999999997,669.2857142857141,42.18571428571428,106.62377243481205,Within Expected
137,2,90.09,81.52,8,8.570000000000007,1071.250000000001,91.68571428571428,98.25958242443129,Within Expected
99,1,55.79,36.88,15,18.909999999999997,1260.6666666666663,54.92857142857143,101.56827048114434,Within Expected
51,0,17.08,11.98,10,5.099999999999998,509.9999999999998,16.65714285714286,102.53859348198968,Within Expected
143,2,81.72,70.42,10,11.299999999999997,1129.9999999999998,97.51428571428572,83.80310577204804,Below Expected
53,0,18.91,6.33,20,12.58,629.0,17.914285714285715,105.55821371610845,Within Expected
136,2,83.68,71.08,19,12.600000000000009,663.1578947368425,90.71428571428571,92.2456692913386,Within Expected
80,1,42.78,29.33,20,13.450000000000003,672.5000000000001,37.92857142857142,112.79096045197743,Above Expected
79,1,40.47,24.71,15,15.759999999999998,1050.6666666666667,37.08571428571428,109.1255778120185,Within Expected
97,1,49.78,44.58,7,5.200000000000003,742.8571428571432,53.07142857142857,93.79811574697175,Within Expected
47,0,13.76,12.41,6,1.3499999999999996,224.99999999999994,14.485714285714286,94.99013806706115,Within Expected
70,1,30.04,22.94,13,7.099999999999998,546.153846153846,29.9,100.46822742474917,Within Expected
147,2,101.66,95.73,6,5.929999999999993,988.3333333333321,101.4,100.25641025641025,Within Expected
119,1,80.85,56.69,21,24.159999999999997,1150.4761904761901,74.1,109.10931174089069,Within Expected
162,2,140.61,136.48,4,4.130000000000024,1032.500000000006,115.42857142857143,121.81559405940594,Above Expected
136,2,98.77,87.91,15,10.86,724.0,90.71428571428571,108.88031496062993,Within Expected
108,1,68.51,63.93,6,4.580000000000005,763.3333333333342,63.41428571428571,108.03559360216266,Within Expected
79,1,39.98,33.02,8,6.959999999999994,869.9999999999992,37.08571428571428,107.80431432973808,Within Expected
113,1,68.83,51.27,19,17.559999999999995,924.2105263157893,68.27142857142857,100.81816279556392,Within Expected
70,1,38.02,34.06,5,3.960000000000001,792.0000000000001,29.9,127.15719063545153,Above Expected
68,0,26.8,21.38,9,5.420000000000002,602.2222222222224,28.414285714285715,94.31875314228255,Within Expected
177,2,113.52,106.17,9,7.349999999999994,816.666666666666,128.9142857142857,88.05851063829788,Below Expected
125,1,90.45,82.77,9,7.680000000000007,853.333333333334,80.01428571428572,113.04231387252277,Above Expected
100,1,55.84,35.33,21,20.510000000000005,976.6666666666669,55.857142857142854,99.96930946291562,Within Expected
42,0,11.57,4.08,20,7.49,374.5,12.2,94.8360655737705,Within Expected
127,2,79.0,61.42,21,17.58,837.1428571428571,81.97142857142858,96.37504356918787,Within Expected
180,2,132.82,124.78,15,8.039999999999992,535.9999999999994,131.48571428571427,101.01477618426773,Within Expected
64,0,26.83,5.7,20,21.13,1056.5,25.442857142857143,105.45199326221224,Within Expected
123,1,85.8,65.4,20,20.39999999999999,1019.9999999999995,78.04285714285714,109.93959362987368,Within Expected
92,1,44.53,22.91,19,21.62,1137.8947368421052,48.42857142857143,91.94985250737463,Within Expected
48,0,17.75,11.05,11,6.699999999999999,609.090909090909,14.942857142857143,118.78585086042064,Above Expected
40,0,12.3,6.65,17,5.65,332.3529411764706,11.428571428571429,107.625,Within Expected
137,2,94.74,89.12,6,5.61999999999999,936.666666666665,91.68571428571428,103.33125584294172,Within Expected
145,2,110.6,100.69,14,9.909999999999997,707.8571428571427,99.45714285714286,111.20367710428039,Above Expected
79,1,38.96,29.64,17,9.32,548.2352941176471,37.08571428571428,105.05392912172576,Within Expected
113,1,48.94,44.34,4,4.599999999999994,1149.9999999999986,68.27142857142857,71.68445281439631,Below Expected
44,0,11.68,10.64,3,1.0399999999999991,346.6666666666664,13.114285714285714,89.06318082788671,Below Expected
123,1,61.36,48.49,18,12.869999999999997,714.9999999999999,78.04285714285714,78.62346695954604,Below Expected
55,0,17.69,7.42,15,10.270000000000001,684.6666666666667,19.17142857142857,92.27272727272728,Within Expected
95,1,61.7,54.09,8,7.609999999999999,951.2499999999999,51.214285714285715,120.4741980474198,Above Expected
66,0,28.74,18.92,12,9.819999999999997,818.333333333333,26.928571428571427,106.72679045092839,Within Expected
83,1,46.6,30.74,18,15.860000000000003,881.1111111111113,40.457142857142856,115.18361581920904,Above Expected
32,0,6.21,3.25,11,2.96,269.0909090909091,8.557142857142857,72.57095158597663,Below Expected
102,1,50.91,40.95,14,9.959999999999994,711.428571428571,57.714285714285715,88.21039603960395,Below Expected
143,2,111.47,103.62,15,7.849999999999994,523.333333333333,97.51428571428572,114.31145619689423,Above Expected
27,0,6.17,5.09,5,1.08,216.00000000000003,7.1,86.90140845070424,Below Expected
160,2,110.91,104.22,6,6.689999999999998,1114.9999999999995,113.57142857142857,97.6566037735849,Within Expected
119,1,83.97,61.69,20,22.28,1114.0,74.1,113.31983805668018,Above Expected
140,2,83.14,68.19,14,14.950000000000003,1067.8571428571431,94.6,87.88583509513742,Below Expected
77,1,26.95,22.14,7,4.809999999999999,687.142857142857,35.4,76.12994350282486,Below Expected
147,2,105.21,88.24,13,16.97,1305.3846153846155,101.4,103.75739644970412,Within Expected
69,0,28.33,23.34,6,4.989999999999998,831.6666666666664,29.157142857142855,97.16315531602156,Within Expected
193,2,145.95,131.67,15,14.280000000000001,952.0000000000001,142.35714285714286,102.52383341695935,Within Expected
177,2,136.45,116.93,21,19.519999999999982,929.5238095238086,128.9142857142857,105.84552304964538,Within Expected
186,2,134.94,130.09,7,4.849999999999994,692.8571428571421,136.57142857142856,98.80543933054395,Within Expected
144,2,106.22,90.58,13,15.64,1203.076923076923,98.48571428571428,107.85320568610386,Within Expected
74,1,29.19,23.96,10,5.23,523.0,33.042857142857144,88.33981841763942,Below Expected
110,1,63.5,47.71,12,15.79,1315.8333333333333,65.35714285714286,97.15846994535518,Within Expected
50,0,14.76,9.23,21,5.529999999999999,263.3333333333333,16.02857142857143,92.08556149732621,Within Expected
118,1,65.18,43.7,21,21.480000000000004,1022.8571428571431,73.12857142857142,89.13068958781014,Below Expected
63,0,20.66,3.49,17,17.17,1010.0,24.7,83.64372469635629,Below Expected
75,1,41.56,34.3,17,7.260000000000005,427.05882352941205,33.82857142857143,122.85472972972973,Above Expected
178,2,127.26,121.71,7,5.550000000000011,792.8571428571445,129.77142857142857,98.06472919418758,Within Expected
93,1,44.87,34.5,12,10.369999999999997,864.1666666666664,49.357142857142854,90.90882778581766,Within Expected
85,1,31.42,23.25,7,8.170000000000002,1167.1428571428576,42.18571428571428,74.48018963765662,Below Expected
111,1,65.38,45.2,17,20.179999999999993,1187.0588235294113,66.32857142857142,98.56989015722594,Within Expected
32,0,8.02,6.13,9,1.8899999999999997,209.99999999999997,8.557142857142857,93.72287145242069,Within Expected
64,0,20.55,7.84,19,12.71,668.9473684210526,25.442857142857143,80.76923076923077,Below Expected
101,1,60.39,48.63,13,11.759999999999998,904.6153846153845,56.785714285714285,106.34716981132075,Within Expected
151,2,93.29,87.5,6,5.790000000000006,965.000000000001,105.17142857142858,88.7027981526759,Below Expected
25,0,5.01,4.54,3,0.46999999999999975,156.6666666666666,6.7,74.77611940298506,Below Expected
56,0,22.91,8.64,19,14.27,751.0526315789473,19.8,115.70707070707071,Above Expected
86,1,48.67,40.78,10,7.890000000000001,789.0,43.07142857142857,112.9983416252073,Above Expected
77,1,42.03,31.43,12,10.600000000000001,883.3333333333334,35.4,118.72881355932203,Above Expected
93,1,49.41,31.1,19,18.309999999999995,963.6842105263156,49.357142857142854,100.1070911722142,Within Expected
72,1,30.29,19.57,17,10.719999999999999,630.5882352941176,31.47142857142857,96.24602814344077,Within Expected
102,1,51.1,44.46,10,6.640000000000001,664.0,57.714285714285715,88.53960396039604,Below Expected
32,0,9.65,9.02,3,0.6300000000000008,210.00000000000026,8.557142857142857,112.77128547579301,Above Expected
153,2,83.46,74.51,14,8.949999999999989,639.2857142857134,107.05714285714286,77.95836669335468,Below Expected
110,1,73.63,69.84,7,3.789999999999992,541.4285714285703,65.35714285714286,112.65792349726776,Above Expected
165,2,114.14,96.11,17,18.03,1060.5882352941176,118.21428571428571,96.55347432024169,Within Expected
67,0,27.56,12.76,16,14.799999999999999,924.9999999999999,27.67142857142857,99.5973154362416,Within Expected
157,2,130.18,119.21,14,10.970000000000013,783.5714285714295,110.78571428571429,117.50612508059316,Above Expected
79,1,36.48,30.58,7,5.899999999999999,842.8571428571427,37.08571428571428,98.36671802773498,Within Expected
191,2,141.85,137.1,16,4.75,296.875,140.72857142857143,100.7968734138666,Within Expected
121,1,78.03,71.27,5,6.760000000000005,1352.000000000001,76.07142857142857,102.57464788732395,Within Expected
159,2,100.66,87.16,14,13.5,964.2857142857143,112.64285714285714,89.36207989854154,Below Expected
36,0,9.97,3.96,15,6.010000000000001,400.66666666666674,9.885714285714286,100.85260115606938,Within Expected
39,0,10.86,4.62,12,6.239999999999999,519.9999999999999,11.042857142857143,98.34411384217334,Within Expected
175,2,131.19,122.52,13,8.670000000000002,666.923076923077,127.2,103.13679245283018,Within Expected
52,0,17.93,12.14,16,5.789999999999999,361.87499999999994,17.285714285714285,103.72727272727273,Within Expected
127,2,89.26,75.73,11,13.530000000000001,1230.0000000000002,81.97142857142858,108.8915998605786,Within Expected
54,0,19.08,16.18,5,2.8999999999999986,579.9999999999998,18.542857142857144,102.89676425269644,Within Expected
54,0,16.82,9.69,13,7.130000000000001,548.4615384615386,18.542857142857144,90.70878274268104,Within Expected
72,1,34.69,22.37,19,12.319999999999997,648.4210526315787,31.47142857142857,110.22696323195642,Above Expected
121,1,74.93,65.05,12,9.88000000000001,823.3333333333342,76.07142857142857,98.49953051643193,Within Expected
55,0,19.75,9.32,13,10.43,802.3076923076923,19.17142857142857,103.01788375558867,Within Expected
136,2,91.27,71.58,18,19.689999999999998,1093.8888888888887,90.71428571428571,100.61259842519685,Within Expected
101,1,43.79,31.34,12,12.45,1037.4999999999998,56.785714285714285,77.11446540880503,Below Expected
134,2,71.55,60.35,17,11.199999999999996,658.8235294117645,88.77142857142857,80.60025748310267,Below Expected
82,1,34.65,33.06,3,1.5899999999999963,529.9999999999987,39.614285714285714,87.46844572664983,Below Expected
171,2,123.22,107.11,15,16.11,1074.0,123.65714285714286,99.64648798521257,Within Expected
51,0,16.52,8.65,13,7.869999999999999,605.3846153846152,16.65714285714286,99.17667238421954,Within Expected
83,1,36.98,32.8,4,4.18,1045.0,40.457142857142856,91.40536723163841,Within Expected
117,1,70.74,54.39,17,16.349999999999994,961.7647058823526,72.15714285714286,98.03603246881805,Within Expected
52,0,17.23,9.76,14,7.470000000000001,533.5714285714286,17.285714285714285,99.67768595041323,Within Expected
103,1,46.32,43.17,3,3.1499999999999986,1049.9999999999995,58.642857142857146,78.98660170523752,Below Expected
48,0,12.49,7.18,21,5.3100000000000005,252.8571428571429,14.942857142857143,83.585086042065,Below Expected
169,2,85.93,82.54,5,3.3900000000000006,678.0000000000001,121.88571428571429,70.50046882325364,Below Expected
184,2,153.49,140.44,15,13.050000000000011,870.0000000000008,134.88571428571427,113.79262868036434,Above Expected
94,1,58.65,55.29,13,3.3599999999999994,258.4615384615384,50.285714285714285,116.63352272727272,Above Expected
58,0,22.07,8.89,17,13.18,775.2941176470588,21.2,104.10377358490565,Within Expected
55,0,17.74,8.11,21,9.629999999999999,458.5714285714285,19.17142857142857,92.53353204172876,Within Expected
66,0,35.02,31.34,6,3.6800000000000033,613.3333333333338,26.928571428571427,130.0477453580902,Above Expected
180,2,143.55,135.74,14,7.810000000000002,557.857142857143,131.48571428571427,109.17535853976534,Within Expected
66,0,27.14,15.35,15,11.790000000000001,786.0,26.928571428571427,100.78514588859417,Within Expected
162,2,141.74,118.98,20,22.760000000000005,1138.0000000000005,115.42857142857143,122.79455445544556,Above Expected
117,1,81.24,64.34,13,16.89999999999999,1299.9999999999993,72.15714285714286,112.58760641457137,Above Expected
165,2,93.94,90.81,4,3.1299999999999955,782.4999999999989,118.21428571428571,79.46586102719033,Below Expected
110,1,57.01,41.29,16,15.719999999999999,982.4999999999999,65.35714285714286,87.22841530054643,Below Expected
77,1,38.38,21.32,20,17.060000000000002,853.0000000000001,35.4,108.41807909604522,Within Expected
136,2,75.8,62.08,18,13.719999999999999,762.2222222222222,90.71428571428571,83.55905511811024,Below Expected
164,2,125.95,106.82,14,19.13000000000001,1366.4285714285722,117.28571428571429,107.38733252131547,Within Expected
172,2,128.88,126.54,3,2.339999999999989,779.9999999999964,124.54285714285714,103.4824501032347,Within Expected
36,0,11.52,10.53,3,0.9900000000000002,330.00000000000006,9.885714285714286,116.53179190751443,Above Expected
182,2,155.72,149.11,6,6.609999999999985,1101.6666666666642,133.2,116.90690690690693,Above Expected
188,2,140.16,136.36,5,3.799999999999983,759.9999999999966,138.25714285714284,101.37631742095476,Within Expected
112,1,63.68,59.49,4,4.189999999999998,1047.4999999999995,67.3,94.62109955423477,Within Expected
175,2,99.32,91.71,16,7.609999999999999,475.62499999999994,127.2,78.0817610062893,Below Expected
44,0,14.25,8.07,14,6.18,441.4285714285714,13.114285714285714,108.66013071895426,Within Expected
105,1,67.58,55.05,9,12.530000000000001,1392.2222222222222,60.5,111.70247933884296,Above Expected
172,2,112.8,105.56,8,7.239999999999995,904.9999999999993,124.54285714285714,90.5712319339298,Within Expected
184,2,155.98,151.39,5,4.590000000000003,918.0000000000007,134.88571428571427,115.63863588222833,Above Expected
92,1,44.72,38.1,12,6.619999999999997,551.6666666666664,48.42857142857143,92.34218289085545,Within Expected
138,2,91.57,80.55,11,11.019999999999996,1001.8181818181815,92.65714285714286,98.82670366944186,Within Expected
188,2,106.52,96.21,19,10.310000000000002,542.6315789473686,138.25714285714284,77.0448439760281,Below Expected
37,0,9.98,8.97,3,1.0099999999999998,336.66666666666663,10.27142857142857,97.16272600834493,Within Expected
191,2,135.49,124.05,17,11.440000000000012,672.941176470589,140.72857142857143,96.27753527560654,Within Expected
115,1,57.46,47.4,10,10.060000000000002,1006.0000000000002,70.21428571428571,81.83519837232961,Below Expected
191,2,144.85,141.67,4,3.180000000000007,795.0000000000017,140.72857142857143,102.9286366866308,Within Expected
48,0,16.16,9.78,12,6.380000000000001,531.6666666666667,14.942857142857143,108.1453154875717,Within Expected
165,2,128.88,115.05,16,13.829999999999998,864.3749999999999,118.21428571428571,109.02235649546827,Within Expected
134,2,92.77,84.77,6,8.0,1333.3333333333333,88.77142857142857,104.50434502735757,Within Expected
25,0,6.08,5.23,4,0.8499999999999996,212.49999999999991,6.7,90.74626865671641,Within Expected
150,2,118.44,113.3,5,5.140000000000001,1028.0,104.22857142857143,113.63486842105263,Above Expected
126,2,68.56,56.84,10,11.719999999999999,1172.0,81.0,84.64197530864197,Below Expected
167,2,121.47,112.77,11,8.700000000000003,790.9090909090911,120.07142857142857,101.16478286734088,Within Expected
40,0,12.29,7.11,14,5.179999999999999,369.99999999999994,11.428571428571429,107.5375,Within Expected
135,2,87.43,81.26,7,6.170000000000002,881.4285714285717,89.74285714285713,97.42279528812482,Within Expected
184,2,113.1,95.35,14,17.75,1267.857142857143,134.88571428571427,83.8487608557509,Below Expected
142,2,93.05,79.16,16,13.89,868.125,96.54285714285714,96.38206569991121,Within Expected
62,0,25.0,18.93,11,6.07,551.8181818181819,24.0,104.16666666666667,Within Expected
174,2,108.47,95.86,12,12.61,1050.8333333333333,126.31428571428572,85.8731056322099,Below Expected
173,2,117.8,115.27,3,2.530000000000001,843.3333333333337,125.42857142857143,93.91799544419133,Within Expected
194,2,149.0,142.8,11,6.199999999999989,563.6363636363626,143.17142857142858,104.07104370385152,Within Expected
70,1,30.57,20.09,16,10.48,655.0,29.9,102.24080267558529,Within Expected
63,0,25.95,19.25,13,6.699999999999999,515.3846153846154,24.7,105.06072874493928,Within Expected
153,2,72.31,46.87,21,25.440000000000005,1211.4285714285718,107.05714285714286,67.54336802775553,Below Expected
188,2,156.06,144.61,10,11.449999999999989,1144.9999999999989,138.25714285714284,112.87662740235587,Above Expected
50,0,15.24,5.37,19,9.870000000000001,519.4736842105265,16.02857142857143,95.08021390374331,Within Expected
101,1,54.34,40.23,17,14.110000000000007,830.0000000000005,56.785714285714285,95.6930817610063,Within Expected
125,1,75.13,56.55,16,18.58,1161.25,80.01428571428572,93.89573290483841,Within Expected
186,2,133.43,129.97,4,3.460000000000008,865.000000000002,136.57142857142856,97.6997907949791,Within Expected
151,2,81.09,72.54,12,8.549999999999997,712.4999999999998,105.17142857142858,77.10268948655256,Below Expected
183,2,119.09,112.47,6,6.6200000000000045,1103.3333333333342,134.04285714285714,88.8447191729724,Below Expected
135,2,83.71,64.75,20,18.959999999999994,947.9999999999998,89.74285714285713,93.27761859280484,Within Expected
160,2,115.44,108.76,6,6.679999999999993,1113.3333333333321,113.57142857142857,101.64528301886793,Within Expected
148,2,104.02,79.03,21,24.989999999999995,1189.9999999999998,102.34285714285714,101.63874930206589,Within Expected
67,0,25.7,21.16,8,4.539999999999999,567.4999999999999,27.67142857142857,92.87558079504387,Within Expected
179,2,155.99,140.59,19,15.400000000000006,810.526315789474,130.62857142857143,119.41491688538932,Above Expected
176,2,119.3,101.44,21,17.86,850.4761904761905,128.05714285714285,93.16153502900491,Within Expected
161,2,87.07,70.39,21,16.679999999999993,794.2857142857139,114.5,76.04366812227073,Below Expected
125,1,84.45,69.66,13,14.790000000000006,1137.6923076923083,80.01428571428572,105.54365291912158,Within Expected
172,2,108.5,100.98,10,7.519999999999996,751.9999999999995,124.54285714285714,87.11860518467537,Below Expected
78,1,39.21,27.27,11,11.940000000000001,1085.4545454545457,36.24285714285714,108.18683484430431,Within Expected
117,1,65.99,58.97,6,7.019999999999996,1169.9999999999993,72.15714285714286,91.45317758859632,Within Expected
149,2,117.16,112.54,4,4.61999999999999,1154.9999999999975,103.28571428571429,113.43291839557399,Above Expected
63,0,25.99,23.25,5,2.7399999999999984,547.9999999999997,24.7,105.22267206477733,Within Expected
158,2,102.13,88.32,12,13.810000000000002,1150.8333333333335,111.71428571428571,91.42071611253198,Within Expected
96,1,43.47,28.27,21,15.2,723.8095238095237,52.142857142857146,83.36712328767123,Below Expected
75,1,35.63,30.58,5,5.050000000000004,1010.0000000000009,33.82857142857143,105.32516891891892,Within Expected
87,1,47.29,31.97,15,15.32,1021.3333333333334,43.957142857142856,107.58206044848879,Within Expected
53,0,20.32,16.74,4,3.580000000000002,895.0000000000005,17.914285714285715,113.42902711323764,Above Expected
57,0,21.26,19.59,3,1.6700000000000017,556.6666666666672,20.5,103.70731707317074,Within Expected
192,2,162.77,161.05,3,1.7199999999999989,573.3333333333329,141.54285714285714,114.99697214372225,Above Expected
76,1,32.69,27.52,7,5.169999999999998,738.5714285714283,34.614285714285714,94.44077589764754,Within Expected
53,0,16.69,4.4,20,12.290000000000001,614.5,17.914285714285715,93.1658692185008,Within Expected
43,0,14.1,9.02,12,5.08,423.3333333333333,12.657142857142857,111.39954853273137,Above Expected
81,1,40.16,37.7,3,2.4599999999999937,819.999999999998,38.77142857142857,103.58142962417097,Within Expected
35,0,9.24,6.34,10,2.9000000000000004,290.00000000000006,9.5,97.26315789473684,Within Expected
154,2,127.16,114.35,19,12.810000000000002,674.2105263157896,108.0,117.74074074074075,Above Expected
132,2,84.09,62.41,17,21.680000000000007,1275.2941176470592,86.82857142857142,96.84600197433367,Within Expected
72,1,35.41,19.4,21,16.009999999999998,762.3809523809523,31.47142857142857,112.51475261007715,Above Expected
137,2,89.52,84.12,6,5.3999999999999915,899.9999999999986,91.68571428571428,97.6378934247429,Within Expected
159,2,118.98,115.09,6,3.8900000000000006,648.3333333333335,112.64285714285714,105.6258719086874,Within Expected
129,2,52.03,47.51,5,4.520000000000003,904.0000000000006,83.91428571428571,62.00374531835207,Below Expected
78,1,32.56,27.34,7,5.220000000000002,745.7142857142861,36.24285714285714,89.83839180134018,Below Expected
81,1,43.88,32.46,11,11.420000000000002,1038.1818181818182,38.77142857142857,113.17612380250553,Above Expected
54,0,18.47,12.22,10,6.249999999999998,624.9999999999998,18.542857142857144,99.6070878274268,Within Expected
129,2,89.38,77.93,11,11.449999999999989,1040.9090909090899,83.91428571428571,106.51344909771876,Within Expected
151,2,93.5,73.28,19,20.22,1064.2105263157896,105.17142857142858,88.90247215430588,Below Expected
181,2,128.58,123.65,5,4.930000000000007,986.0000000000014,132.34285714285713,97.15673575129536,Within Expected
49,0,14.32,10.03,12,4.290000000000001,357.5000000000001,15.4,92.98701298701299,Within Expected
39,0,10.82,9.71,4,1.1099999999999994,277.4999999999999,11.042857142857143,97.98188874514877,Within Expected
106,1,65.08,61.29,5,3.789999999999999,757.9999999999998,61.47142857142857,105.87032303044388,Within Expected
66,0,24.89,11.11,21,13.780000000000001,656.1904761904763,26.928571428571427,92.42970822281168,Within Expected
57,0,27.28,19.49,21,7.790000000000003,370.9523809523811,20.5,133.07317073170734,Above Expected
136,2,89.18,78.2,12,10.980000000000004,915.0000000000003,90.71428571428571,98.30866141732285,Within Expected
145,2,98.9,81.78,17,17.120000000000005,1007.058823529412,99.45714285714286,99.439816144786,Within Expected
124,1,83.99,57.23,21,26.759999999999998,1274.2857142857142,79.02857142857142,106.27801879971076,Within Expected
186,2,132.4,110.3,16,22.10000000000001,1381.2500000000005,136.57142857142856,96.94560669456068,Within Expected
111,1,53.8,42.0,12,11.799999999999997,983.333333333333,66.32857142857142,81.11135041998708,Below Expected
39,0,10.42,8.27,4,2.1500000000000004,537.5000000000001,11.042857142857143,94.35963777490298,Within Expected
138,2,74.35,67.25,9,7.099999999999994,788.8888888888883,92.65714285714286,80.24205982115325,Below Expected
74,1,31.91,26.1,7,5.809999999999999,829.9999999999999,33.042857142857144,96.57155209684393,Within Expected
104,1,56.74,48.44,11,8.300000000000004,754.545454545455,59.57142857142857,95.24700239808153,Within Expected
161,2,124.98,112.0,13,12.980000000000004,998.4615384615387,114.5,109.15283842794761,Within Expected
178,2,148.87,139.98,8,8.890000000000015,1111.2500000000018,129.77142857142857,114.71708498458828,Above Expected
55,0,18.53,6.47,14,12.060000000000002,861.4285714285716,19.17142857142857,96.65424739195232,Within Expected
166,2,95.68,84.94,9,10.740000000000009,1193.3333333333342,119.14285714285714,80.30695443645085,Below Expected
126,2,87.91,84.46,4,3.450000000000003,862.5000000000007,81.0,108.53086419753086,Within Expected
105,1,73.95,70.54,3,3.4099999999999966,1136.6666666666656,60.5,122.23140495867769,Above Expected
56,0,25.8,18.84,15,6.960000000000001,464.00000000000006,19.8,130.3030303030303,Above Expected
78,1,37.14,34.86,3,2.280000000000001,760.0000000000003,36.24285714285714,102.47536460386284,Within Expected
154,2,122.09,111.28,14,10.810000000000002,772.1428571428573,108.0,113.0462962962963,Above Expected
186,2,130.2,114.18,20,16.019999999999982,800.9999999999991,136.57142857142856,95.3347280334728,Within Expected
129,2,94.43,81.79,10,12.64,1264.0,83.91428571428571,112.53149472250597,Above Expected
120,1,69.25,55.1,15,14.149999999999999,943.3333333333333,75.08571428571427,92.22792998477931,Within Expected
54,0,18.47,12.77,13,5.699999999999999,438.4615384615384,18.542857142857144,99.6070878274268,Within Expected
164,2,119.24,109.65,12,9.58999999999999,799.1666666666658,117.28571428571429,101.66626065773445,Within Expected
67,0,23.24,15.54,13,7.699999999999999,592.3076923076922,27.67142857142857,83.98554465668559,Below Expected
40,0,11.63,5.54,13,6.090000000000001,468.46153846153857,11.428571428571429,101.7625,Within Expected
52,0,19.12,13.65,12,5.470000000000001,455.83333333333337,17.285714285714285,110.61157024793388,Above Expected
186,2,105.98,94.27,16,11.710000000000008,731.8750000000005,136.57142857142856,77.60041841004185,Below Expected
103,1,66.03,54.19,9,11.840000000000003,1315.555555555556,58.642857142857146,112.59683313032886,Above Expected
47,0,14.69,11.49,12,3.1999999999999993,266.66666666666663,14.485714285714286,101.41025641025641,Within Expected
171,2,121.3,110.04,19,11.259999999999991,592.631578947368,123.65714285714286,98.0938077634011,Within Expected
43,0,12.73,10.6,4,2.130000000000001,532.5000000000002,12.657142857142857,100.57562076749436,Within Expected
112,1,62.47,58.02,7,4.449999999999996,635.7142857142851,67.3,92.82317979197623,Within Expected
169,2,123.79,116.88,9,6.910000000000011,767.777777777779,121.88571428571429,101.56235349273324,Within Expected
60,0,22.0,10.89,17,11.11,653.5294117647059,22.6,97.34513274336283,Within Expected
152,2,120.65,99.82,20,20.830000000000013,1041.5000000000005,106.11428571428571,113.69816908993,Above Expected
112,1,73.98,52.24,17,21.740000000000002,1278.8235294117649,67.3,109.925705794948,Within Expected
115,1,84.16,80.26,5,3.8999999999999915,779.9999999999983,70.21428571428571,119.8616480162767,Above Expected
84,1,56.34,48.72,15,7.6200000000000045,508.00000000000034,41.3,136.4164648910412,Above Expected
176,2,122.83,105.13,18,17.700000000000003,983.3333333333335,128.05714285714285,95.91811691209283,Within Expected
157,2,75.08,66.67,11,8.409999999999997,764.5454545454542,110.78571428571429,67.77047066408768,Below Expected
160,2,133.49,120.15,13,13.340000000000003,1026.1538461538464,113.57142857142857,117.53836477987423,Above Expected
164,2,109.76,94.75,19,15.010000000000005,790.0000000000002,117.28571428571429,93.58343483556638,Within Expected
75,1,32.18,27.2,5,4.98,996.0000000000001,33.82857142857143,95.12668918918918,Within Expected
129,2,68.58,45.99,19,22.589999999999996,1188.9473684210525,83.91428571428571,81.72625127681307,Below Expected
48,0,15.65,6.83,16,8.82,551.25,14.942857142857143,104.73231357552581,Within Expected
54,0,16.54,12.16,7,4.379999999999999,625.7142857142856,18.542857142857144,89.19876733436054,Below Expected
101,1,59.0,39.08,20,19.92,996.0000000000001,56.785714285714285,103.8993710691824,Within Expected
188,2,143.33,133.58,10,9.75,975.0,138.25714285714284,103.66914651787562,Within Expected
123,1,73.2,69.67,3,3.530000000000001,1176.666666666667,78.04285714285714,93.79461834157057,Within Expected
152,2,112.34,101.41,10,10.930000000000007,1093.0000000000007,106.11428571428571,105.86698976844373,Within Expected
171,2,118.12,103.61,19,14.510000000000005,763.6842105263161,123.65714285714286,95.52218114602589,Within Expected
86,1,45.77,40.92,5,4.850000000000001,970.0000000000003,43.07142857142857,106.26533996683251,Within Expected
69,0,30.49,27.84,5,2.6499999999999986,529.9999999999997,29.157142857142855,104.57128858402744,Within Expected
191,2,153.0,149.05,6,3.9499999999999886,658.3333333333314,140.72857142857143,108.7199269109735,Within Expected
41,0,11.89,10.04,5,1.8500000000000014,370.0000000000003,11.814285714285713,100.64087061668683,Within Expected
104,1,61.33,54.76,10,6.57,657.0,59.57142857142857,102.95203836930456,Within Expected
123,1,72.9,67.75,8,5.150000000000006,643.7500000000007,78.04285714285714,93.41021416803954,Within Expected
40,0,9.67,7.98,5,1.6899999999999995,337.9999999999999,11.428571428571429,84.6125,Below Expected
57,0,20.3,13.9,12,6.4,533.3333333333334,20.5,99.02439024390245,Within Expected
111,1,59.77,47.13,18,12.64,702.2222222222223,66.32857142857142,90.1119965539522,Within Expected
174,2,117.36,111.51,10,5.849999999999994,584.9999999999994,126.31428571428572,92.91110608459624,Within Expected
160,2,104.07,88.16,16,15.909999999999997,994.3749999999998,113.57142857142857,91.63396226415094,Within Expected
170,2,144.19,135.76,8,8.430000000000007,1053.750000000001,122.77142857142857,117.44589248312775,Above Expected
195,2,103.31,95.7,15,7.609999999999999,507.3333333333333,143.9857142857143,71.75017362833614,Below Expected
153,2,84.68,70.98,17,13.700000000000003,805.8823529411766,107.05714285714286,79.09794502268481,Below Expected
53,0,16.6,5.4,19,11.200000000000001,589.4736842105264,17.914285714285715,92.6634768740032,Within Expected
85,1,38.01,18.61,16,19.4,1212.5,42.18571428571428,90.10159160176092,Within Expected
144,2,99.92,94.07,5,5.8500000000000085,1170.0000000000018,98.48571428571428,101.4563388453728,Within Expected
147,2,96.57,79.62,14,16.94999999999999,1210.7142857142849,101.4,95.23668639053253,Within Expected
106,1,69.59,65.02,7,4.570000000000007,652.8571428571439,61.47142857142857,113.2070648384848,Above Expected
146,2,103.33,97.04,6,6.289999999999992,1048.3333333333321,100.42857142857143,102.88904694167852,Within Expected
167,2,94.34,81.04,13,13.299999999999997,1023.0769230769228,120.07142857142857,78.56989886972042,Below Expected
120,1,71.27,57.5,10,13.769999999999996,1376.9999999999995,75.08571428571427,94.9181887366819,Within Expected
54,0,17.3,15.4,6,1.9000000000000004,316.6666666666667,18.542857142857144,93.29738058551618,Within Expected
153,2,119.25,113.79,7,5.459999999999994,779.9999999999991,107.05714285714286,111.38911128903122,Above Expected
165,2,98.35,92.58,8,5.769999999999996,721.2499999999995,118.21428571428571,83.1963746223565,Below Expected
190,2,148.59,142.26,8,6.3300000000000125,791.2500000000016,139.9142857142857,106.2007351439657,Within Expected
106,1,67.18,50.19,16,16.99000000000001,1061.8750000000005,61.47142857142857,109.28654427143856,Within Expected
190,2,145.28,132.81,19,12.469999999999999,656.3157894736842,139.9142857142857,103.83500102103329,Within Expected
42,0,12.04,3.21,21,8.829999999999998,420.47619047619037,12.2,98.68852459016392,Within Expected
153,2,93.91,81.27,9,12.64,1404.4444444444446,107.05714285714286,87.71950894048571,Below Expected
127,2,82.33,65.66,19,16.67,877.3684210526317,81.97142857142858,100.4374346462182,Within Expected
141,2,110.38,101.29,9,9.08999999999999,1009.9999999999989,95.57142857142857,115.49476831091181,Above Expected
167,2,117.5,103.07,16,14.430000000000007,901.8750000000005,120.07142857142857,97.85841760856633,Within Expected
64,0,22.19,16.6,13,5.59,430.0,25.442857142857143,87.21504772599663,Below Expected
100,1,61.24,42.63,20,18.61,930.5,55.857142857142854,109.63682864450128,Within Expected
117,1,75.54,64.3,11,11.240000000000009,1021.8181818181827,72.15714285714286,104.68818055830529,Within Expected
124,1,83.03,63.2,18,19.83,1101.6666666666665,79.02857142857142,105.06326825741144,Within Expected
135,2,78.75,70.73,7,8.019999999999996,1145.7142857142853,89.74285714285713,87.75071633237823,Below Expected
185,2,143.34,133.4,9,9.939999999999998,1104.4444444444441,135.72857142857143,105.6078307546574,Within Expected
76,1,44.55,40.05,6,4.5,750.0,34.614285714285714,128.70408584399505,Above Expected
70,1,26.6,15.54,18,11.060000000000002,614.4444444444446,29.9,88.96321070234114,Below Expected
147,2,112.37,108.39,4,3.980000000000004,995.000000000001,101.4,110.81854043392505,Above Expected
76,1,43.23,37.01,10,6.219999999999999,621.9999999999999,34.614285714285714,124.89063144861741,Above Expected
186,2,128.54,122.54,10,5.999999999999986,599.9999999999985,136.57142857142856,94.1192468619247,Within Expected
193,2,128.21,111.98,21,16.230000000000004,772.857142857143,142.35714285714286,90.06221776216759,Within Expected
173,2,106.02,101.06,7,4.959999999999994,708.5714285714276,125.42857142857143,84.5261958997722,Below Expected
149,2,86.15,64.1,20,22.05000000000001,1102.5000000000005,103.28571428571429,83.40940525587828,Below Expected
186,2,139.0,127.8,13,11.200000000000003,861.5384615384618,136.57142857142856,101.77824267782427,Within Expected
109,1,67.34,64.34,4,3.0,750.0,64.38571428571429,104.58841801641891,Within Expected
179,2,122.59,114.23,12,8.36,696.6666666666666,130.62857142857143,93.84623797025372,Within Expected
187,2,95.55,91.25,6,4.299999999999997,716.6666666666662,137.4142857142857,69.53425512007485,Below Expected
112,1,55.39,41.61,10,13.780000000000001,1378.0,67.3,82.3031203566122,Below Expected
194,2,128.59,118.79,19,9.799999999999997,515.7894736842104,143.17142857142858,89.81540610656555,Below Expected
166,2,115.02,112.65,4,2.3699999999999903,592.4999999999976,119.14285714285714,96.53956834532374,Within Expected
168,2,124.93,112.77,16,12.16000000000001,760.0000000000007,121.0,103.24793388429751,Within Expected
148,2,96.85,94.16,5,2.6899999999999977,537.9999999999995,102.34285714285714,94.63288665549972,Within Expected
171,2,102.65,98.96,5,3.690000000000012,738.0000000000024,123.65714285714286,83.01178373382625,Below Expected
147,2,102.04,93.33,7,8.710000000000008,1244.2857142857154,101.4,100.63116370808677,Within Expected
155,2,113.27,104.13,12,9.14,761.6666666666667,108.92857142857143,103.9855737704918,Within Expected
98,1,53.26,42.25,14,11.009999999999998,786.4285714285712,54.0,98.62962962962962,Within Expected
116,1,73.01,62.47,12,10.540000000000006,878.3333333333338,71.18571428571428,102.56271322496488,Within Expected
100,1,66.82,50.94,14,15.879999999999995,1134.285714285714,55.857142857142854,119.62659846547314,Above Expected
163,2,143.23,130.79,12,12.439999999999998,1036.6666666666665,116.35714285714286,123.0951503990178,Above Expected
75,1,34.07,27.45,9,6.620000000000001,735.5555555555557,33.82857142857143,100.71368243243244,Within Expected
174,2,95.46,85.46,8,10.0,1250.0,126.31428571428572,75.57339968332955,Below Expected
133,2,66.78,47.66,17,19.120000000000005,1124.7058823529414,87.8,76.05922551252847,Below Expected
104,1,70.92,62.86,6,8.060000000000002,1343.3333333333337,59.57142857142857,119.05035971223022,Above Expected
153,2,103.19,93.46,9,9.730000000000004,1081.1111111111115,107.05714285714286,96.3877768881772,Within Expected
125,1,90.19,83.45,15,6.739999999999995,449.333333333333,80.01428571428572,112.71737189787537,Above Expected
143,2,92.01,71.99,21,20.02000000000001,953.3333333333338,97.51428571428572,94.35540580134779,Within Expected
73,1,37.6,31.22,10,6.380000000000003,638.0000000000002,32.25714285714285,116.56333038086804,Above Expected
112,1,63.91,50.81,16,13.099999999999994,818.7499999999997,67.3,94.962852897474,Within Expected
98,1,64.07,41.95,19,22.11999999999999,1164.210526315789,54.0,118.64814814814812,Above Expected
176,2,135.13,121.55,19,13.579999999999998,714.7368421052631,128.05714285714285,105.52320392681838,Within Expected
154,2,113.26,110.75,4,2.510000000000005,627.5000000000013,108.0,104.87037037037037,Within Expected
185,2,153.87,140.83,12,13.039999999999992,1086.666666666666,135.72857142857143,113.36596147773919,Above Expected
46,0,15.01,13.66,3,1.3499999999999996,449.9999999999999,14.028571428571428,106.9959266802444,Within Expected
129,2,60.7,55.55,4,5.150000000000006,1287.5000000000014,83.91428571428571,72.33571671773919,Below Expected
85,1,43.73,35.09,9,8.639999999999993,959.9999999999993,42.18571428571428,103.66068405011852,Within Expected
56,0,17.48,14.96,4,2.5199999999999996,629.9999999999999,19.8,88.28282828282829,Below Expected
70,1,22.95,8.1,18,14.85,825.0,29.9,76.75585284280938,Below Expected
143,2,105.47,100.85,7,4.6200000000000045,660.0000000000007,97.51428571428572,108.15851157339583,Within Expected
180,2,107.62,96.89,19,10.730000000000004,564.7368421052633,131.48571428571427,81.84919600173839,Below Expected
163,2,107.45,93.56,18,13.89,771.6666666666667,116.35714285714286,92.34499693063228,Within Expected
140,2,90.38,77.08,11,13.299999999999997,1209.0909090909088,94.6,95.53911205073996,Within Expected
82,1,37.83,33.34,7,4.489999999999995,641.4285714285706,39.614285714285714,95.49585286693112,Within Expected
130,2,82.6,75.66,6,6.939999999999998,1156.6666666666663,84.88571428571429,97.30730393806797,Within Expected
112,1,50.27,38.56,13,11.71,900.7692307692308,67.3,74.69539375928679,Below Expected
65,0,27.37,18.48,11,8.89,808.1818181818182,26.185714285714283,104.5226404800873,Within Expected
84,1,40.64,36.15,9,4.490000000000002,498.8888888888891,41.3,98.40193704600485,Within Expected
180,2,138.45,122.64,19,15.809999999999988,832.1052631578941,131.48571428571427,105.29661016949152,Within Expected
182,2,100.51,96.11,5,4.400000000000006,880.0000000000011,133.2,75.45795795795797,Below Expected
63,0,20.81,12.9,10,7.909999999999998,790.9999999999998,24.7,84.25101214574899,Below Expected
158,2,115.04,101.35,13,13.690000000000012,1053.076923076924,111.71428571428571,102.9769820971867,Within Expected
106,1,50.76,36.23,17,14.530000000000001,854.7058823529412,61.47142857142857,82.57494771089937,Below Expected
108,1,74.92,56.51,16,18.410000000000004,1150.6250000000002,63.41428571428571,118.14372606442893,Above Expected
181,2,115.34,101.18,17,14.159999999999997,832.9411764705881,132.34285714285713,87.15241796200347,Below Expected
130,2,83.95,74.59,15,9.36,624.0,84.88571428571429,98.89767754964659,Within Expected
32,0,5.57,3.99,5,1.58,316.0,8.557142857142857,65.09181969949917,Below Expected
34,0,11.96,8.36,13,3.6000000000000014,276.9230769230771,9.185714285714287,130.20217729393468,Above Expected
148,2,103.94,84.27,18,19.67,1092.7777777777778,102.34285714285714,101.5605806811837,Within Expected
38,0,9.02,5.85,8,3.17,396.25,10.657142857142857,84.63806970509383,Below Expected
58,0,18.42,14.6,10,3.820000000000002,382.0000000000002,21.2,86.88679245283019,Below Expected
125,1,88.67,83.1,5,5.570000000000007,1114.0000000000014,80.01428571428572,110.81771112301375,Above Expected
126,2,88.27,73.85,20,14.420000000000002,721.0000000000001,81.0,108.97530864197532,Within Expected
76,1,35.71,25.79,17,9.920000000000002,583.529411764706,34.614285714285714,103.16549731737517,Within Expected
49,0,14.57,8.27,17,6.300000000000001,370.5882352941177,15.4,94.61038961038962,Within Expected
187,2,106.92,85.51,20,21.409999999999997,1070.4999999999998,137.4142857142857,77.80850400249506,Below Expected
122,1,67.78,60.3,6,7.480000000000004,1246.6666666666672,77.05714285714285,87.96069707081944,Below Expected
103,1,58.57,50.98,12,7.590000000000003,632.5000000000002,58.642857142857146,99.87576126674786,Within Expected
163,2,124.42,120.22,6,4.200000000000003,700.0000000000005,116.35714285714286,106.92940454266422,Within Expected
165,2,110.41,109.18,9,1.2299999999999898,136.66666666666552,118.21428571428571,93.39818731117825,Within Expected
46,0,15.19,10.49,10,4.699999999999999,469.99999999999994,14.028571428571428,108.27902240325867,Within Expected
187,2,129.48,122.11,6,7.36999999999999,1228.3333333333317,137.4142857142857,94.22601101985653,Within Expected
131,2,83.35,79.76,4,3.589999999999989,897.4999999999973,85.85714285714286,97.07986688851913,Within Expected
59,0,21.22,16.76,7,4.459999999999997,637.1428571428568,21.9,96.89497716894977,Within Expected
40,0,10.78,8.32,15,2.459999999999999,163.99999999999994,11.428571428571429,94.32499999999999,Within Expected
40,0,9.91,4.7,16,5.21,325.625,11.428571428571429,86.7125,Below Expected
57,0,22.02,14.92,13,7.1,546.1538461538461,20.5,107.41463414634147,Within Expected
91,1,49.23,40.57,12,8.659999999999997,721.6666666666664,47.5,103.64210526315789,Within Expected
68,0,31.49,23.83,14,7.66,547.1428571428571,28.414285714285715,110.82453494218198,Above Expected
136,2,81.61,71.88,8,9.730000000000004,1216.2500000000005,90.71428571428571,89.96377952755907,Below Expected
68,0,28.33,23.32,10,5.009999999999998,500.9999999999998,28.414285714285715,99.70336852689793,Within Expected
159,2,125.49,117.17,11,8.319999999999993,756.3636363636358,112.64285714285714,111.40519974635383,Above Expected
94,1,54.13,30.36,17,23.770000000000003,1398.2352941176473,50.285714285714285,107.64488636363636,Within Expected
76,1,34.61,28.58,8,6.030000000000001,753.7500000000001,34.614285714285714,99.98761865456046,Within Expected
102,1,63.47,61.3,3,2.1700000000000017,723.3333333333339,57.714285714285715,109.97277227722773,Within Expected
155,2,87.1,71.62,14,15.47999999999999,1105.7142857142849,108.92857142857143,79.96065573770491,Below Expected
130,2,93.78,84.38,9,9.400000000000006,1044.4444444444453,84.88571428571429,110.47795355099292,Above Expected
69,0,27.64,18.69,17,8.95,526.470588235294,29.157142857142855,94.79666829985302,Within Expected
186,2,137.8,120.02,17,17.780000000000015,1045.8823529411775,136.57142857142856,100.89958158995817,Within Expected
155,2,111.18,98.99,12,12.190000000000012,1015.8333333333343,108.92857142857143,102.06688524590164,Within Expected
48,0,16.79,15.76,3,1.0299999999999994,343.3333333333331,14.942857142857143,112.36137667304014,Above Expected
29,0,7.44,5.99,6,1.4500000000000002,241.66666666666669,7.614285714285714,97.7110694183865,Within Expected
187,2,99.75,95.34,4,4.409999999999997,1102.499999999999,137.4142857142857,72.59070589458364,Below Expected
40,0,10.16,8.51,5,1.6500000000000004,330.00000000000006,11.428571428571429,88.9,Below Expected
126,2,86.34,81.27,7,5.070000000000007,724.2857142857154,81.0,106.5925925925926,Within Expected
120,1,81.84,63.3,18,18.540000000000006,1030.0000000000002,75.08571428571427,108.99543378995435,Within Expected
72,1,26.06,19.41,9,6.649999999999999,738.8888888888887,31.47142857142857,82.80526554698139,Below Expected
190,2,86.94,76.79,15,10.149999999999991,676.6666666666661,139.9142857142857,62.138043700224635,Below Expected
169,2,116.54,103.67,16,12.870000000000005,804.3750000000002,121.88571428571429,95.61415846225974,Within Expected
176,2,145.68,141.01,6,4.670000000000016,778.333333333336,128.05714285714285,113.76171352074968,Above Expected
113,1,81.28,76.14,4,5.140000000000001,1285.0000000000002,68.27142857142857,119.05419543837623,Above Expected
50,0,15.02,8.8,15,6.219999999999999,414.6666666666666,16.02857142857143,93.70766488413547,Within Expected
189,2,135.27,115.15,19,20.120000000000005,1058.947368421053,139.1,97.24658519051044,Within Expected
121,1,72.0,68.35,4,3.6500000000000057,912.5000000000014,76.07142857142857,94.64788732394366,Within Expected
139,2,94.01,79.32,17,14.690000000000012,864.1176470588242,93.62857142857142,100.40738480317366,Within Expected
130,2,88.42,73.09,18,15.329999999999998,851.6666666666665,84.88571428571429,104.16358128576238,Within Expected
119,1,98.61,92.01,6,6.599999999999994,1099.999999999999,74.1,133.0769230769231,Above Expected
75,1,30.68,26.13,5,4.550000000000001,910.0000000000001,33.82857142857143,90.69256756756756,Within Expected
48,0,17.62,6.37,19,11.25,592.1052631578947,14.942857142857143,117.91586998087955,Above Expected
60,0,25.21,23.73,3,1.4800000000000004,493.3333333333335,22.6,111.54867256637169,Above Expected
185,2,118.93,111.08,7,7.8500000000000085,1121.4285714285725,135.72857142857143,87.62340806230924,Below Expected
177,2,146.3,134.27,9,12.030000000000001,1336.666666666667,128.9142857142857,113.48625886524823,Above Expected
111,1,54.89,41.65,12,13.240000000000002,1103.3333333333335,66.32857142857142,82.75468447124705,Below Expected
124,1,78.09,74.6,4,3.490000000000009,872.5000000000023,79.02857142857142,98.8123644251627,Within Expected
163,2,103.91,96.49,10,7.420000000000002,742.0000000000002,116.35714285714286,89.30263965623081,Below Expected
65,0,26.19,2.64,21,23.55,1121.4285714285713,26.185714285714283,100.01636661211131,Within Expected
189,2,151.39,145.93,6,5.4599999999999795,909.9999999999966,139.1,108.83537023723939,Within Expected
42,0,14.28,8.15,20,6.129999999999999,306.49999999999994,12.2,117.04918032786887,Above Expected
163,2,114.45,104.93,11,9.519999999999996,865.4545454545452,116.35714285714286,98.3609576427256,Within Expected
31,0,6.9,4.71,8,2.1900000000000004,273.75000000000006,8.242857142857144,83.70883882149046,Below Expected
68,0,29.61,15.86,15,13.75,916.6666666666666,28.414285714285715,104.2081447963801,Within Expected
130,2,85.46,70.23,14,15.22999999999999,1087.8571428571422,84.88571428571429,100.6765398855604,Within Expected
46,0,11.56,8.86,7,2.700000000000001,385.71428571428584,14.028571428571428,82.40325865580449,Below Expected
74,1,30.63,16.46,20,14.169999999999998,708.4999999999999,33.042857142857144,92.69779507133592,Within Expected
108,1,61.16,51.92,8,9.239999999999995,1154.9999999999993,63.41428571428571,96.44514530299617,Within Expected
96,1,36.02,29.03,12,6.990000000000002,582.5000000000001,52.142857142857146,69.07945205479452,Below Expected
65,0,25.25,18.11,11,7.140000000000001,649.0909090909091,26.185714285714283,96.4266230223677,Within Expected
127,2,90.95,74.5,17,16.450000000000003,967.6470588235295,81.97142857142858,110.953293830603,Above Expected
102,1,57.68,49.53,10,8.149999999999999,814.9999999999999,57.714285714285715,99.94059405940594,Within Expected
169,2,137.06,120.94,16,16.120000000000005,1007.5000000000002,121.88571428571429,112.44960150023442,Above Expected
109,1,50.87,40.63,14,10.239999999999995,731.4285714285711,64.38571428571429,79.00820945196361,Below Expected
93,1,54.87,41.43,14,13.439999999999998,959.9999999999999,49.357142857142854,111.16931982633864,Above Expected
196,2,160.89,155.11,8,5.779999999999973,722.4999999999966,144.8,111.11187845303864,Above Expected
158,2,140.54,137.79,4,2.75,687.5,111.71428571428571,125.80306905370844,Above Expected
42,0,10.0,6.11,13,3.8899999999999997,299.23076923076917,12.2,81.9672131147541,Below Expected
179,2,102.0,99.89,3,2.1099999999999994,703.3333333333331,130.62857142857143,78.08398950131233,Below Expected
135,2,92.35,77.21,13,15.14,1164.6153846153845,89.74285714285713,102.90512575612863,Within Expected
129,2,84.65,63.06,15,21.590000000000003,1439.3333333333335,83.91428571428571,100.87674497786858,Within Expected
56,0,18.54,7.16,16,11.379999999999999,711.2499999999999,19.8,93.63636363636363,Within Expected
133,2,95.99,85.75,19,10.239999999999995,538.9473684210524,87.8,109.32801822323461,Within Expected
187,2,143.03,137.28,9,5.75,638.8888888888888,137.4142857142857,104.08670339952178,Within Expected
192,2,157.67,149.06,9,8.609999999999985,956.666666666665,141.54285714285714,111.39382317319337,Above Expected
158,2,119.26,108.85,12,10.41000000000001,867.5000000000009,111.71428571428571,106.75447570332481,Within Expected
131,2,85.63,80.75,8,4.8799999999999955,609.9999999999994,85.85714285714286,99.73544093178036,Within Expected
163,2,79.87,71.16,9,8.710000000000008,967.7777777777786,116.35714285714286,68.64211172498466,Below Expected
77,1,32.16,27.54,6,4.619999999999997,769.9999999999995,35.4,90.84745762711863,Within Expected
174,2,146.95,134.24,21,12.70999999999998,605.2380952380943,126.31428571428572,116.33680162859082,Above Expected
140,2,78.63,65.23,13,13.399999999999991,1030.7692307692303,94.6,83.11839323467231,Below Expected
172,2,90.93,74.19,16,16.74000000000001,1046.2500000000005,124.54285714285714,73.01101169993119,Below Expected
70,1,30.4,19.36,18,11.04,613.3333333333333,29.9,101.67224080267559,Within Expected
101,1,52.76,32.03,15,20.729999999999997,1382.0,56.785714285714285,92.91069182389937,Within Expected
165,2,132.05,113.63,13,18.420000000000016,1416.923076923078,118.21428571428571,111.70392749244715,Above Expected
136,2,89.28,75.53,14,13.75,982.1428571428571,90.71428571428571,98.41889763779528,Within Expected
170,2,110.97,103.16,9,7.810000000000002,867.7777777777779,122.77142857142857,90.38747963695602,Within Expected
59,0,16.72,9.58,14,7.139999999999999,509.9999999999999,21.9,76.34703196347033,Below Expected
119,1,68.08,60.22,7,7.859999999999999,1122.8571428571427,74.1,91.87584345479083,Within Expected
143,2,110.33,100.29,10,10.039999999999992,1003.9999999999991,97.51428571428572,113.14239671842952,Above Expected
127,2,78.87,54.15,17,24.720000000000006,1454.1176470588239,81.97142857142858,96.21645172533984,Within Expected
77,1,39.62,35.15,8,4.469999999999999,558.7499999999999,35.4,111.92090395480226,Above Expected
161,2,144.38,131.33,12,13.049999999999983,1087.4999999999986,114.5,126.09606986899561,Above Expected
114,1,59.95,40.98,14,18.970000000000006,1355.0000000000005,69.24285714285713,86.57932741902209,Below Expected
140,2,91.22,88.86,3,2.3599999999999994,786.6666666666665,94.6,96.42706131078225,Within Expected
98,1,63.93,60.15,5,3.780000000000001,756.0000000000002,54.0,118.3888888888889,Above Expected
79,1,32.07,28.36,6,3.710000000000001,618.3333333333335,37.08571428571428,86.4753466872111,Below Expected
88,1,45.03,35.32,14,9.71,693.5714285714287,44.84285714285714,100.41733035998726,Within Expected
104,1,61.27,52.71,18,8.560000000000002,475.55555555555566,59.57142857142857,102.85131894484414,Within Expected
123,1,72.26,54.67,15,17.590000000000003,1172.666666666667,78.04285714285714,92.59015193117335,Within Expected
111,1,60.77,51.72,7,9.050000000000004,1292.8571428571433,66.32857142857142,91.61964247253933,Within Expected
155,2,135.73,126.51,11,9.219999999999985,838.1818181818168,108.92857142857143,124.60459016393442,Above Expected
43,0,16.55,13.91,6,2.6400000000000006,440.0000000000001,12.657142857142857,130.75620767494357,Above Expected
92,1,48.26,37.82,12,10.439999999999998,869.9999999999998,48.42857142857143,99.65191740412979,Within Expected
55,0,21.69,12.52,14,9.170000000000002,655.0000000000001,19.17142857142857,113.1371087928465,Above Expected
98,1,58.16,40.6,19,17.559999999999995,924.2105263157893,54.0,107.7037037037037,Within Expected
53,0,18.76,12.99,11,5.770000000000001,524.5454545454546,17.914285714285715,104.72089314194577,Within Expected
124,1,76.15,69.25,8,6.900000000000006,862.5000000000007,79.02857142857142,96.35755603759944,Within Expected
85,1,37.34,34.38,4,2.960000000000001,740.0000000000002,42.18571428571428,88.5133762275652,Below Expected
159,2,101.66,99.02,4,2.6400000000000006,660.0000000000001,112.64285714285714,90.24984147114775,Within Expected
181,2,129.97,116.51,13,13.459999999999994,1035.3846153846148,132.34285714285713,98.20703799654578,Within Expected
161,2,105.99,96.55,18,9.439999999999998,524.4444444444442,114.5,92.56768558951964,Within Expected
123,1,69.19,49.34,19,19.849999999999994,1044.736842105263,78.04285714285714,88.65641588870584,Below Expected
193,2,123.38,122.62,3,0.7599999999999909,253.3333333333303,142.35714285714286,86.66934269944807,Below Expected
195,2,160.41,152.28,8,8.129999999999995,1016.2499999999994,143.9857142857143,111.40688560373052,Above Expected
144,2,105.73,85.9,18,19.83,1101.6666666666665,98.48571428571428,107.35567159849144,Within Expected
84,1,40.59,20.92,16,19.67,1229.375,41.3,98.2808716707022,Within Expected
46,0,13.94,4.47,21,9.469999999999999,450.9523809523809,14.028571428571428,99.36863543788186,Within Expected
87,1,50.84,39.58,11,11.260000000000005,1023.6363636363641,43.957142857142856,115.65810854728633,Above Expected
99,1,50.63,45.96,5,4.670000000000002,934.0000000000003,54.92857142857143,92.1742522756827,Within Expected
102,1,60.43,35.75,16,24.68,1542.5,57.714285714285715,104.70544554455445,Within Expected
97,1,46.73,34.47,15,12.259999999999998,817.3333333333333,53.07142857142857,88.05114401076716,Below Expected
31,0,9.16,6.03,10,3.13,313.0,8.242857142857144,111.12651646447141,Above Expected
194,2,136.99,117.71,21,19.280000000000015,918.0952380952389,143.17142857142858,95.68249850329276,Within Expected
114,1,83.19,80.51,4,2.6799999999999926,669.9999999999982,69.24285714285713,120.1423560965546,Above Expected
182,2,112.54,101.52,15,11.02000000000001,734.6666666666673,133.2,84.4894894894895,Below Expected
171,2,113.68,107.92,10,5.760000000000005,576.0000000000005,123.65714285714286,91.93160813308688,Within Expected
123,1,68.87,62.56,6,6.310000000000002,1051.666666666667,78.04285714285714,88.24638477027274,Below Expected
67,0,37.53,24.24,21,13.290000000000003,632.857142857143,27.67142857142857,135.6272586473929,Above Expected
75,1,36.39,22.42,18,13.969999999999999,776.1111111111111,33.82857142857143,107.57179054054053,Within Expected
71,1,32.24,19.21,21,13.030000000000001,620.4761904761905,30.685714285714283,105.06517690875235,Within Expected
60,0,26.91,16.62,15,10.29,686.0,22.6,119.07079646017698,Above Expected
160,2,105.86,93.28,13,12.579999999999998,967.6923076923075,113.57142857142857,93.21006289308175,Within Expected
137,2,86.2,80.76,7,5.439999999999998,777.1428571428568,91.68571428571428,94.01682767217203,Within Expected
159,2,102.47,87.16,13,15.310000000000002,1177.6923076923078,112.64285714285714,90.96892834495878,Within Expected
190,2,98.22,85.08,11,13.14,1194.5454545454545,139.9142857142857,70.20012252399428,Below Expected
72,1,36.15,23.17,18,12.979999999999997,721.111111111111,31.47142857142857,114.8660916931457,Above Expected
106,1,50.89,32.01,14,18.880000000000003,1348.5714285714287,61.47142857142857,82.78642807343715,Below Expected
127,2,66.57,63.08,4,3.489999999999995,872.4999999999987,81.97142857142858,81.21122342279538,Below Expected
130,2,90.77,85.13,5,5.640000000000001,1128.0,84.88571428571429,106.93200942443622,Within Expected
169,2,112.15,102.39,10,9.760000000000005,976.0000000000006,121.88571428571429,92.01242381622129,Within Expected
186,2,111.11,103.5,7,7.609999999999999,1087.1428571428569,136.57142857142856,81.35669456066947,Below Expected
87,1,43.36,37.97,6,5.390000000000001,898.3333333333335,43.957142857142856,98.64153396165096,Within Expected
106,1,53.67,43.6,18,10.07,559.4444444444445,61.47142857142857,87.30885428770627,Below Expected
74,1,27.7,18.75,16,8.95,559.375,33.042857142857144,83.83052313013401,Below Expected
131,2,89.03,71.91,20,17.120000000000005,856.0000000000002,85.85714285714286,103.69550748752079,Within Expected
78,1,40.73,32.66,11,8.07,733.6363636363636,36.24285714285714,112.38076468269608,Above Expected
90,1,49.01,45.43,4,3.5799999999999983,894.9999999999995,46.614285714285714,105.13944223107569,Within Expected
64,0,26.91,23.51,5,3.3999999999999986,679.9999999999998,25.442857142857143,105.76642335766424,Within Expected
102,1,47.0,38.46,7,8.54,1220.0,57.714285714285715,81.43564356435643,Below Expected
85,1,33.21,25.71,11,7.5,681.8181818181818,42.18571428571428,78.72333220453777,Below Expected
87,1,39.76,37.14,4,2.6199999999999974,654.9999999999993,43.957142857142856,90.45173870653234,Within Expected
88,1,39.77,34.85,13,4.920000000000002,378.46153846153857,44.84285714285714,88.68748008920039,Below Expected
73,1,40.83,29.65,20,11.18,558.9999999999999,32.25714285714285,126.57661647475645,Above Expected
147,2,96.08,88.1,6,7.980000000000004,1330.0000000000007,101.4,94.75345167652858,Within Expected
84,1,35.81,22.01,15,13.8,920.0,41.3,86.70702179176757,Below Expected
179,2,138.89,132.47,10,6.4199999999999875,641.9999999999987,130.62857142857143,106.32436570428696,Within Expected
122,1,88.33,68.97,18,19.36,1075.5555555555557,77.05714285714285,114.6292176492399,Above Expected
148,2,101.62,79.81,18,21.810000000000002,1211.666666666667,102.34285714285714,99.29369067560023,Within Expected
148,2,95.38,78.32,15,17.060000000000002,1137.3333333333335,102.34285714285714,93.1965382467895,Within Expected
66,0,32.33,28.75,4,3.5799999999999983,894.9999999999995,26.928571428571427,120.05835543766578,Above Expected
141,2,93.27,84.24,9,9.030000000000001,1003.3333333333334,95.57142857142857,97.59192825112108,Within Expected
42,0,14.29,12.59,5,1.6999999999999993,339.9999999999999,12.2,117.13114754098362,Above Expected
66,0,26.02,8.18,21,17.84,849.5238095238095,26.928571428571427,96.62599469496021,Within Expected
97,1,53.86,39.29,19,14.57,766.8421052631579,53.07142857142857,101.48586810228804,Within Expected
138,2,84.77,80.63,10,4.140000000000001,414.00000000000006,92.65714285714286,91.48781991982732,Within Expected
108,1,67.62,51.65,18,15.970000000000006,887.2222222222226,63.41428571428571,106.63212435233163,Within Expected
170,2,140.44,133.55,10,6.889999999999986,688.9999999999986,122.77142857142857,114.39143588550151,Above Expected
78,1,32.89,21.72,17,11.170000000000002,657.0588235294119,36.24285714285714,90.74891604256997,Within Expected
111,1,57.08,48.44,11,8.64,785.4545454545455,66.32857142857142,86.05642903295283,Below Expected
36,0,9.82,6.63,15,3.1900000000000004,212.66666666666669,9.885714285714286,99.33526011560694,Within Expected
43,0,11.35,6.81,12,4.54,378.33333333333337,12.657142857142857,89.67268623024832,Below Expected
153,2,137.15,123.48,16,13.670000000000002,854.3750000000001,107.05714285714286,128.10915398985856,Above Expected
183,2,142.72,128.3,11,14.419999999999987,1310.9090909090896,134.04285714285714,106.47340935734839,Within Expected
154,2,103.99,88.33,15,15.659999999999997,1043.9999999999998,108.0,96.28703703703704,Within Expected
90,1,42.89,36.18,14,6.710000000000001,479.2857142857144,46.614285714285714,92.01041985902543,Within Expected
192,2,132.1,128.44,13,3.6599999999999966,281.5384615384613,141.54285714285714,93.32862333467904,Within Expected
186,2,147.55,133.8,17,13.75,808.8235294117648,136.57142857142856,108.03870292887032,Within Expected
65,0,30.49,13.76,16,16.729999999999997,1045.6249999999998,26.185714285714283,116.43753409710857,Above Expected
182,2,127.07,110.45,21,16.61999999999999,791.4285714285709,133.2,95.3978978978979,Within Expected
49,0,15.58,13.04,5,2.540000000000001,508.0000000000002,15.4,101.16883116883118,Within Expected
165,2,106.87,92.24,20,14.63000000000001,731.5000000000005,118.21428571428571,90.40362537764352,Within Expected
66,0,28.57,22.02,15,6.550000000000001,436.6666666666667,26.928571428571427,106.09549071618038,Within Expected
139,2,93.19,88.91,5,4.280000000000001,856.0000000000002,93.62857142857142,99.53158376563931,Within Expected
47,0,16.81,7.58,19,9.229999999999999,485.78947368421046,14.485714285714286,116.04536489151873,Above Expected
126,2,90.25,85.2,5,5.049999999999997,1009.9999999999993,81.0,111.41975308641976,Above Expected
106,1,58.31,40.71,17,17.6,1035.294117647059,61.47142857142857,94.85707645828492,Within Expected
113,1,54.81,42.57,14,12.240000000000002,874.2857142857144,68.27142857142857,80.28248587570623,Below Expected
132,2,84.18,75.8,8,8.38000000000001,1047.5000000000011,86.82857142857142,96.9496544916091,Within Expected
147,2,101.84,95.9,5,5.939999999999998,1187.9999999999995,101.4,100.43392504930966,Within Expected
83,1,41.38,35.94,9,5.440000000000005,604.444444444445,40.457142857142856,102.28107344632768,Within Expected
75,1,24.85,14.48,12,10.370000000000001,864.1666666666667,33.82857142857143,73.45861486486487,Below Expected
38,0,9.8,4.14,14,5.660000000000001,404.28571428571433,10.657142857142857,91.95710455764076,Within Expected
114,1,70.25,62.28,9,7.969999999999999,885.5555555555554,69.24285714285713,101.45450794305756,Within Expected
74,1,34.26,23.06,10,11.2,1119.9999999999998,33.042857142857144,103.6835278858625,Within Expected
87,1,51.72,42.41,8,9.310000000000002,1163.7500000000002,43.957142857142856,117.66005849853754,Above Expected
67,0,21.04,14.26,10,6.779999999999999,677.9999999999999,27.67142857142857,76.03510583376355,Below Expected
128,2,113.82,99.9,19,13.919999999999987,732.6315789473678,82.94285714285714,137.2270065449535,Above Expected
158,2,96.66,76.35,21,20.310000000000002,967.1428571428573,111.71428571428571,86.52429667519182,Below Expected
158,2,96.17,70.69,21,25.480000000000004,1213.3333333333335,111.71428571428571,86.08567774936063,Below Expected
171,2,115.85,109.26,7,6.589999999999989,941.4285714285699,123.65714285714286,93.68646025878003,Within Expected
67,0,27.86,16.91,21,10.95,521.4285714285713,27.67142857142857,100.6814661848219,Within Expected
111,1,69.85,54.28,17,15.569999999999993,915.882352941176,66.32857142857142,105.30906741331036,Within Expected
173,2,88.1,68.59,20,19.50999999999999,975.4999999999995,125.42857142857143,70.23917995444191,Below Expected
181,2,107.42,104.14,6,3.280000000000001,546.6666666666669,132.34285714285713,81.16796200345424,Below Expected
137,2,105.68,91.3,11,14.38000000000001,1307.2727272727282,91.68571428571428,115.2633219071362,Above Expected
104,1,61.13,51.98,9,9.150000000000006,1016.6666666666673,59.57142857142857,102.61630695443647,Within Expected
115,1,71.65,52.6,19,19.050000000000004,1002.6315789473686,70.21428571428571,102.0447609359105,Within Expected
174,2,116.93,92.34,21,24.590000000000003,1170.9523809523812,126.31428571428572,92.57068536530197,Within Expected
172,2,152.22,131.94,19,20.28,1067.3684210526317,124.54285714285714,122.22298692360634,Above Expected
173,2,106.16,103.16,5,3.0,600.0,125.42857142857143,84.6378132118451,Below Expected
145,2,110.81,96.48,16,14.329999999999998,895.6249999999999,99.45714285714286,111.41482332663028,Above Expected
177,2,132.63,129.12,6,3.509999999999991,584.9999999999985,128.9142857142857,102.88231382978724,Within Expected
158,2,120.61,111.7,8,8.909999999999997,1113.7499999999995,111.71428571428571,107.96291560102303,Within Expected
194,2,172.96,159.49,13,13.469999999999999,1036.153846153846,143.17142857142858,120.80622630213531,Above Expected
176,2,106.82,86.49,20,20.33,1016.5,128.05714285714285,83.41588576528336,Below Expected
38,0,9.77,6.83,8,2.9399999999999995,367.49999999999994,10.657142857142857,91.67560321715817,Within Expected
108,1,69.94,66.08,4,3.8599999999999994,964.9999999999999,63.41428571428571,110.29060599234062,Above Expected
130,2,75.99,61.24,14,14.749999999999993,1053.5714285714282,84.88571428571429,89.52036351396836,Below Expected
160,2,146.7,142.47,3,4.22999999999999,1409.9999999999966,113.57142857142857,129.16981132075472,Above Expected
193,2,117.47,112.4,9,5.069999999999993,563.3333333333326,142.35714285714286,82.5178123432012,Below Expected
135,2,83.45,69.34,20,14.11,705.5,89.74285714285713,92.98790194205668,Within Expected
86,1,45.6,41.4,5,4.200000000000003,840.0000000000006,43.07142857142857,105.87064676616916,Within Expected
93,1,47.07,34.18,15,12.89,859.3333333333334,49.357142857142854,95.36613603473228,Within Expected
126,2,83.96,79.94,7,4.019999999999996,574.2857142857138,81.0,103.6543209876543,Within Expected
102,1,55.0,46.66,12,8.340000000000003,695.0000000000002,57.714285714285715,95.29702970297029,Within Expected
52,0,19.88,13.54,10,6.34,634.0,17.285714285714285,115.00826446280992,Above Expected
171,2,109.24,107.45,3,1.789999999999992,596.666666666664,123.65714285714286,88.34103512014786,Below Expected
115,1,70.33,64.46,6,5.8700000000000045,978.333333333334,70.21428571428571,100.16480162767041,Within Expected
191,2,156.79,144.03,14,12.759999999999991,911.4285714285708,140.72857142857143,111.41305451223225,Above Expected
166,2,120.83,111.0,9,9.829999999999998,1092.222222222222,119.14285714285714,101.41606714628297,Within Expected
123,1,83.94,67.53,18,16.409999999999997,911.6666666666665,78.04285714285714,107.55628775398132,Within Expected
58,0,21.08,16.37,7,4.709999999999997,672.8571428571424,21.2,99.43396226415095,Within Expected
55,0,21.89,11.36,13,10.530000000000001,810.0,19.17142857142857,114.18032786885246,Above Expected
139,2,79.4,68.41,17,10.990000000000009,646.4705882352947,93.62857142857142,84.80317363442175,Below Expected
168,2,130.25,127.22,3,3.030000000000001,1010.0000000000005,121.0,107.64462809917354,Within Expected
175,2,117.8,111.11,15,6.689999999999998,445.99999999999983,127.2,92.61006289308176,Within Expected
106,1,74.69,69.65,5,5.039999999999992,1007.9999999999984,61.47142857142857,121.50360213804323,Above Expected
184,2,150.75,148.72,3,2.030000000000001,676.6666666666671,134.88571428571427,111.76127938995977,Above Expected
108,1,67.64,53.04,20,14.600000000000001,730.0000000000001,63.41428571428571,106.66366298715928,Within Expected
158,2,130.53,127.15,4,3.3799999999999955,844.9999999999989,111.71428571428571,116.84271099744245,Above Expected
46,0,14.34,9.3,14,5.039999999999999,359.99999999999994,14.028571428571428,102.21995926680245,Within Expected
71,1,27.33,12.18,20,15.149999999999999,757.5,30.685714285714283,89.06424581005587,Below Expected
37,0,10.23,8.46,9,1.7699999999999996,196.66666666666663,10.27142857142857,99.59666203059807,Within Expected
193,2,142.73,125.35,20,17.379999999999995,868.9999999999998,142.35714285714286,100.26191670847966,Within Expected
143,2,90.86,72.89,20,17.97,898.5,97.51428571428572,93.17609141517725,Within Expected
73,1,33.07,18.79,18,14.280000000000001,793.3333333333335,32.25714285714285,102.51992914083262,Within Expected
136,2,99.52,87.23,17,12.289999999999992,722.9411764705877,90.71428571428571,109.70708661417324,Within Expected
96,1,56.22,40.53,20,15.689999999999998,784.4999999999999,52.142857142857146,107.81917808219177,Within Expected
159,2,87.82,83.93,4,3.8899999999999864,972.4999999999966,112.64285714285714,77.96322130627775,Below Expected
98,1,49.72,38.52,11,11.199999999999996,1018.1818181818179,54.0,92.07407407407408,Within Expected
170,2,128.73,119.48,14,9.249999999999986,660.7142857142846,122.77142857142857,104.85338608331394,Within Expected
168,2,115.47,99.79,19,15.679999999999993,825.2631578947364,121.0,95.4297520661157,Within Expected
82,1,31.06,20.7,7,10.36,1480.0,39.614285714285714,78.40605842048322,Below Expected
66,0,29.05,11.38,18,17.67,981.6666666666667,26.928571428571427,107.87798408488065,Within Expected
81,1,32.58,25.84,8,6.739999999999998,842.4999999999998,38.77142857142857,84.03095062638172,Below Expected
124,1,75.63,68.7,5,6.929999999999993,1385.9999999999986,79.02857142857142,95.6995661605206,Within Expected
98,1,48.21,42.86,4,5.350000000000001,1337.5000000000005,54.0,89.27777777777777,Below Expected
130,2,75.02,54.63,19,20.389999999999993,1073.1578947368419,84.88571428571429,88.37765062268595,Below Expected
173,2,81.14,78.19,5,2.950000000000003,590.0000000000006,125.42857142857143,64.69020501138952,Below Expected
44,0,13.67,1.85,21,11.82,562.8571428571429,13.114285714285714,104.23747276688454,Within Expected
160,2,112.76,109.19,4,3.5700000000000074,892.5000000000018,113.57142857142857,99.28553459119497,Within Expected
117,1,74.13,63.62,15,10.509999999999998,700.6666666666665,72.15714285714286,102.73411205701841,Within Expected
156,2,116.63,107.59,10,9.039999999999992,903.9999999999992,109.85714285714286,106.16514954486345,Within Expected
148,2,98.32,93.96,8,4.359999999999999,544.9999999999999,102.34285714285714,96.06923506420993,Within Expected
38,0,10.41,9.46,3,0.9499999999999993,316.6666666666664,10.657142857142857,97.6809651474531,Within Expected
81,1,41.6,26.76,21,14.84,706.6666666666666,38.77142857142857,107.2955047899779,Within Expected
186,2,149.97,133.96,18,16.00999999999999,889.4444444444439,136.57142857142856,109.81066945606696,Within Expected
47,0,12.34,6.85,15,5.49,366.0,14.485714285714286,85.18737672583826,Below Expected
190,2,170.6,164.27,8,6.329999999999984,791.249999999998,139.9142857142857,121.93179497651623,Above Expected
181,2,169.46,162.37,9,7.090000000000003,787.7777777777782,132.34285714285713,128.04620034542316,Above Expected
177,2,122.09,106.47,20,15.620000000000005,781.0000000000002,128.9142857142857,94.70633865248227,Within Expected
62,0,18.78,2.21,21,16.57,789.0476190476192,24.0,78.25000000000001,Below Expected
163,2,107.94,97.77,12,10.170000000000002,847.5000000000001,116.35714285714286,92.76611418047882,Within Expected
135,2,84.48,74.87,10,9.61,961.0,89.74285714285713,94.13562559694367,Within Expected
171,2,158.73,138.37,18,20.359999999999985,1131.1111111111104,123.65714285714286,128.3629852125693,Above Expected
84,1,38.92,23.68,15,15.240000000000002,1016.0000000000002,41.3,94.23728813559323,Within Expected
167,2,121.93,115.57,8,6.360000000000014,795.0000000000017,120.07142857142857,101.54788816180846,Within Expected
35,0,11.58,7.43,13,4.15,319.2307692307693,9.5,121.89473684210526,Above Expected
117,1,73.09,61.3,12,11.790000000000006,982.5000000000005,72.15714285714286,101.29281330429617,Within Expected
45,0,12.26,5.7,13,6.56,504.6153846153846,13.571428571428571,90.33684210526316,Within Expected
99,1,71.11,67.01,4,4.099999999999994,1024.9999999999986,54.92857142857143,129.45903771131339,Above Expected
36,0,11.04,9.79,5,1.25,250.0,9.885714285714286,111.67630057803466,Above Expected
69,0,33.09,18.38,16,14.710000000000004,919.3750000000002,29.157142857142855,113.48848603625676,Above Expected
67,0,25.52,18.57,11,6.949999999999999,631.8181818181818,27.67142857142857,92.22509034589571,Within Expected
135,2,76.73,67.86,8,8.870000000000005,1108.7500000000005,89.74285714285713,85.49984081502707,Below Expected
188,2,148.35,132.63,18,15.719999999999999,873.3333333333333,138.25714285714284,107.30006199628023,Within Expected
186,2,146.78,138.85,11,7.930000000000007,720.9090909090914,136.57142857142856,107.47489539748956,Within Expected
100,1,53.45,42.27,12,11.18,931.6666666666666,55.857142857142854,95.69053708439898,Within Expected
88,1,43.8,38.53,7,5.269999999999996,752.8571428571423,44.84285714285714,97.67441860465115,Within Expected
62,0,20.78,15.45,7,5.330000000000002,761.4285714285717,24.0,86.58333333333333,Below Expected
94,1,42.11,38.56,4,3.549999999999997,887.4999999999993,50.285714285714285,83.74147727272727,Below Expected
183,2,146.52,135.59,10,10.930000000000007,1093.0000000000007,134.04285714285714,109.30832356389215,Within Expected
161,2,107.12,87.37,16,19.75,1234.375,114.5,93.55458515283843,Within Expected
141,2,92.25,71.4,19,20.849999999999994,1097.3684210526312,95.57142857142857,96.52466367713005,Within Expected
46,0,13.62,9.72,10,3.8999999999999986,389.99999999999983,14.028571428571428,97.08757637474541,Within Expected
137,2,94.03,90.08,8,3.950000000000003,493.75000000000034,91.68571428571428,102.55687129947025,Within Expected
145,2,76.64,60.18,19,16.46,866.3157894736843,99.45714285714286,77.05831657569664,Below Expected
138,2,88.71,65.78,20,22.929999999999993,1146.4999999999995,92.65714285714286,95.7400555041628,Within Expected
161,2,82.41,70.33,10,12.079999999999998,1207.9999999999998,114.5,71.97379912663754,Below Expected
155,2,100.87,98.36,3,2.510000000000005,836.6666666666683,108.92857142857143,92.60196721311476,Within Expected
60,0,23.24,12.41,14,10.829999999999998,773.5714285714284,22.6,102.83185840707962,Within Expected
178,2,114.5,96.32,20,18.180000000000007,909.0000000000003,129.77142857142857,88.23205636283575,Below Expected
185,2,154.98,146.73,8,8.25,1031.25,135.72857142857143,114.18377012946006,Above Expected
188,2,154.87,147.27,7,7.599999999999994,1085.7142857142849,138.25714285714284,112.01591237859063,Above Expected
33,0,8.47,4.9,10,3.5700000000000003,357.00000000000006,8.871428571428572,95.47504025764896,Within Expected
161,2,120.81,104.26,21,16.549999999999997,788.095238095238,114.5,105.5109170305677,Within Expected
127,2,84.83,69.56,15,15.269999999999996,1017.9999999999998,81.97142857142858,103.48727779714186,Within Expected
136,2,96.99,80.96,14,16.03,1145.0,90.71428571428571,106.91811023622047,Within Expected
56,0,19.68,13.57,11,6.109999999999999,555.4545454545454,19.8,99.39393939393939,Within Expected
160,2,107.43,101.28,5,6.150000000000006,1230.0000000000011,113.57142857142857,94.59245283018869,Within Expected
146,2,113.31,111.11,3,2.200000000000003,733.3333333333343,100.42857142857143,112.82645803698435,Above Expected
133,2,80.78,64.67,15,16.11,1074.0,87.8,92.00455580865604,Within Expected
28,0,5.68,5.04,4,0.6399999999999997,159.99999999999991,7.3,77.8082191780822,Below Expected
125,1,71.59,68.46,3,3.1300000000000097,1043.3333333333367,80.01428571428572,89.47152294233173,Below Expected
129,2,64.79,57.68,6,7.1100000000000065,1185.0000000000011,83.91428571428571,77.20973782771536,Below Expected
98,1,53.72,47.25,7,6.469999999999999,924.2857142857141,54.0,99.48148148148148,Within Expected
33,0,7.68,5.47,6,2.21,368.33333333333337,8.871428571428572,86.57004830917873,Below Expected
66,0,28.19,18.81,15,9.380000000000003,625.3333333333335,26.928571428571427,104.68435013262601,Within Expected
40,0,11.68,4.4,18,7.279999999999999,404.4444444444444,11.428571428571429,102.2,Within Expected
179,2,142.64,133.81,8,8.829999999999984,1103.749999999998,130.62857142857143,109.19510061242343,Within Expected
187,2,143.14,137.76,6,5.3799999999999955,896.666666666666,137.4142857142857,104.16675330075891,Within Expected
188,2,130.5,112.38,19,18.120000000000005,953.6842105263161,138.25714285714284,94.38933663980163,Within Expected
101,1,59.44,54.89,7,4.549999999999997,649.9999999999995,56.785714285714285,104.67421383647799,Within Expected
55,0,20.72,13.26,15,7.459999999999999,497.3333333333333,19.17142857142857,108.0774962742176,Within Expected
186,2,112.08,95.98,20,16.099999999999994,804.9999999999998,136.57142857142856,82.06694560669457,Below Expected
180,2,122.41,118.16,4,4.25,1062.5,131.48571428571427,93.09756627553239,Within Expected
116,1,67.6,56.65,10,10.949999999999996,1094.9999999999995,71.18571428571428,94.96287377082079,Within Expected
180,2,160.02,151.12,9,8.900000000000006,988.8888888888895,131.48571428571427,121.7014341590613,Above Expected
178,2,125.42,109.63,16,15.790000000000006,986.8750000000003,129.77142857142857,96.64685160722148,Within Expected
146,2,99.24,87.21,16,12.030000000000001,751.8750000000001,100.42857142857143,98.81650071123754,Within Expected
190,2,132.22,125.17,8,7.049999999999997,881.2499999999997,139.9142857142857,94.50071472329998,Within Expected
134,2,83.12,61.4,19,21.720000000000006,1143.1578947368423,88.77142857142857,93.63373028644996,Within Expected
110,1,60.28,53.18,6,7.100000000000001,1183.3333333333335,65.35714285714286,92.23169398907103,Within Expected
104,1,50.08,36.94,21,13.14,625.7142857142858,59.57142857142857,84.06714628297362,Below Expected
35,0,9.46,4.6,12,4.860000000000001,405.00000000000006,9.5,99.57894736842107,Within Expected
99,1,60.29,48.06,9,12.229999999999997,1358.8888888888887,54.92857142857143,109.76072821846554,Within Expected
91,1,54.35,42.93,15,11.420000000000002,761.3333333333334,47.5,114.42105263157896,Above Expected
158,2,107.23,89.96,19,17.27000000000001,908.9473684210532,111.71428571428571,95.98593350383634,Within Expected
131,2,85.85,80.75,7,5.099999999999994,728.5714285714278,85.85714285714286,99.99168053244591,Within Expected
148,2,92.24,85.29,7,6.949999999999989,992.8571428571412,102.34285714285714,90.1284198771636,Within Expected
39,0,9.71,8.22,3,1.4900000000000002,496.66666666666674,11.042857142857143,87.93014230271669,Below Expected
174,2,132.12,123.14,7,8.980000000000004,1282.8571428571433,126.31428571428572,104.59624519339516,Within Expected
110,1,72.1,53.65,18,18.449999999999996,1024.9999999999998,65.35714285714286,110.31693989071036,Above Expected
136,2,83.55,74.71,6,8.840000000000003,1473.333333333334,90.71428571428571,92.10236220472441,Within Expected
137,2,102.29,94.88,9,7.410000000000011,823.3333333333346,91.68571428571428,111.56590838267375,Above Expected
172,2,118.58,108.33,8,10.25,1281.25,124.54285714285714,95.21220463409038,Within Expected
60,0,25.3,22.1,4,3.1999999999999993,799.9999999999998,22.6,111.94690265486724,Above Expected
101,1,60.38,41.13,15,19.25,1283.3333333333335,56.785714285714285,106.32955974842768,Within Expected
46,0,12.5,4.58,14,7.92,565.7142857142858,14.028571428571428,89.10386965376782,Below Expected
169,2,121.42,109.37,15,12.049999999999997,803.3333333333331,121.88571428571429,99.6179090482888,Within Expected
37,0,10.51,3.24,14,7.27,519.2857142857142,10.27142857142857,102.32267037552157,Within Expected
171,2,171.29,163.47,9,7.819999999999993,868.8888888888881,123.65714285714286,138.52010166358596,Above Expected
192,2,139.62,132.9,8,6.719999999999999,839.9999999999999,141.54285714285714,98.64150181671377,Within Expected
117,1,86.32,77.11,12,9.209999999999994,767.4999999999995,72.15714285714286,119.62779647594535,Above Expected
43,0,13.67,11.01,5,2.66,532.0,12.657142857142857,108.00225733634312,Within Expected
62,0,19.64,5.06,21,14.580000000000002,694.2857142857144,24.0,81.83333333333334,Below Expected
51,0,15.62,12.08,6,3.539999999999999,589.9999999999999,16.65714285714286,93.77358490566037,Within Expected
162,2,115.58,103.35,14,12.230000000000004,873.5714285714289,115.42857142857143,100.13118811881188,Within Expected
173,2,128.36,115.98,13,12.38000000000001,952.3076923076931,125.42857142857143,102.33712984054671,Within Expected
99,1,53.09,41.39,17,11.700000000000003,688.2352941176473,54.92857142857143,96.65279583875163,Within Expected
129,2,72.57,67.9,6,4.6699999999999875,778.3333333333312,83.91428571428571,86.48110316649642,Below Expected
100,1,53.49,36.77,18,16.72,928.8888888888889,55.857142857142854,95.76214833759592,Within Expected
155,2,105.16,93.32,12,11.840000000000003,986.666666666667,108.92857142857143,96.54032786885244,Within Expected
71,1,27.66,17.91,9,9.75,1083.3333333333333,30.685714285714283,90.13966480446928,Within Expected
131,2,93.76,91.2,3,2.5600000000000023,853.333333333334,85.85714285714286,109.20465890183029,Within Expected
120,1,67.3,63.21,8,4.089999999999996,511.24999999999955,75.08571428571427,89.630898021309,Below Expected
71,1,32.45,21.11,13,11.340000000000003,872.3076923076926,30.685714285714283,105.74953445065178,Within Expected
46,0,12.61,8.9,7,3.709999999999999,529.9999999999999,14.028571428571428,89.88798370672097,Below Expected
151,2,96.14,91.81,6,4.329999999999998,721.6666666666664,105.17142857142858,91.41265960336864,Within Expected
144,2,94.7,81.22,13,13.480000000000004,1036.9230769230774,98.48571428571428,96.15607774876706,Within Expected
130,2,76.05,69.56,6,6.489999999999995,1081.6666666666658,84.88571428571429,89.59104678559407,Below Expected
89,1,39.61,36.66,3,2.950000000000003,983.3333333333343,45.72857142857143,86.61980631052796,Below Expected
37,0,11.33,9.92,5,1.4100000000000001,282.0,10.27142857142857,110.30598052851184,Above Expected
60,0,25.14,23.11,3,2.030000000000001,676.6666666666671,22.6,111.23893805309734,Above Expected
129,2,89.28,83.64,4,5.640000000000001,1410.0000000000002,83.91428571428571,106.39427987742596,Within Expected
147,2,79.35,62.04,14,17.309999999999995,1236.4285714285709,101.4,78.25443786982248,Below Expected
191,2,145.18,130.61,21,14.569999999999993,693.8095238095234,140.72857142857143,103.16313064663487,Within Expected
153,2,92.4,86.47,4,5.930000000000007,1482.5000000000018,107.05714285714286,86.30904723779024,Below Expected
52,0,14.23,9.56,12,4.67,389.1666666666667,17.285714285714285,82.3223140495868,Below Expected
69,0,33.67,27.01,9,6.66,740.0,29.157142857142855,115.47770700636943,Above Expected
135,2,89.77,71.65,15,18.11999999999999,1207.9999999999993,89.74285714285713,100.03024514485833,Within Expected
64,0,26.42,13.64,17,12.780000000000001,751.764705882353,25.442857142857143,103.84053902302077,Within Expected
75,1,30.65,27.06,5,3.59,718.0,33.82857142857143,90.60388513513513,Within Expected
127,2,96.77,81.67,15,15.099999999999994,1006.6666666666664,81.97142857142858,118.05332868595329,Above Expected
29,0,7.92,6.92,5,1.0,200.0,7.614285714285714,104.01500938086305,Within Expected
68,0,34.01,31.96,3,2.049999999999997,683.3333333333323,28.414285714285715,119.69331322272498,Above Expected
159,2,103.2,93.36,8,9.840000000000003,1230.0000000000005,112.64285714285714,91.61699429296132,Within Expected
172,2,123.38,107.69,14,15.689999999999998,1120.7142857142856,124.54285714285714,99.06629961000229,Within Expected
136,2,100.95,99.04,4,1.9099999999999966,477.49999999999915,90.71428571428571,111.28346456692914,Above Expected
43,0,12.5,0.87,18,11.63,646.1111111111112,12.657142857142857,98.75846501128669,Within Expected
156,2,112.24,94.0,15,18.239999999999995,1215.9999999999998,109.85714285714286,102.16905071521455,Within Expected
124,1,47.87,18.46,21,29.409999999999997,1400.4761904761901,79.02857142857142,60.573029645697765,Below Expected
57,0,19.31,9.7,15,9.61,640.6666666666666,20.5,94.1951219512195,Within Expected
107,1,61.39,57.46,4,3.9299999999999997,982.4999999999999,62.44285714285714,98.31388698238389,Within Expected
90,1,39.08,18.17,21,20.909999999999997,995.7142857142856,46.614285714285714,83.83695985289611,Below Expected
187,2,165.34,155.35,11,9.990000000000009,908.1818181818189,137.4142857142857,120.32227882316249,Above Expected
39,0,8.89,5.94,9,2.95,327.77777777777777,11.042857142857143,80.50452781371281,Below Expected
46,0,16.14,15.2,3,0.9400000000000013,313.33333333333377,14.028571428571428,115.050916496945,Above Expected
62,0,22.45,12.48,18,9.969999999999999,553.8888888888889,24.0,93.54166666666667,Within Expected
74,1,28.98,21.34,9,7.640000000000001,848.8888888888889,33.042857142857144,87.70428015564202,Below Expected
189,2,139.3,130.28,10,9.02000000000001,902.000000000001,139.1,100.14378145219267,Within Expected
196,2,155.97,140.54,18,15.430000000000007,857.2222222222225,144.8,107.71408839779004,Within Expected
133,2,86.28,72.6,15,13.680000000000007,912.0000000000005,87.8,98.26879271070615,Within Expected
116,1,72.07,66.6,8,5.469999999999999,683.7499999999999,71.18571428571428,101.24222356010435,Within Expected
133,2,79.86,58.98,21,20.880000000000003,994.2857142857144,87.8,90.95671981776765,Within Expected
178,2,124.01,105.4,20,18.61,930.5,129.77142857142857,95.56032584764421,Within Expected
167,2,89.14,70.0,21,19.14,911.4285714285714,120.07142857142857,74.23914336704343,Below Expected
75,1,38.69,22.83,17,15.86,932.9411764705882,33.82857142857143,114.37077702702703,Above Expected
73,1,37.58,32.76,9,4.82,535.5555555555555,32.25714285714285,116.50132860938885,Above Expected
101,1,53.45,39.45,9,14.0,1555.5555555555557,56.785714285714285,94.12578616352202,Within Expected
192,2,140.18,130.71,11,9.469999999999999,860.9090909090909,141.54285714285714,99.0371417036738,Within Expected
105,1,75.43,63.05,14,12.38000000000001,884.285714285715,60.5,124.67768595041323,Above Expected
59,0,20.16,15.23,9,4.93,547.7777777777777,21.9,92.05479452054796,Within Expected
133,2,90.01,73.79,20,16.22,811.0,87.8,102.51708428246013,Within Expected
168,2,123.4,115.13,9,8.27000000000001,918.8888888888899,121.0,101.98347107438018,Within Expected
53,0,15.94,8.41,16,7.529999999999999,470.62499999999994,17.914285714285715,88.97926634768739,Below Expected
56,0,22.19,18.11,7,4.080000000000002,582.8571428571431,19.8,112.07070707070707,Above Expected
160,2,82.44,72.43,13,10.009999999999991,769.9999999999993,113.57142857142857,72.58867924528302,Below Expected
123,1,63.82,56.37,7,7.450000000000003,1064.2857142857147,78.04285714285714,81.77558118250046,Below Expected
113,1,70.0,52.2,17,17.799999999999997,1047.0588235294117,68.27142857142857,102.53191044151495,Within Expected
124,1,68.26,50.51,12,17.750000000000007,1479.1666666666672,79.02857142857142,86.37382501807666,Below Expected
109,1,47.65,31.43,16,16.22,1013.7499999999999,64.38571428571429,74.00710006656313,Below Expected
69,0,31.42,26.32,5,5.100000000000001,1020.0000000000002,29.157142857142855,107.7609015188633,Within Expected
101,1,58.46,39.03,18,19.43,1079.4444444444443,56.785714285714285,102.94842767295597,Within Expected
69,0,37.79,33.07,7,4.719999999999999,674.2857142857141,29.157142857142855,129.6080352768251,Above Expected
44,0,16.16,7.45,18,8.71,483.8888888888889,13.114285714285714,123.2244008714597,Above Expected
164,2,109.7,100.24,10,9.460000000000008,946.0000000000008,117.28571428571429,93.53227771010962,Within Expected
85,1,47.1,31.07,14,16.03,1145.0,42.18571428571428,111.64917033525231,Above Expected
114,1,59.74,43.53,15,16.21,1080.6666666666667,69.24285714285713,86.27604703940584,Below Expected
49,0,12.51,3.01,12,9.5,791.6666666666666,15.4,81.23376623376623,Below Expected
173,2,101.95,97.53,4,4.420000000000002,1105.0000000000005,125.42857142857143,81.28132118451025,Below Expected
89,1,41.48,33.73,11,7.75,704.5454545454546,45.72857142857143,90.70915338956576,Within Expected
146,2,105.37,99.02,8,6.3500000000000085,793.750000000001,100.42857142857143,104.92034139402561,Within Expected
183,2,144.01,139.41,4,4.599999999999994,1149.9999999999986,134.04285714285714,107.43578812746455,Within Expected
70,1,29.01,16.45,15,12.560000000000002,837.3333333333335,29.9,97.02341137123747,Within Expected
119,1,82.27,71.26,10,11.009999999999991,1100.999999999999,74.1,111.02564102564104,Above Expected
134,2,81.54,62.58,19,18.960000000000008,997.8947368421058,88.77142857142857,91.853878339234,Within Expected
87,1,48.67,33.96,15,14.71,980.6666666666667,43.957142857142856,110.72148196295093,Above Expected
194,2,160.26,153.05,11,7.2099999999999795,655.4545454545437,143.17142857142858,111.9357413689882,Above Expected
120,1,88.07,71.54,17,16.529999999999987,972.3529411764698,75.08571428571427,117.29261796042618,Above Expected
171,2,106.07,103.29,4,2.779999999999987,694.9999999999967,123.65714285714286,85.77749537892791,Below Expected
57,0,19.01,14.48,12,4.530000000000001,377.5000000000001,20.5,92.73170731707317,Within Expected
196,2,146.55,130.88,21,15.670000000000016,746.1904761904769,144.8,101.20856353591161,Within Expected
100,1,38.49,26.62,10,11.870000000000001,1187.0,55.857142857142854,68.90792838874681,Below Expected
178,2,135.18,121.41,15,13.77000000000001,918.0000000000007,129.77142857142857,104.16776750330253,Within Expected
54,0,19.12,14.41,8,4.710000000000001,588.7500000000001,18.542857142857144,103.11248073959938,Within Expected
142,2,108.82,94.46,11,14.36,1305.4545454545455,96.54285714285714,112.71678011245929,Above Expected
173,2,129.5,123.6,11,5.900000000000006,536.3636363636369,125.42857142857143,103.24601366742596,Within Expected
62,0,23.39,16.87,8,6.52,815.0,24.0,97.45833333333334,Within Expected
174,2,137.36,134.92,3,2.440000000000026,813.333333333342,126.31428571428572,108.74462791223706,Within Expected
123,1,69.9,55.02,13,14.880000000000003,1144.6153846153848,78.04285714285714,89.56617243272927,Below Expected
125,1,54.77,49.11,5,5.660000000000004,1132.0000000000007,80.01428571428572,68.45027673629708,Below Expected
146,2,102.95,90.52,18,12.430000000000007,690.5555555555559,100.42857142857143,102.51066856330013,Within Expected
149,2,64.74,48.61,17,16.129999999999995,948.8235294117644,103.28571428571429,62.680497925311194,Below Expected
153,2,103.96,91.6,19,12.36,650.5263157894736,107.05714285714286,97.10701894849211,Within Expected
149,2,101.69,83.71,20,17.980000000000004,899.0000000000002,103.28571428571429,98.45504840940524,Within Expected
112,1,75.13,58.78,19,16.349999999999994,860.5263157894734,67.3,111.63447251114414,Above Expected
87,1,50.98,27.59,20,23.389999999999997,1169.4999999999998,43.957142857142856,115.97660058498538,Above Expected
132,2,79.99,69.09,11,10.899999999999991,990.9090909090902,86.82857142857142,92.12405396512011,Within Expected
116,1,78.94,64.43,15,14.509999999999991,967.3333333333327,71.18571428571428,110.8930363234999,Above Expected
108,1,77.08,68.34,10,8.739999999999995,873.9999999999994,63.41428571428571,121.54989862581662,Above Expected
38,0,10.1,8.34,4,1.7599999999999998,439.99999999999994,10.657142857142857,94.77211796246648,Within Expected
114,1,73.37,55.95,17,17.42,1024.7058823529414,69.24285714285713,105.96038786878484,Within Expected
121,1,65.5,50.08,17,15.420000000000002,907.0588235294119,76.07142857142857,86.10328638497653,Below Expected
94,1,43.85,32.44,17,11.410000000000004,671.1764705882355,50.285714285714285,87.20170454545455,Below Expected
57,0,24.03,21.12,10,2.91,291.00000000000006,20.5,117.21951219512196,Above Expected
41,0,14.48,11.65,12,2.83,235.83333333333334,11.814285714285713,122.56348246674729,Above Expected
57,0,16.5,8.91,13,7.59,583.8461538461538,20.5,80.48780487804879,Below Expected
33,0,10.73,9.09,5,1.6400000000000006,328.0000000000001,8.871428571428572,120.9500805152979,Above Expected
51,0,17.74,11.59,14,6.149999999999999,439.28571428571416,16.65714285714286,106.50085763293309,Within Expected
177,2,148.77,142.84,12,5.930000000000007,494.16666666666725,128.9142857142857,115.40226063829789,Above Expected
46,0,11.88,3.89,14,7.99,570.7142857142858,14.028571428571428,84.68431771894093,Below Expected
97,1,52.59,45.81,9,6.780000000000001,753.3333333333334,53.07142857142857,99.09286675639302,Within Expected
126,2,76.57,51.97,21,24.599999999999994,1171.4285714285713,81.0,94.53086419753085,Within Expected
30,0,7.28,5.52,9,1.7600000000000007,195.55555555555563,7.928571428571429,91.81981981981981,Within Expected
121,1,72.51,57.8,15,14.710000000000008,980.6666666666672,76.07142857142857,95.31830985915494,Within Expected
81,1,36.13,24.45,10,11.680000000000003,1168.0000000000005,38.77142857142857,93.18717759764186,Within Expected
135,2,97.94,78.62,15,19.319999999999993,1287.9999999999995,89.74285714285713,109.13403374721426,Within Expected
151,2,106.0,93.03,12,12.969999999999999,1080.8333333333333,105.17142857142858,100.78782939418636,Within Expected
91,1,35.79,24.97,13,10.82,832.3076923076923,47.5,75.34736842105264,Below Expected
159,2,120.97,114.3,7,6.670000000000002,952.8571428571431,112.64285714285714,107.39251743817375,Within Expected
148,2,100.42,84.97,16,15.450000000000003,965.6250000000002,102.34285714285714,98.12116136236739,Within Expected
188,2,146.84,132.26,20,14.580000000000013,729.0000000000007,138.25714285714284,106.20789419301511,Within Expected
187,2,153.12,142.66,13,10.460000000000008,804.6153846153852,137.4142857142857,111.4294625220917,Above Expected
159,2,122.13,106.54,17,15.58999999999999,917.0588235294111,112.64285714285714,108.42232086239696,Within Expected
112,1,55.75,50.15,8,5.600000000000001,700.0000000000002,67.3,82.83803863298664,Below Expected
83,1,43.56,35.39,13,8.170000000000002,628.4615384615387,40.457142857142856,107.66949152542374,Within Expected
94,1,51.7,35.05,15,16.650000000000006,1110.0000000000002,50.285714285714285,102.81250000000001,Within Expected
135,2,96.45,79.48,21,16.97,808.0952380952381,89.74285714285713,107.47373447946515,Within Expected
182,2,115.16,90.94,18,24.22,1345.5555555555554,133.2,86.45645645645646,Below Expected
172,2,131.64,119.04,14,12.59999999999998,899.9999999999986,124.54285714285714,105.69855471438403,Within Expected
146,2,94.21,70.99,18,23.22,1290.0,100.42857142857143,93.80796586059743,Within Expected
69,0,28.58,22.28,6,6.299999999999997,1049.9999999999995,29.157142857142855,98.02057814796669,Within Expected
40,0,12.52,8.82,15,3.6999999999999993,246.66666666666663,11.428571428571429,109.55,Within Expected
52,0,18.88,14.9,7,3.9799999999999986,568.5714285714284,17.285714285714285,109.22314049586777,Within Expected
179,2,122.63,113.99,12,8.64,720.0000000000001,130.62857142857143,93.87685914260717,Within Expected
113,1,66.09,53.21,11,12.880000000000003,1170.9090909090912,68.27142857142857,96.80477087256749,Within Expected
131,2,85.55,80.77,6,4.780000000000001,796.6666666666669,85.85714285714286,99.64226289517471,Within Expected
48,0,12.78,9.84,6,2.9399999999999995,489.99999999999994,14.942857142857143,85.52581261950286,Below Expected
42,0,11.28,2.1,19,9.18,483.1578947368421,12.2,92.45901639344262,Within Expected
175,2,100.54,87.32,13,13.220000000000013,1016.9230769230779,127.2,79.04088050314466,Below Expected
32,0,8.14,5.97,7,2.170000000000001,310.0000000000001,8.557142857142857,95.12520868113523,Within Expected
99,1,61.1,56.24,7,4.859999999999999,694.2857142857142,54.92857142857143,111.23537061118336,Above Expected
161,2,118.32,103.81,14,14.509999999999991,1036.4285714285709,114.5,103.33624454148472,Within Expected
34,0,10.25,7.06,9,3.1900000000000004,354.4444444444445,9.185714285714287,111.58631415241057,Above Expected
153,2,91.6,80.09,13,11.509999999999991,885.3846153846147,107.05714285714286,85.56178275954096,Below Expected
146,2,83.64,70.42,12,13.219999999999999,1101.6666666666665,100.42857142857143,83.28307254623044,Below Expected
193,2,138.99,122.24,20,16.750000000000014,837.5000000000007,142.35714285714286,97.63472152533869,Within Expected
54,0,19.61,12.79,10,6.82,682.0,18.542857142857144,105.75500770416025,Within Expected
157,2,113.22,103.74,12,9.480000000000004,790.0000000000003,110.78571428571429,102.19729206963248,Within Expected
126,2,66.17,60.62,7,5.550000000000004,792.8571428571435,81.0,81.69135802469137,Below Expected
48,0,14.18,8.24,12,5.9399999999999995,494.99999999999994,14.942857142857143,94.89483747609943,Within Expected
68,0,31.64,20.53,17,11.11,653.5294117647059,28.414285714285715,111.35243841126194,Above Expected
148,2,96.48,85.87,16,10.61,663.125,102.34285714285714,94.2713567839196,Within Expected
162,2,121.62,102.46,18,19.16000000000001,1064.444444444445,115.42857142857143,105.36386138613862,Within Expected
106,1,60.07,45.15,17,14.920000000000002,877.6470588235295,61.47142857142857,97.72019521264235,Within Expected
95,1,50.29,47.49,3,2.799999999999997,933.3333333333323,51.214285714285715,98.1952580195258,Within Expected
139,2,81.12,69.07,16,12.050000000000011,753.1250000000007,93.62857142857142,86.64021971315229,Below Expected
108,1,63.06,60.56,3,2.5,833.3333333333334,63.41428571428571,99.44131561162425,Within Expected
182,2,158.44,146.32,16,12.120000000000005,757.5000000000002,133.2,118.94894894894897,Above Expected
119,1,83.2,70.49,13,12.710000000000008,977.6923076923083,74.1,112.28070175438599,Above Expected
143,2,110.42,107.7,3,2.719999999999999,906.6666666666663,97.51428571428572,113.234690887782,Above Expected
127,2,83.68,51.8,18,31.88000000000001,1771.1111111111118,81.97142857142858,102.08434994771697,Within Expected
112,1,75.5,70.97,5,4.530000000000001,906.0000000000002,67.3,112.18424962852897,Above Expected
43,0,12.33,9.43,6,2.9000000000000004,483.33333333333337,12.657142857142857,97.41534988713319,Within Expected
75,1,36.04,29.74,10,6.300000000000001,630.0000000000001,33.82857142857143,106.53716216216216,Within Expected
93,1,37.28,29.46,8,7.82,977.5,49.357142857142854,75.53111432706223,Below Expected
44,0,16.86,9.95,19,6.91,363.6842105263158,13.114285714285714,128.562091503268,Above Expected
108,1,72.85,58.56,16,14.289999999999992,893.1249999999995,63.41428571428571,114.87947735976572,Above Expected
74,1,42.86,37.01,11,5.850000000000001,531.818181818182,33.042857142857144,129.71033290099436,Above Expected
41,0,10.89,4.28,19,6.61,347.89473684210526,11.814285714285713,92.17654171704959,Within Expected
176,2,115.25,112.07,6,3.180000000000007,530.0000000000011,128.05714285714285,89.99888442659527,Below Expected
194,2,150.24,139.21,15,11.030000000000001,735.3333333333334,143.17142857142858,104.93713829574935,Within Expected
45,0,13.85,10.78,11,3.0700000000000003,279.0909090909091,13.571428571428571,102.05263157894737,Within Expected
66,0,25.71,21.86,4,3.8500000000000014,962.5000000000003,26.928571428571427,95.47480106100797,Within Expected
62,0,23.52,15.1,13,8.42,647.6923076923076,24.0,98.0,Within Expected
34,0,9.04,7.07,7,1.9699999999999989,281.4285714285713,9.185714285714287,98.4136858475894,Within Expected
133,2,85.63,78.99,5,6.640000000000001,1328.0,87.8,97.52847380410023,Within Expected
75,1,30.12,24.67,12,5.449999999999999,454.16666666666663,33.82857142857143,89.03716216216216,Below Expected
92,1,41.84,30.99,18,10.850000000000005,602.777777777778,48.42857142857143,86.39528023598821,Below Expected
187,2,157.75,150.44,7,7.310000000000002,1044.2857142857147,137.4142857142857,114.7988356378002,Above Expected
106,1,61.76,39.81,21,21.949999999999996,1045.2380952380952,61.47142857142857,100.46943992563328,Within Expected
81,1,46.85,42.2,8,4.649999999999999,581.2499999999998,38.77142857142857,120.83640383198231,Above Expected
185,2,124.04,104.47,21,19.570000000000007,931.9047619047623,135.72857142857143,91.38827491842964,Within Expected
146,2,97.44,86.24,21,11.200000000000003,533.3333333333335,100.42857142857143,97.02418207681364,Within Expected
84,1,46.14,37.95,14,8.189999999999998,584.9999999999999,41.3,111.71912832929782,Above Expected
186,2,120.77,117.4,3,3.3699999999999903,1123.33333333333,136.57142857142856,88.42991631799164,Below Expected
138,2,87.37,79.31,10,8.060000000000002,806.0000000000002,92.65714285714286,94.29386370644465,Within Expected
30,0,9.64,8.41,9,1.2300000000000004,136.6666666666667,7.928571428571429,121.58558558558559,Above Expected
141,2,115.39,108.76,7,6.6299999999999955,947.1428571428565,95.57142857142857,120.73692077727954,Above Expected
93,1,45.34,40.87,5,4.470000000000006,894.0000000000013,49.357142857142854,91.86107091172215,Within Expected
90,1,42.16,30.71,20,11.449999999999996,572.4999999999998,46.614285714285714,90.44437634079068,Within Expected
89,1,42.18,36.77,7,5.409999999999997,772.8571428571423,45.72857142857143,92.23992502343017,Within Expected
149,2,96.5,79.74,18,16.760000000000005,931.1111111111114,103.28571428571429,93.43015214384508,Within Expected
56,0,20.79,13.27,14,7.52,537.1428571428571,19.8,104.99999999999999,Within Expected
54,0,18.22,3.78,21,14.44,687.6190476190476,18.542857142857144,98.2588597842835,Within Expected
178,2,119.39,105.98,17,13.409999999999997,788.8235294117645,129.77142857142857,92.00022016732717,Within Expected
76,1,33.37,23.45,12,9.919999999999998,826.6666666666665,34.614285714285714,96.40528270738753,Within Expected
120,1,88.89,70.17,19,18.72,985.2631578947368,75.08571428571427,118.38470319634705,Above Expected
168,2,142.82,125.11,18,17.709999999999994,983.8888888888886,121.0,118.03305785123965,Above Expected
140,2,93.61,81.68,12,11.929999999999993,994.1666666666661,94.6,98.95348837209302,Within Expected
55,0,18.79,9.37,17,9.42,554.1176470588235,19.17142857142857,98.01043219076006,Within Expected
30,0,9.01,6.8,8,2.21,276.25,7.928571428571429,113.63963963963964,Above Expected
175,2,97.52,82.01,20,15.509999999999991,775.4999999999995,127.2,76.66666666666666,Below Expected
193,2,161.07,148.5,16,12.569999999999993,785.6249999999995,142.35714285714286,113.1450075263422,Above Expected
142,2,87.04,83.27,3,3.7700000000000102,1256.6666666666702,96.54285714285714,90.15685113939035,Within Expected
150,2,101.72,87.18,15,14.539999999999992,969.3333333333328,104.22857142857143,97.59320175438596,Within Expected
131,2,83.56,74.68,7,8.879999999999995,1268.571428571428,85.85714285714286,97.32445923460898,Within Expected
38,0,10.69,7.4,12,3.289999999999999,274.16666666666663,10.657142857142857,100.3083109919571,Within Expected
82,1,36.18,27.31,8,8.870000000000001,1108.7500000000002,39.614285714285714,91.33068878470971,Within Expected
104,1,64.6,54.21,16,10.389999999999993,649.3749999999995,59.57142857142857,108.44124700239807,Within Expected
171,2,119.31,110.24,13,9.070000000000007,697.6923076923083,123.65714285714286,96.48451940850278,Within Expected
38,0,10.88,6.62,11,4.260000000000001,387.2727272727273,10.657142857142857,102.09115281501342,Within Expected
45,0,13.41,11.12,6,2.290000000000001,381.6666666666668,13.571428571428571,98.81052631578949,Within Expected
147,2,105.07,101.73,4,3.339999999999989,834.9999999999973,101.4,103.61932938856016,Within Expected
89,1,41.96,39.73,3,2.230000000000004,743.3333333333346,45.72857142857143,91.75882536707279,Within Expected
188,2,136.02,132.55,3,3.469999999999999,1156.6666666666663,138.25714285714284,98.38189708617485,Within Expected
158,2,128.89,121.63,9,7.259999999999991,806.6666666666656,111.71428571428571,115.37468030690536,Above Expected
128,2,87.55,83.91,3,3.6400000000000006,1213.3333333333335,82.94285714285714,105.55459869100932,Within Expected
176,2,144.36,141.06,4,3.3000000000000114,825.0000000000028,128.05714285714285,112.73092369477912,Above Expected
109,1,68.97,67.79,5,1.1799999999999926,235.99999999999852,64.38571428571429,107.12003550033282,Within Expected
28,0,6.9,5.69,7,1.21,172.85714285714286,7.3,94.5205479452055,Within Expected
84,1,42.73,32.35,15,10.379999999999995,691.9999999999998,41.3,103.46246973365618,Within Expected
71,1,25.4,19.08,13,6.32,486.15384615384613,30.685714285714283,82.77467411545624,Below Expected
166,2,125.4,107.51,18,17.89,993.8888888888889,119.14285714285714,105.25179856115108,Within Expected
72,1,28.87,22.16,9,6.710000000000001,745.5555555555557,31.47142857142857,91.73399909214707,Within Expected
78,1,43.43,33.6,13,9.829999999999998,756.1538461538461,36.24285714285714,119.83050847457628,Above Expected
136,2,106.37,89.09,12,17.28,1440.0000000000002,90.71428571428571,117.25826771653544,Above Expected
162,2,115.32,96.33,17,18.989999999999995,1117.0588235294115,115.42857142857143,99.90594059405939,Within Expected
145,2,87.16,79.38,15,7.780000000000001,518.6666666666667,99.45714285714286,87.63573685722493,Below Expected
136,2,94.11,82.8,13,11.310000000000002,870.0000000000002,90.71428571428571,103.7433070866142,Within Expected
76,1,31.82,21.59,9,10.23,1136.6666666666667,34.614285714285714,91.92736277342138,Within Expected
151,2,100.33,95.39,6,4.939999999999998,823.3333333333329,105.17142857142858,95.39663135017658,Within Expected
191,2,113.07,103.83,14,9.239999999999995,659.9999999999995,140.72857142857143,80.34615775048218,Below Expected
91,1,48.3,29.12,17,19.179999999999996,1128.2352941176468,47.5,101.68421052631578,Within Expected
148,2,92.47,78.12,14,14.349999999999994,1024.9999999999998,102.34285714285714,90.35315466219988,Within Expected
183,2,125.4,120.04,5,5.359999999999999,1071.9999999999998,134.04285714285714,93.55216881594373,Within Expected
131,2,103.23,86.95,15,16.28,1085.3333333333335,85.85714285714286,120.23460898502496,Above Expected
165,2,75.92,61.92,15,14.0,933.3333333333334,118.21428571428571,64.22235649546828,Below Expected
30,0,8.43,6.57,6,1.8599999999999994,309.9999999999999,7.928571428571429,106.32432432432432,Within Expected
73,1,27.03,18.45,10,8.580000000000002,858.0000000000002,32.25714285714285,83.79539415411871,Below Expected
113,1,62.57,46.25,19,16.32,858.9473684210527,68.27142857142857,91.64888051893702,Within Expected
104,1,59.36,43.92,13,15.439999999999998,1187.6923076923076,59.57142857142857,99.64508393285372,Within Expected
96,1,37.16,21.62,17,15.539999999999996,914.1176470588233,52.142857142857146,71.26575342465752,Below Expected
176,2,137.87,128.14,10,9.730000000000018,973.0000000000018,128.05714285714285,107.6628737170906,Within Expected
153,2,114.16,105.74,8,8.420000000000002,1052.5000000000002,107.05714285714286,106.63464104617026,Within Expected
180,2,113.57,96.93,20,16.639999999999986,831.9999999999993,131.48571428571427,86.37440243372447,Below Expected
138,2,93.82,90.03,4,3.789999999999992,947.499999999998,92.65714285714286,101.2550107924761,Within Expected
155,2,115.73,95.42,17,20.310000000000002,1194.7058823529412,108.92857142857143,106.2439344262295,Within Expected
194,2,150.79,133.63,19,17.159999999999997,903.157894736842,143.17142857142858,105.32129315505887,Within Expected
98,1,49.03,34.83,14,14.200000000000003,1014.2857142857144,54.0,90.79629629629629,Within Expected
94,1,59.17,56.67,4,2.5,625.0,50.285714285714285,117.66761363636364,Above Expected
113,1,77.44,58.25,18,19.189999999999998,1066.111111111111,68.27142857142857,113.42958777987026,Above Expected
47,0,13.47,6.25,16,7.220000000000001,451.25000000000006,14.485714285714286,92.98816568047337,Within Expected
93,1,35.44,32.93,3,2.509999999999998,836.6666666666661,49.357142857142854,71.80318379160636,Below Expected
69,0,31.4,24.84,8,6.559999999999999,819.9999999999999,29.157142857142855,107.6923076923077,Within Expected
69,0,27.76,23.34,6,4.420000000000002,736.666666666667,29.157142857142855,95.20823125918668,Within Expected
55,0,21.45,15.23,12,6.219999999999999,518.3333333333333,19.17142857142857,111.88524590163935,Above Expected
80,1,42.67,26.96,16,15.71,981.875,37.92857142857142,112.5009416195857,Above Expected
164,2,141.37,127.32,10,14.050000000000011,1405.0000000000011,117.28571428571429,120.5347137637028,Above Expected
172,2,112.44,105.92,6,6.519999999999996,1086.666666666666,124.54285714285714,90.28217481073641,Within Expected
97,1,49.19,43.25,8,5.939999999999998,742.4999999999998,53.07142857142857,92.6864064602961,Within Expected
186,2,161.06,148.15,13,12.909999999999997,993.0769230769229,136.57142857142856,117.93096234309625,Above Expected
73,1,31.39,18.55,16,12.84,802.5,32.25714285714285,97.31178033658105,Within Expected
94,1,53.98,35.04,19,18.939999999999998,996.8421052631578,50.285714285714285,107.3465909090909,Within Expected
99,1,54.65,40.33,12,14.32,1193.3333333333333,54.92857142857143,99.4928478543563,Within Expected
87,1,53.65,40.73,11,12.920000000000002,1174.5454545454547,43.957142857142856,122.05069873253169,Above Expected
83,1,40.77,29.72,14,11.050000000000004,789.2857142857146,40.457142857142856,100.77330508474577,Within Expected
196,2,126.49,111.92,16,14.569999999999993,910.6249999999995,144.8,87.3549723756906,Below Expected
140,2,99.31,94.23,5,5.079999999999998,1015.9999999999995,94.6,104.97885835095137,Within Expected
92,1,55.11,37.76,19,17.35,913.1578947368422,48.42857142857143,113.79646017699115,Above Expected
170,2,104.17,93.16,15,11.010000000000005,734.0000000000003,122.77142857142857,84.84873167326042,Below Expected
36,0,9.75,3.22,15,6.529999999999999,435.3333333333333,9.885714285714286,98.6271676300578,Within Expected
180,2,118.99,88.72,20,30.269999999999996,1513.4999999999998,131.48571428571427,90.49652325076055,Within Expected
28,0,8.53,7.64,5,0.8899999999999997,177.99999999999994,7.3,116.84931506849314,Above Expected
34,0,10.32,8.29,11,2.030000000000001,184.54545454545465,9.185714285714287,112.34836702954898,Above Expected
111,1,59.59,51.69,9,7.900000000000006,877.7777777777784,66.32857142857142,89.84062028860652,Below Expected
63,0,22.88,21.06,3,1.8200000000000003,606.6666666666667,24.7,92.63157894736842,Within Expected
196,2,159.13,149.91,11,9.219999999999999,838.181818181818,144.8,109.896408839779,Within Expected
155,2,123.32,116.48,5,6.839999999999989,1367.999999999998,108.92857142857143,113.21180327868852,Above Expected
116,1,86.21,65.96,21,20.25,964.2857142857143,71.18571428571428,121.10575958258076,Above Expected
142,2,101.72,83.83,19,17.89,941.578947368421,96.54285714285714,105.36253329387392,Within Expected
40,0,11.64,6.39,13,5.250000000000001,403.8461538461539,11.428571428571429,101.85,Within Expected
171,2,107.12,85.71,20,21.41000000000001,1070.5000000000005,123.65714285714286,86.62661737523105,Below Expected
42,0,12.84,4.73,15,8.11,540.6666666666666,12.2,105.24590163934427,Within Expected
53,0,19.54,11.34,15,8.2,546.6666666666666,17.914285714285715,109.07496012759171,Within Expected
174,2,100.66,87.41,15,13.25,883.3333333333333,126.31428571428572,79.69011535851617,Below Expected
158,2,99.07,91.23,17,7.839999999999989,461.1764705882346,111.71428571428571,88.68158567774937,Below Expected
66,0,33.18,26.68,9,6.5,722.2222222222222,26.928571428571427,123.21485411140584,Above Expected
143,2,89.88,86.0,4,3.8799999999999955,969.9999999999989,97.51428571428572,92.17111046000585,Within Expected
106,1,59.61,45.38,10,14.229999999999997,1422.9999999999995,61.47142857142857,96.97188008366257,Within Expected
143,2,92.87,74.84,17,18.03,1060.5882352941176,97.51428571428572,95.23732786404922,Within Expected
46,0,15.85,11.81,9,4.039999999999999,448.8888888888888,14.028571428571428,112.9837067209776,Above Expected
166,2,110.09,105.89,4,4.200000000000003,1050.0000000000007,119.14285714285714,92.40167865707434,Within Expected
140,2,83.61,77.59,7,6.019999999999996,859.9999999999994,94.6,88.38266384778012,Below Expected
159,2,137.75,131.6,6,6.150000000000006,1025.000000000001,112.64285714285714,122.28915662650604,Above Expected
145,2,85.02,54.31,17,30.709999999999994,1806.470588235294,99.45714285714286,85.4840563056593,Below Expected
141,2,63.19,43.06,13,20.129999999999995,1548.461538461538,95.57142857142857,66.11808669656203,Below Expected
127,2,88.08,82.5,8,5.579999999999998,697.4999999999998,81.97142857142858,107.45207389334261,Within Expected
71,1,25.03,17.39,12,7.640000000000001,636.6666666666667,30.685714285714283,81.56890130353818,Below Expected
151,2,97.61,75.12,21,22.489999999999995,1070.9523809523807,105.17142857142858,92.81037761477859,Within Expected
160,2,97.17,89.68,10,7.489999999999995,748.9999999999994,113.57142857142857,85.55849056603773,Below Expected
138,2,99.73,82.14,15,17.590000000000003,1172.666666666667,92.65714285714286,107.63336416897936,Within Expected
94,1,54.88,48.38,12,6.5,541.6666666666666,50.285714285714285,109.13636363636365,Within Expected
102,1,57.23,40.5,16,16.729999999999997,1045.6249999999998,57.714285714285715,99.1608910891089,Within Expected
137,2,79.16,68.72,11,10.439999999999998,949.0909090909089,91.68571428571428,86.33842318479277,Below Expected
65,0,27.22,22.38,7,4.84,691.4285714285714,26.185714285714283,103.94980905619204,Within Expected
90,1,49.9,47.03,5,2.8699999999999974,573.9999999999995,46.614285714285714,107.04872816426601,Within Expected
157,2,103.71,100.61,3,3.0999999999999943,1033.3333333333314,110.78571428571429,93.61315280464216,Within Expected
140,2,90.56,75.52,20,15.040000000000006,752.0000000000003,94.6,95.72938689217759,Within Expected
130,2,87.26,84.58,3,2.680000000000007,893.3333333333356,84.88571428571429,102.79703803433189,Within Expected
124,1,80.72,63.62,14,17.1,1221.4285714285716,79.02857142857142,102.14027476500362,Within Expected
152,2,88.27,84.86,3,3.4099999999999966,1136.6666666666656,106.11428571428571,83.18389876144319,Below Expected
114,1,75.6,72.91,7,2.6899999999999977,384.28571428571394,69.24285714285713,109.18093666185268,Within Expected
89,1,53.95,51.62,3,2.3300000000000054,776.6666666666684,45.72857142857143,117.97875663855046,Above Expected
167,2,86.04,67.98,19,18.060000000000002,950.5263157894738,120.07142857142857,71.65734681737061,Below Expected
149,2,105.6,100.62,5,4.97999999999999,995.999999999998,103.28571428571429,102.24066390041493,Within Expected
70,1,27.66,18.38,11,9.280000000000001,843.6363636363637,29.9,92.50836120401338,Within Expected
70,1,33.42,21.23,17,12.190000000000001,717.0588235294118,29.9,111.77257525083613,Above Expected
151,2,116.74,101.98,8,14.759999999999991,1844.9999999999989,105.17142857142858,110.99972833469165,Above Expected
177,2,108.77,96.55,9,12.219999999999999,1357.7777777777778,128.9142857142857,84.37389184397162,Below Expected
140,2,89.14,84.06,5,5.079999999999998,1015.9999999999995,94.6,94.22832980972517,Within Expected
36,0,10.25,6.21,13,4.04,310.7692307692308,9.885714285714286,103.68497109826589,Within Expected
121,1,71.3,64.67,7,6.6299999999999955,947.1428571428565,76.07142857142857,93.72769953051643,Within Expected
161,2,128.91,120.9,9,8.009999999999991,889.999999999999,114.5,112.58515283842794,Above Expected
66,0,33.48,25.07,18,8.409999999999997,467.22222222222206,26.928571428571427,124.3289124668435,Above Expected
187,2,127.15,120.91,7,6.240000000000009,891.4285714285727,137.4142857142857,92.53040856637905,Within Expected
113,1,61.48,46.71,20,14.769999999999996,738.4999999999998,68.27142857142857,90.05231219920485,Within Expected
184,2,118.36,104.74,19,13.620000000000005,716.8421052631581,134.88571428571427,87.74835839864437,Below Expected
179,2,121.1,115.29,9,5.809999999999988,645.5555555555542,130.62857142857143,92.70559930008748,Within Expected
93,1,60.25,50.01,19,10.240000000000002,538.9473684210527,49.357142857142854,122.06946454413894,Above Expected
66,0,32.77,23.0,11,9.770000000000003,888.1818181818185,26.928571428571427,121.69230769230772,Above Expected
169,2,142.71,131.1,11,11.610000000000014,1055.4545454545469,121.88571428571429,117.08509142053447,Above Expected
78,1,36.8,25.04,20,11.759999999999998,587.9999999999999,36.24285714285714,101.53724871895939,Within Expected
148,2,137.06,127.41,11,9.650000000000006,877.2727272727277,102.34285714285714,133.92238972640985,Above Expected
138,2,94.01,89.69,7,4.320000000000007,617.1428571428582,92.65714285714286,101.46006783842121,Within Expected
94,1,52.28,39.98,14,12.300000000000004,878.5714285714289,50.285714285714285,103.96590909090911,Within Expected
136,2,91.03,79.65,12,11.379999999999995,948.3333333333329,90.71428571428571,100.348031496063,Within Expected
115,1,74.18,55.31,18,18.870000000000005,1048.3333333333335,70.21428571428571,105.648016276704,Within Expected
35,0,10.01,8.96,4,1.049999999999999,262.4999999999997,9.5,105.36842105263158,Within Expected
175,2,126.49,106.0,21,20.489999999999995,975.7142857142854,127.2,99.44182389937106,Within Expected
159,2,111.82,91.58,20,20.239999999999995,1011.9999999999998,112.64285714285714,99.26949904882689,Within Expected
92,1,46.06,38.5,7,7.560000000000002,1080.0000000000002,48.42857142857143,95.10914454277287,Within Expected
142,2,97.85,81.05,19,16.799999999999997,884.2105263157894,96.54285714285714,101.35395087303935,Within Expected
190,2,140.53,130.83,17,9.699999999999989,570.588235294117,139.9142857142857,100.44006534613028,Within Expected
101,1,50.39,39.75,14,10.64,760.0,56.785714285714285,88.737106918239,Below Expected
131,2,91.28,79.62,11,11.659999999999997,1059.9999999999995,85.85714285714286,106.31613976705489,Within Expected
43,0,14.65,5.4,13,9.25,711.5384615384615,12.657142857142857,115.74492099322799,Above Expected
167,2,134.25,129.34,5,4.909999999999997,981.9999999999993,120.07142857142857,111.80844735276621,Above Expected
195,2,113.58,108.28,20,5.299999999999997,264.99999999999983,143.9857142857143,78.8828256771505,Below Expected
122,1,70.8,61.64,7,9.159999999999997,1308.571428571428,77.05714285714285,91.87986651835374,Within Expected
144,2,93.48,84.66,8,8.820000000000007,1102.500000000001,98.48571428571428,94.91731940818103,Within Expected
148,2,84.31,67.18,16,17.129999999999995,1070.6249999999998,102.34285714285714,82.37995533221664,Below Expected
81,1,49.36,41.31,10,8.049999999999997,804.9999999999998,38.77142857142857,127.310243183493,Above Expected
97,1,50.28,25.78,17,24.5,1441.1764705882354,53.07142857142857,94.74024226110363,Within Expected
172,2,134.95,128.2,7,6.75,964.2857142857143,124.54285714285714,108.3562743748566,Within Expected
180,2,154.64,150.78,6,3.859999999999985,643.3333333333309,131.48571428571427,117.6097348978705,Above Expected
57,0,26.17,24.22,3,1.9500000000000028,650.0000000000009,20.5,127.65853658536585,Above Expected
120,1,72.69,67.87,6,4.819999999999993,803.3333333333322,75.08571428571427,96.80936073059362,Within Expected
29,0,8.34,6.18,8,2.16,270.0,7.614285714285714,109.53095684803003,Within Expected
105,1,64.82,54.4,11,10.419999999999995,947.2727272727268,60.5,107.14049586776859,Within Expected
126,2,85.88,58.71,21,27.169999999999995,1293.8095238095236,81.0,106.02469135802468,Within Expected
117,1,79.94,66.69,12,13.25,1104.1666666666667,72.15714285714286,110.78598297366857,Above Expected
122,1,68.07,59.4,9,8.669999999999995,963.3333333333327,77.05714285714285,88.33704115684094,Below Expected
122,1,77.94,63.09,17,14.849999999999994,873.5294117647055,77.05714285714285,101.14571746384873,Within Expected
178,2,111.78,91.17,17,20.61,1212.3529411764707,129.77142857142857,86.13606340819022,Below Expected
63,0,24.44,21.79,4,2.650000000000002,662.5000000000006,24.7,98.94736842105264,Within Expected
164,2,104.42,98.67,10,5.75,575.0,117.28571428571429,89.03045066991474,Below Expected
179,2,127.15,124.27,3,2.8800000000000097,960.0000000000032,130.62857142857143,97.33705161854769,Within Expected
174,2,125.0,121.58,16,3.4200000000000017,213.7500000000001,126.31428571428572,98.95951142275503,Within Expected
150,2,97.83,90.98,10,6.849999999999994,684.9999999999994,104.22857142857143,93.8610197368421,Within Expected
81,1,43.46,29.19,16,14.27,891.875,38.77142857142857,112.09285187914517,Above Expected
115,1,74.82,64.85,17,9.969999999999999,586.470588235294,70.21428571428571,106.55951169888098,Within Expected
156,2,127.53,120.39,6,7.140000000000001,1190.0000000000002,109.85714285714286,116.08712613784135,Above Expected
62,0,24.58,14.7,20,9.879999999999999,493.99999999999994,24.0,102.41666666666667,Within Expected
183,2,120.94,108.13,19,12.810000000000002,674.2105263157896,134.04285714285714,90.22487477352658,Within Expected
158,2,101.17,85.38,21,15.790000000000006,751.9047619047622,111.71428571428571,90.5613810741688,Within Expected
98,1,43.6,32.66,13,10.940000000000005,841.5384615384619,54.0,80.74074074074075,Below Expected
73,1,26.57,22.64,4,3.9299999999999997,982.4999999999999,32.25714285714285,82.36935341009745,Below Expected
179,2,118.45,107.84,10,10.61,1061.0,130.62857142857143,90.67694663167104,Within Expected
62,0,24.79,16.16,10,8.629999999999999,862.9999999999999,24.0,103.29166666666667,Within Expected
65,0,26.37,13.58,18,12.790000000000001,710.5555555555557,26.185714285714283,100.70376432078561,Within Expected
162,2,129.9,119.93,17,9.969999999999999,586.470588235294,115.42857142857143,112.5371287128713,Above Expected
196,2,135.67,130.11,9,5.559999999999974,617.7777777777749,144.8,93.69475138121545,Within Expected
70,1,30.74,16.52,19,14.219999999999999,748.4210526315788,29.9,102.80936454849498,Within Expected
70,1,35.14,27.36,10,7.780000000000001,778.0000000000001,29.9,117.52508361204015,Above Expected
33,0,8.95,6.31,8,2.6399999999999997,329.99999999999994,8.871428571428572,100.88566827697261,Within Expected
115,1,62.33,53.95,6,8.379999999999995,1396.6666666666658,70.21428571428571,88.7711088504578,Below Expected
111,1,56.4,46.42,19,9.979999999999997,525.2631578947367,66.32857142857142,85.0312298083136,Below Expected
62,0,28.03,25.74,3,2.2900000000000027,763.3333333333342,24.0,116.79166666666667,Above Expected
74,1,35.78,31.16,6,4.620000000000001,770.0000000000001,33.042857142857144,108.28361435365326,Within Expected
75,1,30.76,19.57,12,11.190000000000001,932.5000000000001,33.82857142857143,90.92905405405406,Within Expected
58,0,20.66,16.22,8,4.440000000000001,555.0000000000001,21.2,97.45283018867926,Within Expected
152,2,101.38,96.71,5,4.670000000000002,934.0000000000003,106.11428571428571,95.53850296176628,Within Expected
148,2,92.0,80.5,10,11.5,1150.0,102.34285714285714,89.89391401451702,Below Expected
163,2,123.73,107.76,17,15.969999999999999,939.4117647058823,116.35714285714286,106.33640270104358,Within Expected
131,2,91.92,76.83,14,15.090000000000003,1077.8571428571431,85.85714285714286,107.06156405990018,Within Expected
111,1,84.3,68.13,17,16.17,951.1764705882354,66.32857142857142,127.09455093689425,Above Expected
180,2,133.28,126.63,15,6.650000000000006,443.3333333333337,131.48571428571427,101.3646240764885,Within Expected
109,1,72.89,56.72,15,16.17,1078.0,64.38571428571429,113.20834257821166,Above Expected
59,0,24.14,17.51,9,6.629999999999999,736.6666666666666,21.9,110.22831050228312,Above Expected
60,0,23.67,21.82,3,1.8500000000000014,616.6666666666672,22.6,104.7345132743363,Within Expected
61,0,16.08,1.9,15,14.179999999999998,945.3333333333333,23.3,69.01287553648068,Below Expected
155,2,94.15,91.57,3,2.5800000000000125,860.0000000000042,108.92857142857143,86.4327868852459,Below Expected
133,2,88.62,71.97,16,16.650000000000006,1040.6250000000005,87.8,100.93394077448747,Within Expected
49,0,17.07,11.12,14,5.950000000000001,425.0000000000001,15.4,110.84415584415584,Above Expected
112,1,72.89,62.47,13,10.420000000000002,801.5384615384617,67.3,108.30609212481428,Within Expected
64,0,25.28,12.1,17,13.180000000000001,775.2941176470589,25.442857142857143,99.35991016282988,Within Expected
178,2,100.6,87.0,15,13.599999999999994,906.6666666666663,129.77142857142857,77.52091589608102,Below Expected
192,2,150.82,145.67,6,5.150000000000006,858.3333333333343,141.54285714285714,106.5542995559144,Within Expected
77,1,30.2,26.38,8,3.8200000000000003,477.50000000000006,35.4,85.31073446327684,Below Expected
124,1,84.44,66.57,20,17.870000000000005,893.5000000000002,79.02857142857142,106.8474331164136,Within Expected
45,0,13.37,5.95,18,7.419999999999999,412.2222222222222,13.571428571428571,98.51578947368421,Within Expected
61,0,21.96,16.14,7,5.82,831.4285714285716,23.3,94.2489270386266,Within Expected
79,1,36.17,22.42,14,13.75,982.1428571428571,37.08571428571428,97.53081664098615,Within Expected
151,2,92.36,73.8,18,18.560000000000002,1031.1111111111113,105.17142857142858,87.81852757402879,Below Expected
170,2,139.93,136.34,5,3.5900000000000034,718.0000000000007,122.77142857142857,113.97602978822434,Above Expected
132,2,83.91,75.26,8,8.649999999999991,1081.2499999999989,86.82857142857142,96.63869693978283,Within Expected
92,1,57.73,41.4,14,16.33,1166.4285714285713,48.42857142857143,119.20648967551621,Above Expected
88,1,42.09,33.39,8,8.700000000000003,1087.5000000000005,44.84285714285714,93.86110226186685,Within Expected
144,2,95.12,80.23,20,14.89,744.5,98.48571428571428,96.58253553814913,Within Expected
101,1,42.54,34.74,14,7.799999999999997,557.1428571428569,56.785714285714285,74.91320754716982,Below Expected
96,1,50.18,33.17,17,17.009999999999998,1000.5882352941176,52.142857142857146,96.23561643835615,Within Expected
120,1,97.14,94.78,3,2.3599999999999994,786.6666666666665,75.08571428571427,129.37214611872147,Above Expected
96,1,45.85,34.26,9,11.590000000000003,1287.777777777778,52.142857142857146,87.93150684931507,Below Expected
64,0,28.79,25.77,5,3.0199999999999996,603.9999999999999,25.442857142857143,113.15553060078607,Above Expected
151,2,81.73,76.48,6,5.25,875.0,105.17142857142858,77.71121977723445,Below Expected
174,2,140.56,123.27,17,17.290000000000006,1017.0588235294123,126.31428571428572,111.27799140465957,Above Expected
163,2,114.03,103.24,11,10.790000000000006,980.9090909090916,116.35714285714286,98.0,Within Expected
149,2,93.95,86.56,7,7.390000000000001,1055.7142857142858,103.28571428571429,90.9612724757953,Within Expected
83,1,49.2,47.19,3,2.010000000000005,670.0000000000017,40.457142857142856,121.61016949152543,Above Expected
94,1,42.16,29.47,13,12.689999999999998,976.153846153846,50.285714285714285,83.8409090909091,Below Expected
136,2,90.62,84.4,9,6.219999999999999,691.111111111111,90.71428571428571,99.896062992126,Within Expected
80,1,34.16,25.49,9,8.669999999999998,963.3333333333331,37.92857142857142,90.06403013182674,Within Expected
175,2,149.47,138.28,13,11.189999999999998,860.7692307692306,127.2,117.50786163522011,Above Expected
127,2,61.02,55.35,8,5.670000000000002,708.7500000000002,81.97142857142858,74.44057162774486,Below Expected
196,2,143.88,133.66,11,10.219999999999999,929.090909090909,144.8,99.3646408839779,Within Expected
39,0,12.5,11.33,3,1.17,389.99999999999994,11.042857142857143,113.19534282018111,Above Expected
173,2,109.0,97.88,12,11.120000000000005,926.6666666666671,125.42857142857143,86.90205011389521,Below Expected
133,2,86.6,65.44,21,21.159999999999997,1007.6190476190474,87.8,98.63325740318906,Within Expected
83,1,40.53,25.99,16,14.540000000000003,908.7500000000001,40.457142857142856,100.18008474576273,Within Expected
182,2,162.8,157.82,16,4.980000000000018,311.25000000000114,133.2,122.22222222222223,Above Expected
58,0,19.66,13.95,15,5.710000000000001,380.6666666666667,21.2,92.73584905660378,Within Expected
60,0,22.45,10.63,15,11.819999999999999,787.9999999999999,22.6,99.3362831858407,Within Expected
143,2,99.71,84.85,12,14.86,1238.3333333333333,97.51428571428572,102.25168473483737,Within Expected
142,2,92.46,85.47,7,6.989999999999995,998.5714285714279,96.54285714285714,95.77093814738087,Within Expected
139,2,78.71,75.48,3,3.2299999999999898,1076.6666666666633,93.62857142857142,84.06621910283796,Below Expected
37,0,10.02,9.31,5,0.7099999999999991,141.99999999999983,10.27142857142857,97.55215577190542,Within Expected
76,1,31.34,22.38,10,8.96,896.0000000000001,34.614285714285714,90.54065208419316,Within Expected
127,2,80.61,72.69,8,7.920000000000002,990.0000000000002,81.97142857142858,98.3391425583827,Within Expected
190,2,129.61,123.88,8,5.730000000000018,716.2500000000023,139.9142857142857,92.63528691035329,Within Expected
155,2,101.04,88.39,12,12.650000000000006,1054.1666666666672,108.92857142857143,92.75803278688525,Within Expected
67,0,22.28,7.42,14,14.860000000000001,1061.4285714285716,27.67142857142857,80.5162622612287,Below Expected
62,0,20.83,13.33,11,7.499999999999998,681.8181818181816,24.0,86.79166666666666,Below Expected
49,0,16.68,14.45,6,2.2300000000000004,371.66666666666674,15.4,108.31168831168831,Within Expected
103,1,56.1,45.02,11,11.079999999999998,1007.2727272727271,58.642857142857146,95.6638246041413,Within Expected
55,0,16.89,11.67,10,5.220000000000001,522.0,19.17142857142857,88.09985096870344,Below Expected
42,0,14.55,10.79,10,3.7600000000000016,376.00000000000017,12.2,119.26229508196722,Above Expected
99,1,53.01,49.28,7,3.729999999999997,532.8571428571423,54.92857142857143,96.50715214564369,Within Expected
156,2,124.81,103.67,20,21.14,1057.0,109.85714285714286,113.6111833550065,Above Expected
95,1,49.32,42.89,17,6.43,378.2352941176471,51.214285714285715,96.30125523012552,Within Expected
68,0,27.01,22.34,5,4.670000000000002,934.0000000000003,28.414285714285715,95.05781799899448,Within Expected
93,1,49.01,27.86,18,21.15,1174.9999999999998,49.357142857142854,99.29667149059334,Within Expected
100,1,61.97,56.07,12,5.899999999999999,491.6666666666665,55.857142857142854,110.94373401534527,Above Expected
166,2,130.0,126.21,5,3.7900000000000063,758.0000000000013,119.14285714285714,109.1127098321343,Within Expected
118,1,75.1,69.93,5,5.1699999999999875,1033.9999999999975,73.12857142857142,102.69583903106077,Within Expected
51,0,18.87,11.86,16,7.010000000000002,438.1250000000001,16.65714285714286,113.28473413379075,Above Expected
100,1,54.35,42.06,9,12.29,1365.5555555555554,55.857142857142854,97.30179028132994,Within Expected
90,1,59.53,35.86,19,23.67,1245.7894736842106,46.614285714285714,127.70763101440392,Above Expected
85,1,39.26,27.7,19,11.559999999999999,608.4210526315788,42.18571428571428,93.06467998645445,Within Expected
175,2,127.6,118.82,10,8.780000000000001,878.0000000000001,127.2,100.31446540880502,Within Expected
80,1,39.71,29.4,14,10.310000000000002,736.4285714285716,37.92857142857142,104.69679849340866,Within Expected
136,2,92.65,73.5,20,19.150000000000006,957.5000000000002,90.71428571428571,102.13385826771655,Within Expected
67,0,24.84,13.4,14,11.44,817.1428571428571,27.67142857142857,89.76768198244709,Below Expected
99,1,41.06,33.5,7,7.560000000000002,1080.0000000000002,54.92857142857143,74.7516254876463,Below Expected
138,2,79.87,68.5,14,11.370000000000005,812.1428571428575,92.65714285714286,86.19950662966389,Below Expected
87,1,31.34,19.9,12,11.440000000000001,953.3333333333335,43.957142857142856,71.29671758206045,Below Expected
60,0,25.22,20.93,5,4.289999999999999,857.9999999999999,22.6,111.5929203539823,Above Expected
122,1,87.41,81.16,6,6.25,1041.6666666666667,77.05714285714285,113.43529847979237,Above Expected
152,2,112.55,98.8,13,13.75,1057.6923076923076,106.11428571428571,106.06488960689285,Within Expected
71,1,35.46,26.82,14,8.64,617.1428571428572,30.685714285714283,115.5586592178771,Above Expected
196,2,151.01,142.35,10,8.659999999999997,865.9999999999997,144.8,104.28867403314916,Within Expected
129,2,103.06,88.19,18,14.870000000000005,826.1111111111113,83.91428571428571,122.81579843377597,Above Expected
56,0,16.13,4.34,21,11.79,561.4285714285713,19.8,81.46464646464646,Below Expected
121,1,70.7,55.61,21,15.090000000000003,718.5714285714288,76.07142857142857,92.93896713615024,Within Expected
84,1,44.17,36.51,16,7.660000000000004,478.7500000000002,41.3,106.9491525423729,Within Expected
104,1,71.02,47.71,18,23.309999999999995,1294.9999999999998,59.57142857142857,119.21822541966426,Above Expected
95,1,48.37,41.79,8,6.579999999999998,822.4999999999998,51.214285714285715,94.44630404463041,Within Expected
45,0,13.8,7.32,17,6.48,381.17647058823536,13.571428571428571,101.6842105263158,Within Expected
92,1,46.88,32.33,12,14.550000000000004,1212.5000000000005,48.42857142857143,96.8023598820059,Within Expected
130,2,85.3,72.05,12,13.25,1104.1666666666667,84.88571428571429,100.48805116122517,Within Expected
183,2,131.52,120.71,11,10.810000000000016,982.7272727272742,134.04285714285714,98.11787274858787,Within Expected
166,2,144.75,132.59,13,12.159999999999997,935.3846153846151,119.14285714285714,121.4928057553957,Above Expected
144,2,89.81,62.13,18,27.68,1537.7777777777776,98.48571428571428,91.19089062953294,Within Expected
113,1,57.71,39.23,19,18.480000000000004,972.6315789473687,68.27142857142857,84.53023645114041,Below Expected
32,0,9.37,8.24,5,1.129999999999999,225.9999999999998,8.557142857142857,109.49916527545909,Within Expected
192,2,121.24,112.46,13,8.780000000000001,675.3846153846155,141.54285714285714,85.65603552684699,Below Expected
81,1,32.19,25.94,7,6.2499999999999964,892.8571428571423,38.77142857142857,83.02505526897568,Below Expected
68,0,18.81,6.17,19,12.639999999999999,665.2631578947368,28.414285714285715,66.19909502262443,Below Expected
154,2,104.21,92.63,12,11.579999999999998,964.9999999999999,108.0,96.49074074074073,Within Expected
38,0,11.09,7.2,14,3.8899999999999997,277.85714285714283,10.657142857142857,104.06166219839143,Within Expected
32,0,8.84,6.8,11,2.04,185.45454545454547,8.557142857142857,103.30550918196994,Within Expected
192,2,115.54,112.05,4,3.490000000000009,872.5000000000023,141.54285714285714,81.62898667743238,Below Expected
104,1,63.83,56.07,8,7.759999999999998,969.9999999999998,59.57142857142857,107.14868105515588,Within Expected
127,2,80.61,57.62,20,22.990000000000002,1149.5000000000002,81.97142857142858,98.3391425583827,Within Expected
35,0,7.77,6.5,4,1.2699999999999996,317.4999999999999,9.5,81.78947368421052,Below Expected
60,0,21.79,7.91,18,13.879999999999999,771.1111111111111,22.6,96.41592920353982,Within Expected
168,2,88.77,77.2,8,11.569999999999993,1446.249999999999,121.0,73.36363636363636,Below Expected
57,0,17.98,14.73,4,3.25,812.5,20.5,87.70731707317073,Below Expected
104,1,53.63,49.49,5,4.140000000000001,828.0000000000001,59.57142857142857,90.02637889688249,Within Expected
141,2,85.63,78.65,6,6.97999999999999,1163.3333333333317,95.57142857142857,89.59790732436473,Below Expected
158,2,96.2,93.92,3,2.280000000000001,760.0000000000003,111.71428571428571,86.11253196930947,Below Expected
134,2,80.13,75.62,5,4.509999999999991,901.9999999999982,88.77142857142857,90.26552944962987,Within Expected
127,2,76.85,74.54,3,2.309999999999988,769.999999999996,81.97142857142858,93.7521784593935,Within Expected
124,1,93.33,63.17,20,30.159999999999997,1507.9999999999998,79.02857142857142,118.09652928416486,Above Expected
190,2,153.1,142.24,17,10.859999999999985,638.8235294117638,139.9142857142857,109.42413722687358,Within Expected
93,1,52.24,50.05,6,2.190000000000005,365.0000000000008,49.357142857142854,105.84081041968163,Within Expected
152,2,98.33,85.79,18,12.539999999999992,696.6666666666662,106.11428571428571,92.66424340333872,Within Expected
141,2,113.49,106.33,8,7.159999999999997,894.9999999999995,95.57142857142857,118.74887892376682,Above Expected
98,1,57.18,52.34,5,4.839999999999996,967.9999999999993,54.0,105.8888888888889,Within Expected
158,2,114.96,109.07,6,5.890000000000001,981.6666666666667,111.71428571428571,102.90537084398976,Within Expected
155,2,121.07,111.61,16,9.459999999999994,591.2499999999997,108.92857142857143,111.1462295081967,Above Expected
47,0,17.34,14.45,7,2.8900000000000006,412.85714285714295,14.485714285714286,119.70414201183432,Above Expected
69,0,31.28,19.41,12,11.870000000000001,989.1666666666667,29.157142857142855,107.28074473297404,Within Expected
81,1,26.88,4.52,21,22.36,1064.7619047619048,38.77142857142857,69.32940309506263,Below Expected
117,1,75.77,64.55,21,11.219999999999999,534.2857142857142,72.15714285714286,105.00692932092655,Within Expected
36,0,11.21,8.72,5,2.49,498.00000000000006,9.885714285714286,113.39595375722544,Above Expected
54,0,18.93,17.07,7,1.8599999999999994,265.7142857142856,18.542857142857144,102.08782742681046,Within Expected
93,1,55.42,37.66,18,17.760000000000005,986.666666666667,49.357142857142854,112.28364688856732,Above Expected
101,1,51.01,41.38,11,9.629999999999995,875.454545454545,56.785714285714285,89.82893081761006,Below Expected
172,2,142.34,122.76,17,19.58,1151.7647058823527,124.54285714285714,114.28997476485432,Above Expected
151,2,108.8,87.07,20,21.730000000000004,1086.5000000000002,105.17142857142858,103.45014941591957,Within Expected
116,1,83.79,79.48,5,4.310000000000002,862.0000000000005,71.18571428571428,117.70620108368455,Above Expected
134,2,81.89,72.22,8,9.670000000000002,1208.7500000000002,88.77142857142857,92.24814934019955,Within Expected
114,1,87.85,83.16,5,4.689999999999998,937.9999999999995,69.24285714285713,126.87229213946772,Above Expected
120,1,68.93,62.63,7,6.300000000000004,900.0000000000006,75.08571428571427,91.80175038051752,Within Expected
111,1,69.36,58.41,14,10.950000000000003,782.1428571428573,66.32857142857142,104.57032091320269,Within Expected
41,0,11.95,7.33,11,4.619999999999999,419.99999999999994,11.814285714285713,101.14873035066505,Within Expected
182,2,130.09,119.11,19,10.980000000000004,577.8947368421054,133.2,97.66516516516518,Within Expected
121,1,84.41,74.73,8,9.679999999999993,1209.999999999999,76.07142857142857,110.96150234741783,Above Expected
80,1,34.95,31.21,5,3.740000000000002,748.0000000000005,37.92857142857142,92.14689265536725,Within Expected
34,0,9.16,7.3,8,1.8600000000000003,232.50000000000003,9.185714285714287,99.72006220839812,Within Expected
71,1,28.47,16.67,17,11.799999999999997,694.1176470588234,30.685714285714283,92.77932960893855,Within Expected
67,0,26.77,23.8,4,2.969999999999999,742.4999999999998,27.67142857142857,96.74238513164688,Within Expected
150,2,101.97,93.77,14,8.200000000000003,585.714285714286,104.22857142857143,97.83305921052632,Within Expected
80,1,46.84,26.93,18,19.910000000000004,1106.1111111111113,37.92857142857142,123.49529190207159,Above Expected
194,2,156.23,145.58,11,10.649999999999977,968.1818181818162,143.17142857142858,109.12093394532027,Within Expected
39,0,12.29,7.88,10,4.409999999999999,440.99999999999994,11.042857142857143,111.29366106080208,Above Expected
31,0,7.6,6.71,4,0.8899999999999997,222.49999999999991,8.242857142857144,92.2010398613518,Within Expected
79,1,41.89,26.26,18,15.629999999999999,868.3333333333333,37.08571428571428,112.95454545454547,Above Expected
76,1,37.2,27.04,20,10.160000000000004,508.0000000000002,34.614285714285714,107.47007841518779,Within Expected
194,2,133.1,126.54,9,6.559999999999988,728.8888888888875,143.17142857142858,92.9654759529036,Within Expected
121,1,76.86,56.73,21,20.130000000000003,958.5714285714288,76.07142857142857,101.03661971830986,Within Expected
112,1,51.65,36.99,16,14.659999999999997,916.2499999999998,67.3,76.74591381872214,Below Expected
135,2,98.11,92.01,5,6.099999999999994,1219.9999999999989,89.74285714285713,109.32346386501115,Within Expected
112,1,64.21,56.7,8,7.509999999999991,938.7499999999989,67.3,95.40861812778603,Within Expected
88,1,54.24,49.63,6,4.609999999999999,768.3333333333333,44.84285714285714,120.95571838165023,Above Expected
62,0,24.1,15.76,13,8.340000000000002,641.5384615384617,24.0,100.41666666666667,Within Expected
166,2,106.9,96.04,10,10.86,1085.9999999999998,119.14285714285714,89.72422062350121,Below Expected
54,0,17.86,12.98,6,4.879999999999999,813.3333333333331,18.542857142857144,96.31741140215715,Within Expected
170,2,111.64,101.01,10,10.629999999999995,1062.9999999999995,122.77142857142857,90.9332092157319,Within Expected
131,2,92.82,85.54,7,7.279999999999987,1039.999999999998,85.85714285714286,108.1098169717138,Within Expected
50,0,14.97,9.32,15,5.65,376.6666666666667,16.02857142857143,93.39572192513369,Within Expected
186,2,132.62,121.63,12,10.990000000000009,915.833333333334,136.57142857142856,97.10669456066947,Within Expected
147,2,98.6,95.49,3,3.1099999999999994,1036.6666666666665,101.4,97.2386587771203,Within Expected
163,2,118.45,104.35,16,14.100000000000009,881.2500000000006,116.35714285714286,101.7986494782075,Within Expected
112,1,64.62,47.18,18,17.440000000000005,968.8888888888891,67.3,96.0178306092125,Within Expected
177,2,139.3,128.82,11,10.480000000000018,952.7272727272745,128.9142857142857,108.05629432624116,Within Expected
42,0,10.75,6.18,14,4.57,326.42857142857144,12.2,88.11475409836066,Below Expected
176,2,122.41,119.03,4,3.3799999999999955,844.9999999999989,128.05714285714285,95.5901383311022,Within Expected
29,0,8.08,5.91,8,2.17,271.25,7.614285714285714,106.11632270168856,Within Expected
183,2,134.07,122.1,18,11.969999999999999,664.9999999999999,134.04285714285714,100.02024938718958,Within Expected
172,2,119.39,111.66,14,7.730000000000004,552.1428571428573,124.54285714285714,95.86258316127552,Within Expected
65,0,20.77,7.58,19,13.19,694.2105263157895,26.185714285714283,79.31805782869613,Below Expected
70,1,31.94,22.8,10,9.14,914.0,29.9,106.82274247491638,Within Expected
183,2,147.25,136.81,15,10.439999999999998,695.9999999999999,134.04285714285714,109.85292550357029,Within Expected
63,0,26.44,16.92,17,9.52,559.9999999999999,24.7,107.04453441295547,Within Expected
164,2,118.82,96.68,18,22.139999999999986,1229.9999999999993,117.28571428571429,101.30816077953715,Within Expected
62,0,23.53,8.82,16,14.71,919.375,24.0,98.04166666666667,Within Expected
131,2,82.78,70.29,13,12.489999999999995,960.7692307692304,85.85714285714286,96.41597337770382,Within Expected
155,2,115.73,90.24,20,25.49000000000001,1274.5000000000005,108.92857142857143,106.2439344262295,Within Expected
32,0,7.02,5.92,7,1.0999999999999996,157.14285714285708,8.557142857142857,82.03672787979967,Below Expected
50,0,12.17,5.78,10,6.39,639.0,16.02857142857143,75.92691622103386,Below Expected
92,1,46.55,36.08,15,10.469999999999999,698.0,48.42857142857143,96.12094395280235,Within Expected
170,2,141.62,129.19,16,12.430000000000007,776.8750000000005,122.77142857142857,115.35257156155458,Above Expected
76,1,40.94,29.96,14,10.979999999999997,784.285714285714,34.614285714285714,118.27486586875773,Above Expected
139,2,89.49,63.45,17,26.039999999999992,1531.7647058823525,93.62857142857142,95.57979859627709,Within Expected
87,1,43.0,38.62,6,4.380000000000003,730.0000000000005,43.957142857142856,97.8225544361391,Within Expected
71,1,32.16,24.97,9,7.189999999999998,798.8888888888887,30.685714285714283,104.80446927374301,Within Expected
89,1,52.16,34.69,18,17.47,970.5555555555555,45.72857142857143,114.06435488909715,Above Expected
96,1,45.48,40.11,7,5.369999999999997,767.1428571428568,52.142857142857146,87.22191780821916,Below Expected
86,1,51.46,47.58,3,3.8800000000000026,1293.3333333333342,43.07142857142857,119.47595356550582,Above Expected
112,1,72.11,67.31,8,4.799999999999997,599.9999999999997,67.3,107.14710252600297,Within Expected
87,1,40.32,37.36,3,2.960000000000001,986.666666666667,43.957142857142856,91.72570685732857,Within Expected
147,2,76.42,67.12,8,9.299999999999997,1162.4999999999995,101.4,75.36489151873768,Below Expected
40,0,11.86,9.37,7,2.49,355.7142857142858,11.428571428571429,103.77499999999999,Within Expected
78,1,41.29,35.43,9,5.859999999999999,651.1111111111111,36.24285714285714,113.92589672841939,Above Expected
71,1,34.47,17.48,21,16.99,809.047619047619,30.685714285714283,112.33240223463687,Above Expected
100,1,65.12,59.36,7,5.760000000000005,822.8571428571436,55.857142857142854,116.5831202046036,Above Expected
73,1,30.48,20.83,13,9.650000000000002,742.3076923076925,32.25714285714285,94.49069973427814,Within Expected
172,2,106.34,88.24,19,18.10000000000001,952.6315789473688,124.54285714285714,85.38426244551502,Below Expected
95,1,63.58,48.85,16,14.729999999999997,920.6249999999998,51.214285714285715,124.14504881450488,Above Expected
120,1,57.02,49.91,6,7.1100000000000065,1185.0000000000011,75.08571428571427,75.93987823439879,Below Expected
57,0,21.31,13.18,13,8.129999999999999,625.3846153846154,20.5,103.95121951219512,Within Expected
69,0,23.53,13.44,17,10.090000000000002,593.529411764706,29.157142857142855,80.70063694267517,Below Expected
77,1,32.67,19.31,13,13.360000000000003,1027.6923076923078,35.4,92.28813559322035,Within Expected
121,1,69.42,58.08,10,11.340000000000003,1134.0000000000005,76.07142857142857,91.25633802816901,Within Expected
69,0,36.86,30.44,7,6.419999999999998,917.1428571428569,29.157142857142855,126.41842234198923,Above Expected
118,1,79.65,61.76,13,17.890000000000008,1376.1538461538466,73.12857142857142,108.91775737448724,Within Expected
187,2,157.0,141.59,20,15.409999999999997,770.4999999999999,137.4142857142857,114.2530408566379,Above Expected
173,2,108.23,103.52,8,4.710000000000008,588.750000000001,125.42857142857143,86.28815489749431,Below Expected
133,2,87.84,77.2,16,10.64,665.0,87.8,100.04555808656038,Within Expected
132,2,55.95,47.37,11,8.580000000000005,780.0000000000005,86.82857142857142,64.43731490621916,Below Expected
56,0,22.89,16.24,12,6.650000000000002,554.1666666666669,19.8,115.6060606060606,Above Expected
51,0,17.32,15.5,3,1.8200000000000003,606.6666666666667,16.65714285714286,103.97941680960547,Within Expected
113,1,75.38,71.77,4,3.6099999999999994,902.4999999999999,68.27142857142857,110.41222012973424,Above Expected
168,2,110.69,104.93,7,5.759999999999991,822.8571428571415,121.0,91.4793388429752,Within Expected
77,1,43.11,30.6,21,12.509999999999998,595.7142857142857,35.4,121.77966101694915,Above Expected
99,1,56.35,38.29,18,18.060000000000002,1003.3333333333334,54.92857142857143,102.58777633289986,Within Expected
118,1,88.39,70.7,20,17.689999999999998,884.4999999999999,73.12857142857142,120.86931041218989,Above Expected
158,2,105.83,94.48,14,11.349999999999994,810.7142857142853,111.71428571428571,94.73273657289003,Within Expected
66,0,33.87,25.37,14,8.499999999999996,607.1428571428569,26.928571428571427,125.77718832891247,Above Expected
117,1,73.49,59.28,15,14.209999999999994,947.3333333333329,72.15714285714286,101.84715897842011,Within Expected
168,2,134.69,125.41,15,9.280000000000001,618.6666666666667,121.0,111.31404958677686,Above Expected
155,2,129.24,120.3,15,8.940000000000012,596.0000000000008,108.92857142857143,118.64655737704919,Above Expected
165,2,122.84,117.27,6,5.570000000000007,928.3333333333346,118.21428571428571,103.9129909365559,Within Expected
74,1,33.15,20.63,16,12.52,782.5,33.042857142857144,100.32425421530479,Within Expected
83,1,38.27,29.16,13,9.110000000000003,700.7692307692311,40.457142857142856,94.59392655367232,Within Expected
57,0,22.97,9.02,17,13.95,820.5882352941176,20.5,112.04878048780486,Above Expected
139,2,108.33,95.46,12,12.870000000000005,1072.5000000000005,93.62857142857142,115.70186145865122,Above Expected
136,2,88.25,72.17,20,16.08,803.9999999999999,90.71428571428571,97.28346456692914,Within Expected
60,0,19.9,13.8,6,6.099999999999998,1016.6666666666664,22.6,88.05309734513274,Below Expected
189,2,116.95,100.41,14,16.540000000000006,1181.428571428572,139.1,84.07620416966212,Below Expected
157,2,108.62,105.31,3,3.3100000000000023,1103.3333333333342,110.78571428571429,98.04513217279175,Within Expected
187,2,123.87,116.71,7,7.160000000000011,1022.8571428571445,137.4142857142857,90.14346605676266,Within Expected
163,2,128.67,110.8,20,17.86999999999999,893.4999999999995,116.35714285714286,110.58195211786371,Above Expected
78,1,39.21,30.52,12,8.690000000000001,724.1666666666667,36.24285714285714,108.18683484430431,Within Expected
116,1,84.78,70.95,16,13.829999999999998,864.3749999999999,71.18571428571428,119.09692956050573,Above Expected
85,1,51.21,44.41,8,6.800000000000004,850.0000000000006,42.18571428571428,121.39180494412463,Above Expected
81,1,40.6,33.09,10,7.509999999999998,750.9999999999998,38.77142857142857,104.7162859248342,Within Expected
34,0,12.26,10.92,6,1.3399999999999999,223.33333333333331,9.185714285714287,133.46811819595644,Above Expected
55,0,22.23,16.27,11,5.960000000000001,541.8181818181819,19.17142857142857,115.95380029806259,Above Expected
157,2,119.98,112.03,15,7.950000000000003,530.0000000000001,110.78571428571429,108.29916183107673,Within Expected
142,2,89.5,70.9,13,18.599999999999994,1430.7692307692303,96.54285714285714,92.70494229061852,Within Expected
84,1,49.71,36.38,11,13.329999999999998,1211.8181818181818,41.3,120.363196125908,Above Expected
123,1,76.11,62.62,15,13.490000000000002,899.3333333333335,78.04285714285714,97.52333882482152,Within Expected
158,2,114.32,107.94,6,6.3799999999999955,1063.3333333333326,111.71428571428571,102.33248081841433,Within Expected
189,2,147.64,138.13,10,9.509999999999991,950.9999999999991,139.1,106.13946800862688,Within Expected
77,1,43.56,32.27,15,11.29,752.6666666666666,35.4,123.05084745762713,Above Expected
44,0,10.96,0.82,21,10.14,482.8571428571429,13.114285714285714,83.57298474945534,Below Expected
119,1,76.66,53.18,19,23.479999999999997,1235.7894736842104,74.1,103.45479082321188,Within Expected
44,0,13.92,11.88,8,2.039999999999999,254.9999999999999,13.114285714285714,106.14379084967321,Within Expected
138,2,83.11,71.61,12,11.5,958.3333333333334,92.65714285714286,89.69626888683318,Below Expected
181,2,162.24,158.11,7,4.1299999999999955,589.9999999999993,132.34285714285713,122.59067357512956,Above Expected
110,1,77.24,63.77,13,13.469999999999992,1036.1538461538455,65.35714285714286,118.18142076502731,Above Expected
83,1,38.27,24.43,19,13.840000000000003,728.4210526315791,40.457142857142856,94.59392655367232,Within Expected
117,1,78.85,71.27,8,7.579999999999998,947.4999999999998,72.15714285714286,109.27539101168084,Within Expected
76,1,31.61,24.54,9,7.07,785.5555555555555,34.614285714285714,91.32067684688403,Within Expected
87,1,47.78,39.94,7,7.840000000000003,1120.0000000000005,43.957142857142856,108.6967825804355,Within Expected
69,0,40.19,28.89,14,11.299999999999997,807.1428571428569,29.157142857142855,137.8392944634983,Above Expected
39,0,11.31,7.3,12,4.010000000000001,334.16666666666674,11.042857142857143,102.41914618369987,Within Expected
123,1,79.73,61.75,19,17.980000000000004,946.3157894736844,78.04285714285714,102.16181585209591,Within Expected
75,1,29.52,8.57,21,20.95,997.6190476190476,33.82857142857143,87.26351351351352,Below Expected
60,0,27.83,20.03,13,7.799999999999997,599.9999999999998,22.6,123.14159292035396,Above Expected
90,1,41.21,36.83,5,4.380000000000003,876.0000000000006,46.614285714285714,88.40637450199203,Below Expected
44,0,10.45,4.05,13,6.3999999999999995,492.30769230769226,13.114285714285714,79.68409586056644,Below Expected
153,2,105.85,98.29,8,7.559999999999988,944.9999999999985,107.05714285714286,98.872431278356,Within Expected
62,0,23.94,22.23,3,1.7100000000000009,570.0000000000002,24.0,99.75,Within Expected
189,2,158.92,141.34,21,17.579999999999984,837.1428571428564,139.1,114.24874191229331,Above Expected
123,1,99.45,90.78,8,8.670000000000002,1083.7500000000002,78.04285714285714,127.42998352553543,Above Expected
28,0,8.27,7.02,6,1.25,208.33333333333334,7.3,113.2876712328767,Above Expected
175,2,117.13,108.79,8,8.33999999999999,1042.4999999999986,127.2,92.08333333333333,Within Expected
55,0,17.67,15.78,6,1.8900000000000023,315.0000000000004,19.17142857142857,92.16840536512669,Within Expected
48,0,16.16,6.38,18,9.780000000000001,543.3333333333335,14.942857142857143,108.1453154875717,Within Expected
67,0,31.13,25.1,10,6.029999999999998,602.9999999999998,27.67142857142857,112.49870934434693,Above Expected
124,1,68.27,55.68,10,12.589999999999996,1258.9999999999998,79.02857142857142,86.38647866955893,Below Expected
129,2,86.44,65.85,19,20.590000000000003,1083.684210526316,83.91428571428571,103.00987402110997,Within Expected
110,1,72.34,49.3,17,23.040000000000006,1355.2941176470592,65.35714285714286,110.68415300546448,Above Expected
128,2,64.36,48.28,16,16.08,1004.9999999999999,82.94285714285714,77.59559076817087,Below Expected
88,1,52.08,49.84,3,2.239999999999995,746.6666666666649,44.84285714285714,116.13889773813317,Above Expected
177,2,142.92,138.53,5,4.389999999999986,877.9999999999973,128.9142857142857,110.86436170212765,Above Expected
172,2,120.33,115.67,8,4.659999999999997,582.4999999999995,124.54285714285714,96.6173434273916,Within Expected
89,1,43.92,27.06,17,16.860000000000003,991.7647058823532,45.72857142857143,96.04498594189317,Within Expected
99,1,58.89,46.68,14,12.21,872.1428571428572,54.92857142857143,107.21196358907672,Within Expected
181,2,124.51,110.69,17,13.820000000000007,812.9411764705887,132.34285714285713,94.081390328152,Within Expected
152,2,120.35,108.09,13,12.259999999999991,943.0769230769224,106.11428571428571,113.41545503500268,Above Expected
179,2,103.71,80.57,21,23.14,1101.904761904762,130.62857142857143,79.39304461942255,Below Expected
51,0,16.61,13.08,7,3.5299999999999994,504.2857142857142,16.65714285714286,99.71698113207546,Within Expected
142,2,115.75,107.13,8,8.620000000000005,1077.5000000000005,96.54285714285714,119.89493933116306,Above Expected
55,0,17.75,12.24,15,5.51,367.33333333333337,19.17142857142857,92.58569299552907,Within Expected
85,1,45.23,38.73,6,6.5,1083.3333333333333,42.18571428571428,107.21639011175077,Within Expected
177,2,109.48,105.75,5,3.730000000000004,746.0000000000008,128.9142857142857,84.92464539007094,Below Expected
134,2,88.79,66.17,17,22.620000000000005,1330.5882352941178,88.77142857142857,100.02092050209205,Within Expected
146,2,126.55,123.63,3,2.9200000000000017,973.3333333333339,100.42857142857143,126.0099573257468,Above Expected
177,2,88.58,69.79,19,18.789999999999992,988.9473684210523,128.9142857142857,68.71232269503547,Below Expected
147,2,73.8,57.54,17,16.259999999999998,956.4705882352939,101.4,72.78106508875739,Below Expected
172,2,116.13,107.42,9,8.709999999999994,967.777777777777,124.54285714285714,93.24501032346868,Within Expected
59,0,22.91,20.88,3,2.030000000000001,676.6666666666671,21.9,104.61187214611873,Within Expected
125,1,82.71,77.69,5,5.019999999999996,1003.9999999999991,80.01428571428572,103.36904124263523,Within Expected
71,1,30.58,23.82,15,6.759999999999998,450.6666666666666,30.685714285714283,99.65549348230913,Within Expected
139,2,109.34,80.92,21,28.42,1353.3333333333335,93.62857142857142,116.78059200488254,Above Expected
129,2,80.98,67.43,13,13.549999999999997,1042.3076923076922,83.91428571428571,96.50323459312224,Within Expected
188,2,134.23,123.01,19,11.219999999999985,590.5263157894728,138.25714285714284,97.08720810084729,Within Expected
53,0,15.54,10.19,16,5.35,334.375,17.914285714285715,86.74641148325358,Below Expected
176,2,134.86,115.14,20,19.720000000000013,986.0000000000007,128.05714285714285,105.31236055332442,Within Expected
164,2,114.82,110.38,5,4.439999999999998,887.9999999999995,117.28571428571429,97.89768574908648,Within Expected
133,2,89.36,67.15,20,22.209999999999994,1110.4999999999995,87.8,101.77676537585421,Within Expected
54,0,16.38,14.8,4,1.5799999999999983,394.99999999999955,18.542857142857144,88.33590138674883,Below Expected
112,1,62.67,51.76,15,10.910000000000004,727.3333333333336,67.3,93.12035661218425,Within Expected
181,2,156.56,148.2,9,8.360000000000014,928.8888888888904,132.34285714285713,118.2987910189983,Above Expected
176,2,135.34,116.7,20,18.64,932.0,128.05714285714285,105.6871932173137,Within Expected
105,1,59.95,46.42,19,13.530000000000001,712.1052631578948,60.5,99.0909090909091,Within Expected
141,2,123.47,106.79,17,16.679999999999993,981.1764705882349,95.57142857142857,129.1913303437967,Above Expected
186,2,122.35,100.9,20,21.44999999999999,1072.4999999999993,136.57142857142856,89.58682008368201,Below Expected
64,0,22.59,14.78,12,7.8100000000000005,650.8333333333334,25.442857142857143,88.7871982032566,Below Expected
80,1,36.02,26.22,10,9.800000000000004,980.0000000000005,37.92857142857142,94.96798493408664,Within Expected
110,1,61.77,46.64,17,15.130000000000003,890.0000000000001,65.35714285714286,94.51147540983607,Within Expected
146,2,98.42,88.12,21,10.299999999999997,490.47619047619037,100.42857142857143,98.0,Within Expected
100,1,46.17,30.7,21,15.470000000000002,736.6666666666669,55.857142857142854,82.65728900255755,Below Expected
122,1,90.86,79.35,15,11.510000000000005,767.3333333333336,77.05714285714285,117.91249536522062,Above Expected
163,2,120.8,109.25,15,11.549999999999997,769.9999999999998,116.35714285714286,103.81829343155309,Within Expected
107,1,49.53,41.3,10,8.230000000000004,823.0000000000005,62.44285714285714,79.32052161976665,Below Expected
147,2,112.15,108.74,4,3.410000000000011,852.5000000000027,101.4,110.6015779092702,Above Expected
133,2,85.38,72.35,21,13.030000000000001,620.4761904761905,87.8,97.24373576309794,Within Expected
72,1,29.79,18.41,17,11.379999999999999,669.4117647058822,31.47142857142857,94.6572855197458,Within Expected
46,0,15.01,9.59,17,5.42,318.82352941176475,14.028571428571428,106.9959266802444,Within Expected
152,2,121.64,97.99,16,23.650000000000006,1478.1250000000005,106.11428571428571,114.6311254711901,Above Expected
139,2,111.56,90.95,17,20.61,1212.3529411764707,93.62857142857142,119.15166310649987,Above Expected
177,2,108.52,103.12,5,5.3999999999999915,1079.9999999999982,128.9142857142857,84.17996453900709,Below Expected
169,2,150.21,141.57,8,8.640000000000015,1080.0000000000018,121.88571428571429,123.23839662447259,Above Expected
68,0,26.28,10.86,20,15.420000000000002,771.0000000000001,28.414285714285715,92.48868778280543,Within Expected
130,2,91.0,66.77,19,24.230000000000004,1275.263157894737,84.88571428571429,107.20296196566812,Within Expected
45,0,12.95,9.72,14,3.2299999999999986,230.7142857142856,13.571428571428571,95.42105263157895,Within Expected
136,2,89.8,86.57,3,3.230000000000004,1076.6666666666679,90.71428571428571,98.99212598425197,Within Expected
122,1,76.01,72.4,5,3.6099999999999994,721.9999999999999,77.05714285714285,98.64108268446424,Within Expected
196,2,100.85,91.66,9,9.189999999999998,1021.1111111111109,144.8,69.6477900552486,Below Expected
101,1,41.68,28.52,10,13.16,1316.0,56.785714285714285,73.39874213836478,Below Expected
60,0,26.27,22.19,6,4.079999999999998,679.9999999999998,22.6,116.23893805309733,Above Expected
92,1,48.84,27.55,21,21.290000000000003,1013.809523809524,48.42857142857143,100.8495575221239,Within Expected
49,0,13.68,4.42,18,9.26,514.4444444444445,15.4,88.83116883116882,Below Expected
52,0,19.37,13.54,8,5.830000000000002,728.7500000000002,17.285714285714285,112.05785123966943,Above Expected
74,1,28.09,25.03,4,3.0599999999999987,764.9999999999997,33.042857142857144,85.0108084738435,Below Expected
91,1,52.8,35.3,20,17.5,875.0,47.5,111.1578947368421,Above Expected
62,0,27.15,15.87,15,11.28,752.0,24.0,113.12499999999999,Above Expected
105,1,54.96,46.34,6,8.619999999999997,1436.6666666666663,60.5,90.84297520661157,Within Expected
187,2,135.86,120.59,17,15.27000000000001,898.2352941176476,137.4142857142857,98.86890529161036,Within Expected
102,1,48.04,43.05,5,4.990000000000002,998.0000000000005,57.714285714285715,83.23762376237623,Below Expected
194,2,145.09,141.63,7,3.460000000000008,494.2857142857154,143.17142857142858,101.34005188585114,Within Expected
45,0,14.65,12.52,7,2.130000000000001,304.2857142857144,13.571428571428571,107.94736842105263,Within Expected
43,0,12.94,4.58,20,8.36,418.0,12.657142857142857,102.23476297968396,Within Expected
91,1,46.69,34.81,16,11.879999999999995,742.4999999999998,47.5,98.29473684210525,Within Expected
124,1,74.07,63.99,11,10.079999999999991,916.3636363636356,79.02857142857142,93.72559652928416,Within Expected
67,0,25.44,24.24,3,1.2000000000000028,400.00000000000097,27.67142857142857,91.93598347960766,Within Expected
121,1,86.51,79.55,7,6.960000000000008,994.2857142857155,76.07142857142857,113.72206572769954,Above Expected
133,2,91.18,77.02,10,14.16000000000001,1416.0000000000011,87.8,103.8496583143508,Within Expected
158,2,109.86,94.73,16,15.129999999999995,945.6249999999998,111.71428571428571,98.34015345268543,Within Expected
71,1,33.88,21.28,14,12.600000000000001,900.0000000000001,30.685714285714283,110.40968342644322,Above Expected
45,0,10.59,8.53,3,2.0600000000000005,686.6666666666669,13.571428571428571,78.03157894736842,Below Expected
54,0,21.59,13.82,15,7.77,518.0,18.542857142857144,116.43297380585516,Above Expected
96,1,50.06,32.88,13,17.18,1321.5384615384617,52.142857142857146,96.0054794520548,Within Expected
129,2,76.55,59.92,11,16.629999999999995,1511.8181818181815,83.91428571428571,91.2240381341505,Within Expected
35,0,8.75,7.33,7,1.42,202.85714285714283,9.5,92.10526315789474,Within Expected
107,1,73.68,70.56,3,3.1200000000000045,1040.0000000000016,62.44285714285714,117.99588194921071,Above Expected
169,2,146.58,143.44,3,3.140000000000015,1046.6666666666715,121.88571428571429,120.26019690576652,Above Expected
146,2,92.4,89.11,3,3.2900000000000063,1096.6666666666688,100.42857142857143,92.00568990042674,Within Expected
105,1,63.4,40.25,21,23.15,1102.3809523809523,60.5,104.79338842975206,Within Expected
151,2,118.35,109.29,8,9.059999999999988,1132.4999999999984,105.17142857142858,112.53056234718825,Above Expected
124,1,77.09,64.42,12,12.670000000000002,1055.8333333333335,79.02857142857142,97.54699927693422,Within Expected
174,2,147.9,140.38,8,7.52000000000001,940.0000000000013,126.31428571428572,117.08889391540376,Above Expected
149,2,87.42,83.81,4,3.6099999999999994,902.4999999999999,103.28571428571429,84.6390041493776,Below Expected
116,1,64.47,46.42,16,18.049999999999997,1128.1249999999998,71.18571428571428,90.56592414208309,Within Expected
130,2,86.64,75.84,10,10.799999999999997,1079.9999999999995,84.88571428571429,102.06664422753282,Within Expected
92,1,50.92,30.89,16,20.03,1251.875,48.42857142857143,105.14454277286136,Within Expected
125,1,80.81,72.49,8,8.320000000000007,1040.000000000001,80.01428571428572,100.9944652740582,Within Expected
89,1,45.87,33.78,14,12.089999999999996,863.5714285714283,45.72857142857143,100.30927835051546,Within Expected
185,2,143.72,135.61,13,8.109999999999985,623.8461538461527,135.72857142857143,105.88780128407535,Within Expected
104,1,65.0,44.33,20,20.67,1033.5,59.57142857142857,109.1127098321343,Within Expected
83,1,42.12,27.87,18,14.249999999999996,791.6666666666665,40.457142857142856,104.11016949152543,Within Expected
91,1,60.24,46.47,20,13.770000000000003,688.5000000000001,47.5,126.82105263157895,Above Expected
111,1,79.48,62.62,16,16.860000000000007,1053.7500000000005,66.32857142857142,119.82769760930434,Above Expected
122,1,71.54,65.82,9,5.720000000000013,635.555555555557,77.05714285714285,92.84019280682242,Within Expected
106,1,62.51,59.85,3,2.6599999999999966,886.6666666666655,61.47142857142857,101.68951894027423,Within Expected
60,0,22.49,19.64,7,2.849999999999998,407.1428571428569,22.6,99.51327433628317,Within Expected
193,2,121.1,117.35,4,3.75,937.5,142.35714285714286,85.06773707977922,Below Expected
58,0,21.09,13.1,10,7.99,799.0,21.2,99.4811320754717,Within Expected
152,2,101.74,100.34,3,1.3999999999999915,466.66666666666384,106.11428571428571,95.87775982767904,Within Expected
42,0,16.64,12.4,9,4.24,471.11111111111114,12.2,136.39344262295083,Above Expected
84,1,55.04,42.61,16,12.43,776.875,41.3,133.2687651331719,Above Expected
94,1,39.82,33.9,7,5.920000000000002,845.714285714286,50.285714285714285,79.1875,Below Expected
111,1,63.38,57.25,5,6.130000000000003,1226.0000000000005,66.32857142857142,95.55459832005171,Within Expected
65,0,29.49,21.46,16,8.029999999999998,501.87499999999983,26.185714285714283,112.61865793780687,Above Expected
57,0,21.55,7.52,15,14.030000000000001,935.3333333333335,20.5,105.1219512195122,Within Expected
151,2,103.6,82.76,17,20.83999999999999,1225.8823529411757,105.17142857142858,98.50584080412929,Within Expected
120,1,80.15,58.27,20,21.880000000000003,1094.0,75.08571428571427,106.74467275494675,Within Expected
92,1,44.38,26.69,20,17.69,884.5000000000001,48.42857142857143,91.64011799410031,Within Expected
131,2,69.13,54.13,13,14.999999999999993,1153.8461538461534,85.85714285714286,80.51747088186355,Below Expected
179,2,118.01,104.19,20,13.820000000000007,691.0000000000003,130.62857142857143,90.34011373578302,Within Expected
146,2,123.3,101.57,18,21.730000000000004,1207.2222222222224,100.42857142857143,122.77382645803698,Above Expected
146,2,96.45,74.15,21,22.299999999999997,1061.9047619047617,100.42857142857143,96.03840682788052,Within Expected
193,2,128.92,126.32,3,2.5999999999999943,866.6666666666648,142.35714285714286,90.5609633718013,Within Expected
34,0,8.3,5.41,11,2.8900000000000006,262.72727272727275,9.185714285714287,90.35769828926905,Within Expected
181,2,131.84,125.54,15,6.299999999999997,419.99999999999983,132.34285714285713,99.62003454231436,Within Expected
104,1,71.74,59.57,13,12.169999999999995,936.1538461538457,59.57142857142857,120.42685851318944,Above Expected
76,1,36.49,31.9,6,4.590000000000003,765.0000000000006,34.614285714285714,105.41890218737105,Within Expected
187,2,127.59,120.03,6,7.560000000000002,1260.0000000000005,137.4142857142857,92.8506081713276,Within Expected
114,1,84.74,73.47,13,11.269999999999996,866.9230769230766,69.24285714285713,122.38085413657933,Above Expected
37,0,10.37,7.16,10,3.209999999999999,320.9999999999999,10.27142857142857,100.95966620305981,Within Expected
64,0,25.4,19.17,14,6.229999999999997,444.9999999999998,25.442857142857143,99.83155530600786,Within Expected
183,2,137.96,131.85,6,6.110000000000014,1018.3333333333355,134.04285714285714,102.92230629862517,Within Expected
48,0,16.38,7.92,17,8.459999999999999,497.64705882352933,14.942857142857143,109.61759082217972,Within Expected
94,1,63.21,55.17,8,8.04,1004.9999999999999,50.285714285714285,125.70170454545455,Above Expected
150,2,125.04,118.58,6,6.460000000000008,1076.6666666666679,104.22857142857143,119.9671052631579,Above Expected
108,1,48.12,37.56,12,10.559999999999995,879.9999999999995,63.41428571428571,75.88195539535931,Below Expected
42,0,9.21,7.97,3,1.240000000000001,413.3333333333337,12.2,75.49180327868854,Below Expected
66,0,19.93,14.15,10,5.779999999999999,578.0,26.928571428571427,74.0106100795756,Below Expected
134,2,99.26,88.81,13,10.450000000000003,803.8461538461542,88.77142857142857,111.81525587383328,Above Expected
129,2,93.31,82.86,21,10.450000000000003,497.61904761904776,83.91428571428571,111.19679945522643,Above Expected
138,2,70.59,62.34,6,8.25,1375.0,92.65714285714286,76.1840888066605,Below Expected
179,2,99.31,93.77,7,5.540000000000006,791.4285714285724,130.62857142857143,76.02471566054243,Below Expected
125,1,59.35,49.68,10,9.670000000000002,967.0000000000002,80.01428571428572,74.17425459739331,Below Expected
195,2,105.27,101.38,4,3.8900000000000006,972.5000000000001,143.9857142857143,73.1114197837087,Below Expected
43,0,14.17,9.61,12,4.5600000000000005,380.00000000000006,12.657142857142857,111.95259593679458,Above Expected
192,2,120.3,117.24,4,3.0600000000000023,765.0000000000006,141.54285714285714,84.99192571659265,Below Expected
47,0,16.49,15.26,3,1.2299999999999986,409.99999999999955,14.485714285714286,113.83629191321498,Above Expected
187,2,129.24,124.52,9,4.720000000000013,524.4444444444459,137.4142857142857,94.05135668988461,Within Expected
56,0,21.29,17.61,5,3.6799999999999997,736.0,19.8,107.52525252525251,Within Expected
34,0,8.35,5.77,10,2.58,258.0,9.185714285714287,90.90202177293934,Within Expected
97,1,49.56,30.39,15,19.17,1278.0,53.07142857142857,93.38358008075372,Within Expected
78,1,35.76,22.76,20,12.999999999999996,649.9999999999998,36.24285714285714,98.66771777690185,Within Expected
98,1,45.06,36.23,13,8.830000000000005,679.2307692307696,54.0,83.44444444444444,Below Expected
172,2,133.35,121.82,14,11.530000000000001,823.5714285714287,124.54285714285714,107.07157604955265,Within Expected
87,1,51.02,46.92,6,4.100000000000001,683.3333333333336,43.957142857142856,116.06759831004226,Above Expected
147,2,107.66,99.55,11,8.11,737.2727272727271,101.4,106.17357001972385,Within Expected
110,1,56.08,49.73,6,6.350000000000001,1058.3333333333335,65.35714285714286,85.8054644808743,Below Expected
180,2,114.66,107.84,7,6.819999999999993,974.2857142857133,131.48571428571427,87.20338983050848,Below Expected
65,0,20.62,14.41,13,6.210000000000001,477.69230769230774,26.185714285714283,78.74522640480089,Below Expected
131,2,77.11,63.06,14,14.049999999999997,1003.5714285714283,85.85714285714286,89.81198003327786,Below Expected
132,2,79.72,65.05,9,14.670000000000002,1630.0000000000002,86.82857142857142,91.81309641329385,Within Expected
122,1,75.29,68.79,10,6.5,650.0,77.05714285714285,97.70671116054878,Within Expected
130,2,82.14,65.85,14,16.290000000000006,1163.571428571429,84.88571428571429,96.76539885560418,Within Expected
74,1,34.9,30.24,6,4.66,776.6666666666667,33.042857142857144,105.6204063986165,Within Expected
33,0,10.09,7.98,7,2.1099999999999994,301.42857142857133,8.871428571428572,113.73590982286635,Above Expected
144,2,112.87,105.2,7,7.670000000000002,1095.7142857142858,98.48571428571428,114.60545401798667,Above Expected
98,1,65.31,59.67,6,5.640000000000001,940.0000000000001,54.0,120.94444444444446,Above Expected
156,2,100.2,92.4,6,7.799999999999997,1299.9999999999995,109.85714285714286,91.20936280884266,Within Expected
62,0,22.92,12.8,15,10.120000000000001,674.6666666666667,24.0,95.5,Within Expected
180,2,131.57,128.82,3,2.75,916.6666666666666,131.48571428571427,100.06410256410257,Within Expected
176,2,101.62,85.02,13,16.60000000000001,1276.9230769230776,128.05714285714285,79.35519857206606,Below Expected
112,1,69.67,56.33,14,13.340000000000003,952.8571428571431,67.3,103.52154531946509,Within Expected
63,0,24.85,13.27,18,11.580000000000002,643.3333333333334,24.7,100.60728744939271,Within Expected
118,1,85.02,81.96,3,3.0600000000000023,1020.0000000000007,73.12857142857142,116.26098847431139,Above Expected
90,1,43.98,38.3,7,5.68,811.4285714285713,46.614285714285714,94.3487588109102,Within Expected
146,2,109.17,101.25,7,7.920000000000002,1131.4285714285716,100.42857142857143,108.70412517780939,Within Expected
136,2,88.47,84.79,6,3.6799999999999926,613.3333333333321,90.71428571428571,97.52598425196851,Within Expected
150,2,82.62,75.64,7,6.980000000000004,997.1428571428577,104.22857142857143,79.26809210526316,Below Expected
96,1,57.35,45.38,17,11.969999999999999,704.1176470588235,52.142857142857146,109.986301369863,Within Expected
87,1,47.01,42.06,6,4.949999999999996,824.9999999999993,43.957142857142856,106.94507637309067,Within Expected
128,2,82.88,72.94,7,9.939999999999998,1419.9999999999998,82.94285714285714,99.92421632793662,Within Expected
158,2,94.5,82.96,11,11.540000000000006,1049.0909090909097,111.71428571428571,84.59079283887469,Below Expected
31,0,6.39,5.49,4,0.8999999999999995,224.99999999999986,8.242857142857144,77.5216637781629,Below Expected
195,2,115.46,105.56,13,9.899999999999991,761.5384615384609,143.9857142857143,80.18851076495683,Below Expected
106,1,58.15,54.34,3,3.809999999999995,1269.9999999999984,61.47142857142857,94.59679293516152,Within Expected
101,1,54.55,42.12,18,12.43,690.5555555555555,56.785714285714285,96.062893081761,Within Expected
186,2,150.33,145.25,6,5.0800000000000125,846.6666666666688,136.57142857142856,110.07426778242679,Above Expected
122,1,83.54,73.63,13,9.91000000000001,762.3076923076932,77.05714285714285,108.41305153874676,Within Expected
106,1,61.52,53.7,16,7.82,488.75,61.47142857142857,100.07901464094819,Within Expected
60,0,20.27,6.4,20,13.87,693.5,22.6,89.69026548672565,Below Expected
31,0,8.7,7.42,5,1.2799999999999994,255.9999999999999,8.242857142857144,105.54592720970535,Within Expected
80,1,40.24,24.35,17,15.89,934.7058823529412,37.92857142857142,106.09416195856876,Within Expected
52,0,17.37,12.98,10,4.390000000000001,439.00000000000006,17.285714285714285,100.48760330578514,Within Expected
192,2,170.63,158.83,15,11.799999999999983,786.6666666666655,141.54285714285714,120.55006055712556,Above Expected
126,2,80.19,72.71,7,7.480000000000004,1068.5714285714291,81.0,99.0,Within Expected
63,0,23.26,7.76,18,15.500000000000002,861.1111111111112,24.7,94.17004048582996,Within Expected
120,1,76.91,69.94,9,6.969999999999999,774.4444444444442,75.08571428571427,102.42960426179606,Within Expected
184,2,133.46,123.7,16,9.760000000000005,610.0000000000003,134.88571428571427,98.9430205464944,Within Expected
162,2,154.38,140.7,13,13.680000000000007,1052.3076923076928,115.42857142857143,133.7450495049505,Above Expected
102,1,57.31,44.26,20,13.050000000000004,652.5000000000002,57.714285714285715,99.29950495049505,Within Expected
125,1,76.32,71.25,10,5.069999999999993,506.9999999999993,80.01428571428572,95.38296732726297,Within Expected
53,0,17.71,14.65,7,3.0600000000000005,437.1428571428572,17.914285714285715,98.85964912280703,Within Expected
108,1,52.05,48.41,5,3.6400000000000006,728.0000000000001,63.41428571428571,82.07929713899527,Below Expected
193,2,132.74,121.24,14,11.500000000000014,821.4285714285724,142.35714285714286,93.24435524335173,Within Expected
82,1,38.72,25.09,19,13.629999999999999,717.3684210526316,39.614285714285714,97.74251712946267,Within Expected
81,1,35.04,30.57,7,4.469999999999999,638.5714285714284,38.77142857142857,90.37582903463523,Within Expected
91,1,39.57,32.88,6,6.689999999999998,1114.9999999999995,47.5,83.30526315789474,Below Expected
56,0,20.13,16.8,5,3.3299999999999983,665.9999999999997,19.8,101.66666666666666,Within Expected
37,0,11.49,7.59,10,3.9000000000000004,390.0,10.27142857142857,111.86369958275384,Above Expected
65,0,21.03,17.15,6,3.8800000000000026,646.6666666666671,26.185714285714283,80.31096563011458,Below Expected
159,2,138.09,134.46,6,3.6299999999999955,604.9999999999992,112.64285714285714,122.59099556119214,Above Expected
154,2,123.19,107.9,21,15.289999999999992,728.0952380952377,108.0,114.06481481481481,Above Expected
93,1,60.1,56.19,4,3.9100000000000037,977.5000000000009,49.357142857142854,121.76555716353113,Above Expected
127,2,83.22,62.21,21,21.009999999999998,1000.4761904761903,81.97142857142858,101.523178807947,Within Expected
115,1,62.48,47.21,11,15.269999999999996,1388.1818181818178,70.21428571428571,88.98474059003053,Below Expected
193,2,161.29,149.21,13,12.079999999999984,929.2307692307679,142.35714285714286,113.29954841946812,Above Expected
59,0,23.28,11.8,17,11.48,675.2941176470588,21.9,106.3013698630137,Within Expected
167,2,118.72,115.56,5,3.1599999999999966,631.9999999999993,120.07142857142857,98.87447947650209,Within Expected
79,1,36.4,31.48,5,4.919999999999998,983.9999999999997,37.08571428571428,98.15100154083206,Within Expected
128,2,68.97,53.96,21,15.009999999999998,714.7619047619047,82.94285714285714,83.15363417154668,Below Expected
106,1,85.68,80.0,4,5.680000000000007,1420.0000000000018,61.47142857142857,139.38182663258195,Above Expected
115,1,60.49,36.21,21,24.28,1156.1904761904761,70.21428571428571,86.15055951169889,Below Expected
129,2,93.78,83.54,10,10.239999999999995,1023.9999999999995,83.91428571428571,111.75689479060267,Above Expected
137,2,97.57,93.82,5,3.75,750.0,91.68571428571428,106.41788719227172,Within Expected
190,2,141.53,121.15,20,20.379999999999995,1018.9999999999997,139.9142857142857,101.15478864610988,Within Expected
192,2,148.92,131.22,20,17.69999999999999,884.9999999999994,141.54285714285714,105.21194993944287,Within Expected
76,1,34.37,21.64,18,12.729999999999997,707.2222222222221,34.614285714285714,99.29426330994634,Within Expected
54,0,18.31,15.08,7,3.2299999999999986,461.4285714285712,18.542857142857144,98.74422187981509,Within Expected
53,0,15.97,10.59,7,5.380000000000001,768.5714285714287,17.914285714285715,89.14673046251994,Below Expected
82,1,39.38,36.42,3,2.960000000000001,986.666666666667,39.614285714285714,99.40858276235124,Within Expected
42,0,14.01,7.13,17,6.88,404.7058823529412,12.2,114.83606557377051,Above Expected
77,1,43.38,33.98,9,9.400000000000006,1044.4444444444453,35.4,122.54237288135594,Above Expected
169,2,139.02,134.35,7,4.670000000000016,667.1428571428594,121.88571428571429,114.05766526019691,Above Expected
190,2,155.08,134.3,18,20.78,1154.4444444444446,139.9142857142857,110.83928936083318,Above Expected
115,1,69.96,52.51,18,17.449999999999996,969.4444444444442,70.21428571428571,99.6378433367243,Within Expected
139,2,78.83,65.67,12,13.159999999999997,1096.6666666666665,93.62857142857142,84.19438510833079,Below Expected
55,0,22.01,7.62,18,14.39,799.4444444444445,19.17142857142857,114.80625931445604,Above Expected
159,2,94.06,91.28,3,2.780000000000001,926.6666666666671,112.64285714285714,83.50285351934052,Below Expected
101,1,55.24,52.39,3,2.8500000000000014,950.0000000000005,56.785714285714285,97.27798742138364,Within Expected
196,2,176.03,173.29,4,2.740000000000009,685.0000000000023,144.8,121.56767955801104,Above Expected
185,2,120.03,102.7,20,17.33,866.4999999999999,135.72857142857143,88.4338490685191,Below Expected
191,2,126.36,110.03,19,16.33,859.4736842105262,140.72857142857143,89.78986904882753,Below Expected
88,1,41.97,34.17,10,7.799999999999997,779.9999999999997,44.84285714285714,93.59350111500477,Within Expected
145,2,103.76,75.66,20,28.10000000000001,1405.0000000000005,99.45714285714286,104.32634300488365,Within Expected
141,2,102.97,93.09,8,9.879999999999995,1234.9999999999995,95.57142857142857,107.74140508221225,Within Expected
171,2,94.65,76.57,20,18.080000000000013,904.0000000000006,123.65714285714286,76.54228280961183,Below Expected
60,0,28.51,20.47,16,8.040000000000003,502.50000000000017,22.6,126.1504424778761,Above Expected
62,0,24.81,11.79,21,13.02,620.0,24.0,103.375,Within Expected
132,2,80.24,56.76,21,23.479999999999997,1118.095238095238,86.82857142857142,92.4119776242185,Within Expected
139,2,99.87,95.69,5,4.180000000000007,836.0000000000014,93.62857142857142,106.66615807140678,Within Expected
108,1,66.85,38.67,20,28.179999999999993,1408.9999999999995,63.41428571428571,105.41788691146654,Within Expected
42,0,12.05,7.75,18,4.300000000000001,238.8888888888889,12.2,98.7704918032787,Within Expected
153,2,97.45,74.89,17,22.560000000000002,1327.058823529412,107.05714285714286,91.02615425673872,Within Expected
50,0,15.44,6.48,20,8.959999999999999,447.99999999999994,16.02857142857143,96.32798573975045,Within Expected
171,2,134.77,132.85,3,1.920000000000016,640.0000000000053,123.65714285714286,108.98682994454714,Within Expected
127,2,84.23,59.58,19,24.650000000000006,1297.368421052632,81.97142857142858,102.75531544092019,Within Expected
108,1,71.29,60.91,10,10.38000000000001,1038.000000000001,63.41428571428571,112.41946384320795,Above Expected
143,2,107.74,94.61,15,13.129999999999995,875.333333333333,97.51428571428572,110.48637562261938,Above Expected
95,1,43.12,28.29,19,14.829999999999998,780.5263157894736,51.214285714285715,84.1952580195258,Below Expected
105,1,58.47,46.27,20,12.199999999999996,609.9999999999998,60.5,96.64462809917356,Within Expected
31,0,8.01,6.27,5,1.7400000000000002,348.00000000000006,8.242857142857144,97.17504332755631,Within Expected
160,2,89.11,84.82,5,4.290000000000006,858.0000000000013,113.57142857142857,78.46163522012579,Below Expected
69,0,23.0,12.42,12,10.58,881.6666666666667,29.157142857142855,78.8829005389515,Below Expected
163,2,113.98,102.9,15,11.079999999999998,738.6666666666666,116.35714285714286,97.95702885205647,Within Expected
84,1,31.56,21.77,19,9.79,515.2631578947368,41.3,76.41646489104117,Below Expected
80,1,39.42,36.74,5,2.6799999999999997,535.9999999999999,37.92857142857142,103.93220338983053,Within Expected
83,1,38.66,29.59,10,9.069999999999997,906.9999999999997,40.457142857142856,95.55790960451976,Within Expected
83,1,39.02,34.2,7,4.82,688.5714285714287,40.457142857142856,96.44774011299437,Within Expected
99,1,59.64,44.77,14,14.869999999999997,1062.142857142857,54.92857142857143,108.57737321196359,Within Expected
189,2,129.83,126.08,4,3.750000000000014,937.5000000000035,139.1,93.3357296908699,Within Expected
195,2,126.64,116.99,11,9.650000000000006,877.2727272727277,143.9857142857143,87.95316995733702,Below Expected
46,0,13.65,3.64,19,10.01,526.8421052631579,14.028571428571428,97.30142566191446,Within Expected
162,2,99.72,80.02,19,19.700000000000003,1036.842105263158,115.42857142857143,86.39108910891089,Below Expected
75,1,37.55,23.53,16,14.019999999999996,876.2499999999998,33.82857142857143,111.00084459459458,Above Expected
164,2,105.85,101.49,6,4.359999999999999,726.6666666666665,117.28571428571429,90.24969549330083,Within Expected
157,2,77.78,67.77,19,10.010000000000005,526.8421052631581,110.78571428571429,70.20760799484204,Below Expected
173,2,139.89,133.05,7,6.839999999999975,977.1428571428536,125.42857142857143,111.52961275626423,Above Expected
188,2,147.94,142.22,9,5.719999999999999,635.5555555555554,138.25714285714284,107.003513122546,Within Expected
83,1,42.6,35.06,8,7.539999999999999,942.4999999999999,40.457142857142856,105.29661016949152,Within Expected
79,1,43.28,27.74,16,15.540000000000003,971.2500000000001,37.08571428571428,116.70261941448383,Above Expected
173,2,117.61,105.99,16,11.620000000000005,726.2500000000002,125.42857142857143,93.76651480637813,Within Expected
75,1,36.6,28.66,19,7.940000000000001,417.8947368421053,33.82857142857143,108.19256756756756,Within Expected
62,0,21.4,8.53,14,12.87,919.2857142857142,24.0,89.16666666666666,Below Expected
191,2,169.58,161.59,10,7.990000000000009,799.0000000000009,140.72857142857143,120.50147193178358,Above Expected
178,2,101.49,95.22,9,6.269999999999996,696.6666666666662,129.77142857142857,78.20673712021136,Below Expected
47,0,9.92,6.45,10,3.4699999999999998,347.0,14.485714285714286,68.48126232741618,Below Expected
173,2,125.78,116.03,11,9.75,886.3636363636364,125.42857142857143,100.28018223234625,Within Expected
55,0,15.13,8.71,15,6.42,428.0,19.17142857142857,78.91952309985098,Below Expected
135,2,86.72,67.78,16,18.939999999999998,1183.7499999999998,89.74285714285713,96.63164597262019,Within Expected
49,0,15.77,5.92,19,9.85,518.4210526315788,15.4,102.40259740259741,Within Expected
142,2,88.17,85.75,3,2.4200000000000017,806.6666666666672,96.54285714285714,91.3273157738976,Within Expected
71,1,32.98,24.94,12,8.039999999999996,669.9999999999995,30.685714285714283,107.47672253258844,Within Expected
112,1,82.61,72.06,14,10.549999999999997,753.5714285714283,67.3,122.74888558692423,Above Expected
195,2,151.11,136.09,19,15.02000000000001,790.5263157894742,143.9857142857143,104.94791149915667,Within Expected
98,1,51.07,41.47,15,9.600000000000001,640.0000000000001,54.0,94.57407407407408,Within Expected
195,2,166.83,160.59,6,6.240000000000009,1040.0000000000016,143.9857142857143,115.86566127592025,Above Expected
147,2,86.93,69.1,15,17.830000000000013,1188.6666666666674,101.4,85.72978303747534,Below Expected
94,1,37.37,31.18,4,6.189999999999998,1547.4999999999995,50.285714285714285,74.3153409090909,Below Expected
36,0,12.07,9.7,7,2.370000000000001,338.57142857142867,9.885714285714286,122.09537572254334,Above Expected
123,1,80.01,76.3,6,3.710000000000008,618.3333333333346,78.04285714285714,102.52059308072488,Within Expected
123,1,67.0,50.33,18,16.67,926.1111111111112,78.04285714285714,85.85026542192934,Below Expected
142,2,100.25,92.86,12,7.390000000000001,615.8333333333334,96.54285714285714,103.83989345960343,Within Expected
148,2,76.06,71.63,4,4.430000000000007,1107.5000000000018,102.34285714285714,74.31881630374093,Below Expected
186,2,115.71,95.05,18,20.659999999999997,1147.7777777777776,136.57142857142856,84.72489539748955,Below Expected
166,2,117.51,101.31,20,16.200000000000003,810.0000000000001,119.14285714285714,98.6294964028777,Within Expected
42,0,10.95,7.89,6,3.0599999999999996,509.9999999999999,12.2,89.75409836065573,Below Expected
166,2,102.9,88.29,12,14.61,1217.5,119.14285714285714,86.36690647482015,Below Expected
114,1,60.97,50.85,7,10.119999999999997,1445.7142857142853,69.24285714285713,88.05240354858677,Below Expected
191,2,125.63,109.0,20,16.629999999999995,831.4999999999998,140.72857142857143,89.27113998578824,Below Expected
99,1,49.55,47.09,6,2.4599999999999937,409.999999999999,54.92857142857143,90.2080624187256,Within Expected
39,0,9.54,4.96,14,4.579999999999999,327.14285714285705,11.042857142857143,86.39068564036222,Below Expected
119,1,63.66,53.66,11,10.0,909.090909090909,74.1,85.91093117408907,Below Expected
108,1,56.49,32.86,20,23.630000000000003,1181.5000000000002,63.41428571428571,89.08087407073666,Below Expected
62,0,23.21,19.13,6,4.080000000000002,680.0000000000002,24.0,96.70833333333334,Within Expected
98,1,46.15,27.13,21,19.02,905.7142857142857,54.0,85.46296296296296,Below Expected
184,2,121.07,110.84,12,10.22999999999999,852.4999999999991,134.88571428571427,89.75746663842406,Below Expected
79,1,39.91,30.5,10,9.409999999999997,940.9999999999997,37.08571428571428,107.61556240369801,Within Expected
31,0,8.36,7.72,4,0.6399999999999997,159.99999999999991,8.242857142857144,101.42114384748699,Within Expected
193,2,118.87,114.87,4,4.0,1000.0,142.35714285714286,83.50125439036628,Below Expected
94,1,50.25,29.35,18,20.9,1161.111111111111,50.285714285714285,99.92897727272727,Within Expected
196,2,150.52,143.14,8,7.380000000000024,922.500000000003,144.8,103.95027624309392,Within Expected
83,1,38.78,31.54,7,7.240000000000002,1034.2857142857144,40.457142857142856,95.85451977401131,Within Expected
175,2,131.3,123.21,8,8.090000000000018,1011.2500000000022,127.2,103.22327044025157,Within Expected
138,2,115.69,98.31,14,17.379999999999995,1241.428571428571,92.65714285714286,124.85815602836878,Above Expected
84,1,43.5,38.99,7,4.509999999999998,644.285714285714,41.3,105.3268765133172,Within Expected
59,0,21.62,14.71,9,6.91,767.7777777777778,21.9,98.72146118721462,Within Expected
68,0,34.73,28.03,10,6.699999999999996,669.9999999999995,28.414285714285715,122.22724987430868,Above Expected
160,2,113.69,106.4,11,7.289999999999992,662.7272727272721,113.57142857142857,100.10440251572328,Within Expected
155,2,105.39,91.28,14,14.11,1007.8571428571428,108.92857142857143,96.75147540983606,Within Expected
110,1,58.96,47.69,11,11.270000000000003,1024.545454545455,65.35714285714286,90.2120218579235,Within Expected
183,2,151.04,134.64,19,16.400000000000006,863.1578947368424,134.04285714285714,112.68037940957049,Above Expected
93,1,43.36,31.6,21,11.759999999999998,559.9999999999999,49.357142857142854,87.849493487699,Below Expected
50,0,18.98,17.86,5,1.120000000000001,224.0000000000002,16.02857142857143,118.41354723707664,Above Expected
46,0,11.5,5.15,14,6.35,453.57142857142856,14.028571428571428,81.9755600814664,Below Expected
142,2,93.21,84.94,13,8.269999999999996,636.1538461538458,96.54285714285714,96.54779520568214,Within Expected
60,0,17.67,6.85,10,10.820000000000002,1082.0000000000002,22.6,78.1858407079646,Below Expected
146,2,132.83,122.86,9,9.970000000000013,1107.7777777777792,100.42857142857143,132.26315789473685,Above Expected
71,1,34.25,31.45,5,2.8000000000000007,560.0000000000001,30.685714285714283,111.61545623836126,Above Expected
148,2,107.98,101.81,5,6.170000000000002,1234.0000000000005,102.34285714285714,105.50809603573424,Within Expected
183,2,143.71,128.71,19,15.0,789.4736842105264,134.04285714285714,107.21197911115847,Within Expected
138,2,74.93,58.69,15,16.24000000000001,1082.6666666666674,92.65714285714286,80.86802343509098,Below Expected
73,1,26.87,15.19,18,11.680000000000001,648.8888888888889,32.25714285714285,83.29937998228523,Below Expected
83,1,43.97,30.42,17,13.549999999999997,797.0588235294116,40.457142857142856,108.68290960451978,Within Expected
164,2,140.01,122.87,20,17.139999999999986,856.9999999999993,117.28571428571429,119.37515225334955,Above Expected
155,2,99.48,86.68,20,12.799999999999997,639.9999999999999,108.92857142857143,91.32590163934427,Within Expected
84,1,36.66,32.15,6,4.509999999999998,751.6666666666664,41.3,88.76513317191284,Below Expected
55,0,17.87,12.99,9,4.880000000000001,542.2222222222223,19.17142857142857,93.21162444113264,Within Expected
135,2,74.33,66.23,8,8.099999999999994,1012.4999999999993,89.74285714285713,82.82553326965935,Below Expected
56,0,23.62,14.54,11,9.080000000000002,825.4545454545456,19.8,119.2929292929293,Above Expected
47,0,14.07,11.11,7,2.960000000000001,422.857142857143,14.485714285714286,97.1301775147929,Within Expected
151,2,104.53,100.8,4,3.730000000000004,932.500000000001,105.17142857142858,99.39011138277641,Within Expected
78,1,39.4,31.67,9,7.729999999999997,858.8888888888886,36.24285714285714,108.71107607410329,Within Expected
194,2,170.89,153.6,20,17.289999999999992,864.4999999999995,143.17142857142858,119.36040710437037,Above Expected
125,1,89.84,76.83,16,13.010000000000005,813.1250000000003,80.01428571428572,112.27995000892696,Above Expected
125,1,78.07,65.0,11,13.069999999999993,1188.1818181818176,80.01428571428572,97.57007677200498,Within Expected
194,2,154.68,149.7,10,4.980000000000018,498.0000000000018,143.17142857142858,108.03831570544801,Within Expected
83,1,40.63,32.41,12,8.220000000000006,685.0000000000005,40.457142857142856,100.42725988700568,Within Expected
142,2,105.9,102.03,5,3.8700000000000045,774.0000000000009,96.54285714285714,109.69221663213969,Within Expected
174,2,128.12,122.69,13,5.430000000000007,417.6923076923082,126.31428571428572,101.42954082786699,Within Expected
128,2,84.35,81.34,3,3.009999999999991,1003.3333333333303,82.94285714285714,101.69652084050982,Within Expected
94,1,54.79,45.29,11,9.5,863.6363636363636,50.285714285714285,108.95738636363636,Within Expected
194,2,111.33,97.97,16,13.36,835.0,143.17142857142858,77.75992815805228,Below Expected
180,2,136.81,125.03,10,11.780000000000001,1178.0000000000002,131.48571428571427,104.04932637983487,Within Expected
82,1,32.43,16.57,21,15.86,755.2380952380953,39.614285714285714,81.86440677966101,Below Expected
177,2,167.57,157.79,9,9.780000000000001,1086.666666666667,128.9142857142857,129.9855939716312,Above Expected
122,1,84.9,59.18,20,25.720000000000006,1286.0000000000002,77.05714285714285,110.17797552836485,Above Expected
150,2,99.34,88.96,10,10.38000000000001,1038.000000000001,104.22857142857143,95.30975877192984,Within Expected
95,1,45.04,41.9,4,3.1400000000000006,785.0000000000001,51.214285714285715,87.9442119944212,Below Expected
99,1,61.44,57.68,6,3.759999999999998,626.6666666666664,54.92857142857143,111.85435630689207,Above Expected
51,0,16.54,11.93,14,4.609999999999999,329.2857142857142,16.65714285714286,99.29674099485419,Within Expected
134,2,87.54,72.57,20,14.970000000000013,748.5000000000006,88.77142857142857,98.6128097843579,Within Expected
45,0,14.52,11.37,6,3.1500000000000004,525.0,13.571428571428571,106.98947368421052,Within Expected
148,2,127.7,117.89,8,9.810000000000002,1226.2500000000002,102.34285714285714,124.77666108319374,Above Expected
150,2,94.71,87.35,6,7.359999999999999,1226.6666666666665,104.22857142857143,90.86759868421052,Within Expected
186,2,149.83,144.87,15,4.960000000000008,330.6666666666672,136.57142857142856,109.70815899581592,Within Expected
125,1,65.48,56.4,10,9.080000000000005,908.0000000000006,80.01428571428572,81.8353865381182,Below Expected
155,2,109.33,101.92,7,7.409999999999997,1058.571428571428,108.92857142857143,100.36852459016391,Within Expected
97,1,50.86,40.29,11,10.57,960.909090909091,53.07142857142857,95.83310901749664,Within Expected
132,2,102.04,93.94,10,8.100000000000009,810.0000000000008,86.82857142857142,117.5189206975979,Above Expected
111,1,68.57,56.4,21,12.169999999999995,579.5238095238092,66.32857142857142,103.37928063751885,Within Expected
180,2,130.0,117.01,17,12.989999999999995,764.1176470588232,131.48571428571427,98.87005649717516,Within Expected
75,1,39.48,28.16,18,11.319999999999997,628.8888888888887,33.82857142857143,116.70608108108107,Above Expected
36,0,10.84,8.49,7,2.3499999999999996,335.71428571428567,9.885714285714286,109.65317919075144,Within Expected
127,2,71.82,59.65,11,12.169999999999995,1106.3636363636358,81.97142857142858,87.61589403973508,Below Expected
29,0,7.33,6.23,4,1.0999999999999996,274.9999999999999,7.614285714285714,96.26641651031895,Within Expected
154,2,128.8,107.93,16,20.870000000000005,1304.3750000000002,108.0,119.25925925925927,Above Expected
33,0,7.33,4.27,12,3.0600000000000005,255.00000000000006,8.871428571428572,82.62479871175523,Below Expected
180,2,120.72,111.26,12,9.459999999999994,788.3333333333328,131.48571428571427,91.8122555410691,Within Expected
192,2,154.69,137.21,15,17.47999999999999,1165.3333333333326,141.54285714285714,109.28845377472749,Within Expected
42,0,12.59,9.2,9,3.3900000000000006,376.6666666666667,12.2,103.19672131147541,Within Expected
193,2,167.55,152.12,14,15.430000000000007,1102.1428571428576,142.35714285714286,117.69693928750628,Above Expected
147,2,117.26,97.29,20,19.97,998.5,101.4,115.64102564102564,Above Expected
69,0,28.57,11.87,16,16.700000000000003,1043.7500000000002,29.157142857142855,97.98628123468889,Within Expected
143,2,91.09,77.95,11,13.14,1194.5454545454545,97.51428571428572,93.41195429241137,Within Expected
169,2,110.06,103.48,10,6.579999999999998,657.9999999999998,121.88571428571429,90.2977027660572,Within Expected
78,1,33.16,20.93,16,12.229999999999997,764.3749999999998,36.24285714285714,91.49389042175798,Within Expected
150,2,115.4,108.38,7,7.02000000000001,1002.8571428571443,104.22857142857143,110.71820175438599,Above Expected
58,0,22.01,14.82,19,7.190000000000001,378.421052631579,21.2,103.82075471698113,Within Expected
35,0,10.61,8.39,7,2.219999999999999,317.142857142857,9.5,111.68421052631578,Above Expected
193,2,161.13,150.11,13,11.019999999999982,847.6923076923063,142.35714285714286,113.18715504264927,Above Expected
110,1,54.07,37.47,19,16.6,873.6842105263158,65.35714285714286,82.73005464480873,Below Expected
175,2,110.55,107.65,4,2.8999999999999915,724.9999999999978,127.2,86.91037735849056,Below Expected
44,0,14.78,9.57,12,5.209999999999999,434.1666666666666,13.114285714285714,112.70152505446622,Above Expected
93,1,54.5,38.38,16,16.119999999999997,1007.4999999999999,49.357142857142854,110.41968162083937,Above Expected
149,2,105.31,100.23,4,5.079999999999998,1269.9999999999995,103.28571428571429,101.95988934993083,Within Expected
183,2,133.69,120.88,16,12.810000000000002,800.6250000000001,134.04285714285714,99.73675796653522,Within Expected
47,0,13.3,5.16,14,8.14,581.4285714285716,14.485714285714286,91.8145956607495,Within Expected
56,0,20.06,15.91,7,4.149999999999999,592.8571428571427,19.8,101.31313131313131,Within Expected
104,1,54.43,37.53,16,16.9,1056.25,59.57142857142857,91.36930455635492,Within Expected
110,1,57.16,53.64,3,3.519999999999996,1173.3333333333321,65.35714285714286,87.45792349726776,Below Expected
137,2,95.63,86.94,7,8.689999999999998,1241.428571428571,91.68571428571428,104.30196322842006,Within Expected
70,1,29.48,22.62,16,6.859999999999999,428.74999999999994,29.9,98.59531772575252,Within Expected
70,1,30.49,11.22,21,19.269999999999996,917.6190476190475,29.9,101.97324414715719,Within Expected
76,1,33.01,22.0,11,11.009999999999998,1000.9090909090908,34.614285714285714,95.36524969046636,Within Expected
55,0,23.35,17.2,13,6.150000000000002,473.0769230769232,19.17142857142857,121.79582712369599,Above Expected
183,2,142.98,125.91,17,17.069999999999993,1004.1176470588231,134.04285714285714,106.66737717148034,Within Expected
129,2,69.48,58.27,15,11.21,747.3333333333334,83.91428571428571,82.79877425944842,Below Expected
95,1,40.94,33.91,10,7.030000000000001,703.0000000000001,51.214285714285715,79.93863319386332,Below Expected
151,2,94.56,80.43,14,14.129999999999995,1009.2857142857139,105.17142857142858,89.91035044824775,Below Expected
113,1,61.28,47.99,17,13.29,781.7647058823529,68.27142857142857,89.75936388365767,Below Expected
149,2,108.44,104.38,4,4.060000000000002,1015.0000000000006,103.28571428571429,104.9903181189488,Within Expected
170,2,108.29,105.95,3,2.3400000000000034,780.0000000000011,122.77142857142857,88.20456132185245,Below Expected
92,1,44.42,33.87,14,10.550000000000004,753.5714285714289,48.42857142857143,91.72271386430678,Within Expected
98,1,49.77,43.2,6,6.57,1095.0,54.0,92.16666666666667,Within Expected
88,1,45.71,43.12,3,2.5900000000000034,863.3333333333345,44.84285714285714,101.93373685887227,Within Expected
54,0,21.45,14.96,15,6.489999999999998,432.6666666666666,18.542857142857144,115.67796610169489,Above Expected
131,2,76.29,58.57,19,17.720000000000006,932.6315789473687,85.85714285714286,88.85690515806989,Below Expected
109,1,55.51,31.85,21,23.659999999999997,1126.6666666666665,64.38571428571429,86.21477701353449,Below Expected
34,0,10.16,6.78,12,3.38,281.6666666666667,9.185714285714287,110.60653188180403,Above Expected
62,0,21.84,9.01,19,12.83,675.2631578947369,24.0,91.0,Within Expected
100,1,45.03,40.58,6,4.450000000000003,741.6666666666672,55.857142857142854,80.61636828644502,Below Expected
179,2,123.79,119.58,6,4.210000000000008,701.666666666668,130.62857142857143,94.7648731408574,Within Expected
33,0,9.43,6.2,10,3.2299999999999995,322.99999999999994,8.871428571428572,106.29629629629629,Within Expected
161,2,132.5,122.15,11,10.349999999999994,940.9090909090903,114.5,115.72052401746724,Above Expected
108,1,70.61,62.78,10,7.829999999999998,782.9999999999998,63.41428571428571,111.34715025906736,Above Expected
157,2,108.27,84.72,21,23.549999999999997,1121.4285714285713,110.78571428571429,97.72920696324951,Within Expected
50,0,16.42,9.52,11,6.900000000000002,627.2727272727275,16.02857142857143,102.44206773618541,Within Expected
154,2,105.4,103.59,4,1.8100000000000023,452.50000000000057,108.0,97.5925925925926,Within Expected
77,1,27.92,26.2,4,1.7200000000000024,430.0000000000006,35.4,78.87005649717514,Below Expected
67,0,28.98,22.97,10,6.010000000000002,601.0000000000002,27.67142857142857,104.72896231285493,Within Expected
96,1,47.16,43.41,4,3.75,937.5,52.142857142857146,90.44383561643834,Within Expected
137,2,79.69,59.24,17,20.449999999999996,1202.941176470588,91.68571428571428,86.91648488625741,Below Expected
45,0,11.33,5.83,11,5.5,500.0,13.571428571428571,83.48421052631579,Below Expected
108,1,73.55,60.1,19,13.449999999999996,707.894736842105,63.41428571428571,115.98332957873394,Above Expected
135,2,78.14,73.24,5,4.900000000000006,980.0000000000011,89.74285714285713,87.07099649793061,Below Expected
59,0,19.1,13.23,15,5.870000000000001,391.3333333333334,21.9,87.21461187214614,Below Expected
46,0,14.89,7.35,15,7.540000000000001,502.6666666666667,14.028571428571428,106.14052953156823,Within Expected
177,2,116.91,111.85,6,5.060000000000002,843.3333333333337,128.9142857142857,90.68816489361701,Within Expected
121,1,76.04,73.43,3,2.6099999999999994,869.9999999999998,76.07142857142857,99.9586854460094,Within Expected
75,1,32.57,28.25,14,4.32,308.5714285714286,33.82857142857143,96.2795608108108,Within Expected
59,0,24.13,9.14,17,14.989999999999998,881.7647058823529,21.9,110.18264840182648,Above Expected
161,2,115.84,106.7,14,9.14,652.8571428571429,114.5,101.1703056768559,Within Expected
80,1,34.17,24.68,18,9.490000000000002,527.2222222222224,37.92857142857142,90.09039548022601,Within Expected
156,2,99.45,87.14,20,12.310000000000002,615.5000000000001,109.85714285714286,90.52665799739921,Within Expected
103,1,63.29,59.6,4,3.6899999999999977,922.4999999999994,58.642857142857146,107.92448233861145,Within Expected
169,2,126.73,122.27,6,4.460000000000008,743.3333333333346,121.88571428571429,103.974449132677,Within Expected
76,1,31.16,24.75,14,6.41,457.85714285714283,34.614285714285714,90.02063557573257,Within Expected
114,1,74.32,71.64,3,2.6799999999999926,893.3333333333309,69.24285714285713,107.33237053847742,Within Expected
97,1,54.32,44.9,13,9.420000000000002,724.6153846153848,53.07142857142857,102.35262449528936,Within Expected
190,2,142.62,134.1,10,8.52000000000001,852.000000000001,139.9142857142857,101.9338370430876,Within Expected
110,1,72.45,67.2,9,5.25,583.3333333333334,65.35714285714286,110.85245901639344,Above Expected
155,2,91.33,84.86,5,6.469999999999999,1293.9999999999998,108.92857142857143,83.84393442622951,Below Expected
85,1,43.29,28.57,21,14.719999999999999,700.9523809523808,42.18571428571428,102.61767693870641,Within Expected
56,0,16.57,11.33,9,5.24,582.2222222222222,19.8,83.68686868686869,Below Expected
76,1,37.0,33.34,7,3.6599999999999966,522.8571428571423,34.614285714285714,106.89228229467602,Within Expected
27,0,7.98,7.33,3,0.6500000000000004,216.6666666666668,7.1,112.3943661971831,Above Expected
156,2,110.54,104.66,6,5.88000000000001,980.0000000000016,109.85714285714286,100.62158647594279,Within Expected
86,1,52.6,44.65,8,7.950000000000003,993.7500000000003,43.07142857142857,122.12271973466005,Above Expected
196,2,144.22,140.07,5,4.150000000000006,830.0000000000011,144.8,99.59944751381215,Within Expected
196,2,135.08,125.35,8,9.730000000000018,1216.2500000000023,144.8,93.28729281767956,Within Expected
162,2,82.45,67.77,17,14.680000000000007,863.5294117647063,115.42857142857143,71.42945544554455,Below Expected
123,1,80.36,77.7,3,2.6599999999999966,886.6666666666655,78.04285714285714,102.96906461651108,Within Expected
152,2,91.92,81.07,15,10.850000000000009,723.3333333333339,106.11428571428571,86.62358642972536,Below Expected
61,0,25.49,18.86,8,6.629999999999999,828.7499999999999,23.3,109.39914163090127,Within Expected
62,0,21.5,18.48,6,3.0199999999999996,503.3333333333333,24.0,89.58333333333334,Below Expected
144,2,110.8,95.69,15,15.11,1007.3333333333331,98.48571428571428,112.50362634174644,Above Expected
71,1,33.67,26.66,11,7.010000000000002,637.2727272727275,30.685714285714283,109.72532588454378,Within Expected
163,2,107.47,100.78,6,6.689999999999998,1114.9999999999995,116.35714285714286,92.3621853898097,Within Expected
109,1,65.05,43.78,18,21.269999999999996,1181.6666666666665,64.38571428571429,101.03172842245397,Within Expected
44,0,12.55,10.04,10,2.5100000000000016,251.00000000000017,13.114285714285714,95.6971677559913,Within Expected
51,0,16.45,13.76,6,2.6899999999999995,448.33333333333326,16.65714285714286,98.75643224699827,Within Expected
71,1,36.66,33.87,3,2.789999999999999,929.9999999999998,30.685714285714283,119.46927374301677,Above Expected
196,2,153.64,139.8,13,13.839999999999975,1064.6153846153827,144.8,106.1049723756906,Within Expected
50,0,16.28,14.44,8,1.8400000000000016,230.0000000000002,16.02857142857143,101.56862745098042,Within Expected
98,1,46.78,41.42,11,5.359999999999999,487.27272727272725,54.0,86.62962962962963,Below Expected
96,1,46.35,34.14,12,12.21,1017.5000000000001,52.142857142857146,88.89041095890411,Below Expected
37,0,10.73,6.87,8,3.8600000000000003,482.50000000000006,10.27142857142857,104.46453407510432,Within Expected
162,2,111.95,105.02,14,6.930000000000007,495.0000000000005,115.42857142857143,96.98638613861387,Within Expected
140,2,69.49,61.07,13,8.419999999999995,647.6923076923073,94.6,73.45665961945032,Below Expected
124,1,61.7,55.81,10,5.890000000000001,589.0000000000001,79.02857142857142,78.07302964569777,Below Expected
133,2,96.66,84.25,9,12.409999999999997,1378.8888888888887,87.8,110.09111617312072,Above Expected
154,2,121.24,113.15,12,8.08999999999999,674.1666666666658,108.0,112.25925925925925,Above Expected
146,2,91.08,76.49,13,14.590000000000003,1122.3076923076926,100.42857142857143,90.69132290184922,Within Expected
70,1,22.44,11.53,19,10.910000000000002,574.2105263157896,29.9,75.05016722408028,Below Expected
146,2,76.28,63.88,12,12.399999999999999,1033.3333333333333,100.42857142857143,75.95448079658605,Below Expected
45,0,14.53,12.86,6,1.67,278.3333333333333,13.571428571428571,107.06315789473683,Within Expected
135,2,99.27,93.65,6,5.61999999999999,936.666666666665,89.74285714285713,110.6160458452722,Above Expected
178,2,154.83,149.18,8,5.650000000000006,706.2500000000007,129.77142857142857,119.30977542932631,Above Expected
137,2,96.72,82.97,15,13.75,916.6666666666666,91.68571428571428,105.49080710501715,Within Expected
59,0,24.67,18.35,14,6.32,451.42857142857144,21.9,112.64840182648403,Above Expected
37,0,8.8,2.96,16,5.840000000000001,365.00000000000006,10.27142857142857,85.67454798331016,Below Expected
196,2,126.47,105.59,18,20.879999999999995,1159.9999999999998,144.8,87.34116022099447,Below Expected
190,2,135.41,123.51,13,11.899999999999991,915.3846153846147,139.9142857142857,96.78068205023483,Within Expected
49,0,18.62,10.94,16,7.6800000000000015,480.0000000000001,15.4,120.90909090909092,Above Expected
88,1,37.51,25.72,21,11.79,561.4285714285713,44.84285714285714,83.64765848996495,Below Expected
91,1,47.73,37.44,11,10.29,935.4545454545454,47.5,100.48421052631578,Within Expected
110,1,47.74,34.36,14,13.380000000000003,955.7142857142859,65.35714285714286,73.0448087431694,Below Expected
84,1,26.22,14.96,12,11.259999999999998,938.3333333333331,41.3,63.48668280871671,Below Expected
73,1,35.5,28.12,9,7.379999999999999,819.9999999999999,32.25714285714285,110.0531443755536,Above Expected
162,2,118.92,97.11,17,21.810000000000002,1282.9411764705885,115.42857142857143,103.02475247524751,Within Expected
30,0,9.16,8.15,4,1.0099999999999998,252.49999999999994,7.928571428571429,115.53153153153153,Above Expected
153,2,122.21,111.24,11,10.969999999999999,997.2727272727273,107.05714285714286,114.1539898585535,Above Expected
63,0,23.69,7.19,19,16.5,868.421052631579,24.7,95.91093117408907,Within Expected
177,2,130.82,127.47,4,3.3499999999999943,837.4999999999986,128.9142857142857,101.47828014184397,Within Expected
166,2,122.56,113.46,16,9.100000000000009,568.7500000000006,119.14285714285714,102.86810551558754,Within Expected
137,2,99.64,79.3,20,20.340000000000003,1017.0000000000001,91.68571428571428,108.67559987535058,Within Expected
101,1,50.4,46.89,3,3.509999999999998,1169.9999999999993,56.785714285714285,88.75471698113208,Below Expected
147,2,110.71,91.64,15,19.069999999999993,1271.333333333333,101.4,109.18145956607495,Within Expected
179,2,123.73,116.83,9,6.900000000000006,766.6666666666673,130.62857142857143,94.7189413823272,Within Expected
138,2,81.29,68.16,19,13.13000000000001,691.052631578948,92.65714285714286,87.73203823620105,Below Expected
161,2,106.15,97.2,10,8.950000000000003,895.0000000000002,114.5,92.70742358078603,Within Expected
147,2,80.08,63.29,18,16.79,932.7777777777777,101.4,78.97435897435898,Below Expected
96,1,52.3,47.66,6,4.640000000000001,773.3333333333335,52.142857142857146,100.30136986301368,Within Expected
143,2,102.5,91.03,7,11.469999999999999,1638.5714285714284,97.51428571428572,105.11280398476413,Within Expected
139,2,84.79,72.84,15,11.950000000000003,796.6666666666669,93.62857142857142,90.5599633811413,Within Expected
64,0,22.54,7.62,16,14.919999999999998,932.4999999999999,25.442857142857143,88.59067939359909,Below Expected
107,1,64.0,48.52,14,15.479999999999997,1105.7142857142853,62.44285714285714,102.49370853351635,Within Expected
137,2,99.94,79.12,20,20.819999999999993,1040.9999999999998,91.68571428571428,109.00280461202867,Within Expected
61,0,20.3,15.76,8,4.540000000000001,567.5000000000001,23.3,87.1244635193133,Below Expected
107,1,74.49,64.95,9,9.539999999999992,1059.999999999999,62.44285714285714,119.29306794783801,Above Expected
70,1,29.2,11.43,20,17.77,888.5,29.9,97.65886287625418,Within Expected
37,0,9.73,8.45,4,1.2800000000000011,320.0000000000003,10.27142857142857,94.72878998609181,Within Expected
135,2,85.99,69.34,15,16.64999999999999,1109.9999999999995,89.74285714285713,95.81821076090418,Within Expected
97,1,61.31,53.46,18,7.850000000000001,436.1111111111112,53.07142857142857,115.5235531628533,Above Expected
135,2,82.16,63.99,14,18.169999999999995,1297.8571428571424,89.74285714285713,91.55046163642153,Within Expected
107,1,65.44,62.67,4,2.769999999999996,692.499999999999,62.44285714285714,104.79981697552047,Within Expected
136,2,97.57,96.26,4,1.309999999999988,327.49999999999704,90.71428571428571,107.55748031496064,Within Expected
154,2,102.18,94.03,11,8.150000000000006,740.9090909090914,108.0,94.61111111111111,Within Expected
169,2,151.59,134.27,19,17.319999999999993,911.5789473684207,121.88571428571429,124.3706047819972,Above Expected
43,0,15.15,13.55,4,1.5999999999999996,399.9999999999999,12.657142857142857,119.69525959367945,Above Expected
123,1,78.94,72.73,10,6.209999999999994,620.9999999999993,78.04285714285714,101.14955152846422,Within Expected
85,1,40.38,35.21,6,5.170000000000002,861.666666666667,42.18571428571428,95.71960717913987,Within Expected
192,2,125.95,113.64,15,12.310000000000002,820.6666666666667,141.54285714285714,88.98364957610012,Below Expected
125,1,75.0,68.65,9,6.349999999999994,705.555555555555,80.01428571428572,93.73326191751472,Within Expected
153,2,75.64,70.54,6,5.099999999999994,849.9999999999991,107.05714285714286,70.65385641846811,Below Expected
193,2,145.65,129.92,15,15.730000000000018,1048.6666666666679,142.35714285714286,102.31309583542398,Within Expected
61,0,21.85,18.53,4,3.3200000000000003,830.0000000000001,23.3,93.77682403433477,Within Expected
138,2,94.89,72.53,15,22.36,1490.6666666666665,92.65714285714286,102.40980573543015,Within Expected
144,2,85.77,78.6,8,7.170000000000002,896.2500000000002,98.48571428571428,87.088772845953,Below Expected
146,2,107.92,92.24,12,15.680000000000007,1306.6666666666672,100.42857142857143,107.45945945945945,Within Expected
184,2,95.59,82.69,13,12.900000000000006,992.3076923076928,134.88571428571427,70.86740097436984,Below Expected
143,2,97.54,84.91,10,12.63000000000001,1263.000000000001,97.51428571428572,100.02636976267215,Within Expected
154,2,116.14,112.66,5,3.480000000000004,696.0000000000008,108.0,107.53703703703704,Within Expected
180,2,121.25,104.38,21,16.870000000000005,803.3333333333336,131.48571428571427,92.21534115601914,Within Expected
84,1,35.41,27.28,7,8.129999999999995,1161.4285714285709,41.3,85.73849878934624,Below Expected
156,2,108.6,93.44,16,15.159999999999997,947.4999999999998,109.85714285714286,98.8556566970091,Within Expected
66,0,28.51,24.03,4,4.48,1120.0,26.928571428571427,105.87267904509285,Within Expected
57,0,21.33,8.96,20,12.369999999999997,618.4999999999998,20.5,104.04878048780486,Within Expected
174,2,133.69,125.22,9,8.469999999999999,941.111111111111,126.31428571428572,105.83917665686495,Within Expected
154,2,101.64,87.26,20,14.379999999999995,718.9999999999998,108.0,94.11111111111111,Within Expected
28,0,6.52,5.69,5,0.8299999999999992,165.99999999999983,7.3,89.31506849315069,Below Expected
70,1,28.37,22.9,8,5.470000000000002,683.7500000000003,29.9,94.88294314381271,Within Expected
193,2,143.04,134.74,13,8.299999999999983,638.4615384615372,142.35714285714286,100.47967887606622,Within Expected
172,2,123.73,122.77,3,0.960000000000008,320.0000000000027,124.54285714285714,99.34732736866255,Within Expected
55,0,20.48,6.92,21,13.56,645.7142857142857,19.17142857142857,106.82563338301043,Within Expected
156,2,111.2,102.63,13,8.570000000000007,659.2307692307699,109.85714285714286,101.222366710013,Within Expected
38,0,8.32,5.24,13,3.08,236.92307692307693,10.657142857142857,78.06970509383379,Below Expected
194,2,171.27,168.3,5,2.969999999999999,593.9999999999998,143.17142857142858,119.62582318898423,Above Expected
164,2,85.83,75.62,11,10.209999999999994,928.1818181818177,117.28571428571429,73.18026796589524,Below Expected
153,2,114.02,112.18,4,1.8399999999999892,459.99999999999727,107.05714285714286,106.50386976247663,Within Expected
171,2,116.2,102.03,12,14.170000000000002,1180.8333333333335,123.65714285714286,93.96950092421442,Within Expected
182,2,108.26,99.91,10,8.350000000000009,835.0000000000009,133.2,81.27627627627628,Below Expected
115,1,50.5,42.16,9,8.340000000000003,926.6666666666671,70.21428571428571,71.92268565615464,Below Expected
191,2,147.7,127.89,19,19.809999999999988,1042.6315789473676,140.72857142857143,104.95381179575678,Within Expected
160,2,91.41,81.82,13,9.590000000000003,737.692307692308,113.57142857142857,80.48679245283019,Below Expected
156,2,127.21,111.14,17,16.069999999999993,945.2941176470584,109.85714285714286,115.79583875162547,Above Expected
92,1,46.94,33.59,15,13.349999999999994,889.9999999999995,48.42857142857143,96.92625368731562,Within Expected
185,2,134.24,119.09,19,15.150000000000006,797.3684210526318,135.72857142857143,98.90327333964846,Within Expected
118,1,66.7,56.62,17,10.080000000000005,592.9411764705885,73.12857142857142,91.20922055088886,Within Expected
173,2,113.58,92.69,18,20.89,1160.5555555555557,125.42857142857143,90.55353075170842,Within Expected
72,1,26.91,20.39,9,6.52,724.4444444444445,31.47142857142857,85.50612800726283,Below Expected
162,2,104.55,98.4,5,6.1499999999999915,1229.9999999999982,115.42857142857143,90.57549504950495,Within Expected
24,0,6.56,6.21,3,0.34999999999999964,116.66666666666654,6.5,100.92307692307692,Within Expected
78,1,38.17,25.12,20,13.05,652.5000000000001,36.24285714285714,105.31730390224676,Within Expected
180,2,139.94,125.49,13,14.450000000000003,1111.538461538462,131.48571428571427,106.42981312472838,Within Expected
65,0,23.68,17.55,9,6.129999999999999,681.111111111111,26.185714285714283,90.43098745226405,Within Expected
130,2,57.73,37.82,18,19.909999999999997,1106.1111111111109,84.88571428571429,68.00908784920901,Below Expected
125,1,59.49,53.25,9,6.240000000000002,693.3333333333336,80.01428571428572,74.34922335297269,Below Expected
63,0,25.93,18.51,18,7.419999999999998,412.2222222222221,24.7,104.97975708502025,Within Expected
176,2,116.48,98.51,19,17.97,945.7894736842105,128.05714285714285,90.95939312806783,Within Expected
59,0,21.87,14.86,14,7.010000000000002,500.7142857142858,21.9,99.86301369863014,Within Expected
95,1,53.01,36.7,19,16.309999999999995,858.4210526315786,51.214285714285715,103.50627615062761,Within Expected
194,2,163.68,149.91,19,13.77000000000001,724.7368421052637,143.17142857142858,114.32448613051287,Above Expected
116,1,69.24,41.61,21,27.629999999999995,1315.7142857142853,71.18571428571428,97.26670680313065,Within Expected
52,0,20.22,17.01,7,3.2099999999999973,458.5714285714282,17.285714285714285,116.97520661157024,Above Expected
192,2,149.55,144.53,5,5.02000000000001,1004.000000000002,141.54285714285714,105.65704481227291,Within Expected
54,0,20.18,14.81,8,5.369999999999999,671.2499999999999,18.542857142857144,108.82896764252696,Within Expected
43,0,13.91,12.95,15,0.9600000000000009,64.00000000000006,12.657142857142857,109.89841986455981,Within Expected
154,2,108.3,92.25,15,16.049999999999997,1069.9999999999998,108.0,100.27777777777777,Within Expected
40,0,10.85,6.33,10,4.52,451.99999999999994,11.428571428571429,94.9375,Within Expected
116,1,78.03,64.97,14,13.060000000000002,932.857142857143,71.18571428571428,109.61468994581578,Within Expected
85,1,42.62,23.82,21,18.799999999999997,895.2380952380951,42.18571428571428,101.02946156451067,Within Expected
86,1,51.63,42.56,9,9.07,1007.7777777777778,43.07142857142857,119.87064676616916,Above Expected
151,2,106.71,92.69,13,14.019999999999996,1078.461538461538,105.17142857142858,101.46291768541155,Within Expected
131,2,79.17,59.0,17,20.17,1186.4705882352941,85.85714285714286,92.21131447587354,Within Expected
67,0,27.22,25.53,3,1.6899999999999977,563.3333333333326,27.67142857142857,98.36861125451729,Within Expected
79,1,38.23,33.03,6,5.199999999999996,866.666666666666,37.08571428571428,103.08551617873651,Within Expected
50,0,16.81,10.44,12,6.369999999999999,530.8333333333333,16.02857142857143,104.87522281639927,Within Expected
124,1,61.69,49.94,18,11.75,652.7777777777778,79.02857142857142,78.06037599421546,Below Expected
184,2,138.3,133.53,7,4.77000000000001,681.4285714285729,134.88571428571427,102.53124338063972,Within Expected
185,2,139.97,137.67,5,2.3000000000000114,460.0000000000023,135.72857142857143,103.12493421745079,Within Expected
171,2,89.53,83.08,10,6.450000000000003,645.0000000000002,123.65714285714286,72.40180221811461,Below Expected
85,1,37.0,12.01,20,24.990000000000002,1249.5,42.18571428571428,87.70741618692855,Below Expected
59,0,20.97,10.32,12,10.649999999999999,887.4999999999999,21.9,95.75342465753425,Within Expected
42,0,11.67,1.63,21,10.04,478.0952380952381,12.2,95.65573770491804,Within Expected
89,1,49.8,41.35,9,8.449999999999996,938.8888888888885,45.72857142857143,108.90346766635426,Within Expected
50,0,19.77,13.88,11,5.889999999999999,535.4545454545453,16.02857142857143,123.34224598930481,Above Expected
80,1,30.55,17.69,15,12.86,857.3333333333333,37.92857142857142,80.5461393596987,Below Expected
119,1,72.91,70.34,3,2.569999999999993,856.6666666666644,74.1,98.3940620782726,Within Expected
38,0,9.28,7.82,4,1.459999999999999,364.9999999999998,10.657142857142857,87.07774798927613,Below Expected
161,2,87.73,77.53,12,10.200000000000003,850.0000000000002,114.5,76.62008733624455,Below Expected
93,1,44.37,35.11,10,9.259999999999998,925.9999999999998,49.357142857142854,89.89580318379161,Below Expected
63,0,21.38,14.22,9,7.159999999999998,795.5555555555553,24.7,86.5587044534413,Below Expected
80,1,39.78,34.09,11,5.689999999999998,517.2727272727271,37.92857142857142,104.8813559322034,Within Expected
82,1,42.83,32.01,12,10.82,901.6666666666667,39.614285714285714,108.11756220699603,Within Expected
98,1,58.53,37.88,21,20.65,983.3333333333333,54.0,108.38888888888889,Within Expected
194,2,136.21,132.5,4,3.710000000000008,927.500000000002,143.17142857142858,95.13769706645381,Within Expected
137,2,113.74,99.15,14,14.58999999999999,1042.1428571428564,91.68571428571428,124.05422249922094,Above Expected
116,1,73.53,58.74,20,14.79,739.4999999999999,71.18571428571428,103.29319686935581,Within Expected
153,2,117.45,104.53,16,12.920000000000002,807.5000000000001,107.05714285714286,109.70776621297038,Within Expected
45,0,13.81,11.85,6,1.9600000000000009,326.6666666666668,13.571428571428571,101.75789473684212,Within Expected
87,1,41.07,32.09,9,8.979999999999997,997.7777777777774,43.957142857142856,93.43191420214495,Within Expected
76,1,31.22,24.94,5,6.279999999999998,1255.9999999999995,34.614285714285714,90.19397441188609,Within Expected
100,1,64.64,53.45,12,11.189999999999998,932.4999999999998,55.857142857142854,115.72378516624042,Above Expected
57,0,19.47,18.66,4,0.8099999999999987,202.4999999999997,20.5,94.97560975609755,Within Expected
134,2,83.3,69.52,14,13.780000000000001,984.2857142857143,88.77142857142857,93.83649822980367,Within Expected
100,1,67.85,59.47,9,8.379999999999995,931.1111111111105,55.857142857142854,121.4705882352941,Above Expected
170,2,119.64,113.32,6,6.320000000000007,1053.3333333333346,122.77142857142857,97.44938329066791,Within Expected
61,0,20.87,11.69,12,9.180000000000001,765.0000000000001,23.3,89.57081545064378,Below Expected
186,2,120.97,103.15,19,17.819999999999993,937.8947368421049,136.57142857142856,88.576359832636,Below Expected
60,0,21.56,17.56,6,4.0,666.6666666666666,22.6,95.39823008849557,Within Expected
124,1,69.09,54.29,14,14.800000000000004,1057.1428571428573,79.02857142857142,87.4240780911063,Below Expected
78,1,44.02,37.54,9,6.480000000000004,720.0000000000005,36.24285714285714,121.45841545132048,Above Expected
190,2,153.25,147.16,8,6.090000000000003,761.2500000000005,139.9142857142857,109.53134572187054,Within Expected
49,0,12.55,7.86,15,4.69,312.6666666666667,15.4,81.4935064935065,Below Expected
106,1,59.87,44.3,20,15.57,778.5,61.47142857142857,97.3948408087381,Within Expected
169,2,109.28,92.39,12,16.89,1407.5,121.88571428571429,89.65775902484764,Below Expected
112,1,60.09,52.97,8,7.1200000000000045,890.0000000000006,67.3,89.28677563150075,Below Expected
163,2,101.6,96.82,6,4.780000000000001,796.6666666666669,116.35714285714286,87.31737262124003,Below Expected
130,2,75.16,62.7,10,12.459999999999994,1245.9999999999993,84.88571428571429,88.5425782564793,Below Expected
177,2,126.96,109.73,19,17.22999999999999,906.8421052631574,128.9142857142857,98.48404255319149,Within Expected
184,2,133.37,116.27,13,17.10000000000001,1315.3846153846162,134.88571428571427,98.8762973946198,Within Expected
87,1,42.7,39.5,3,3.200000000000003,1066.6666666666677,43.957142857142856,97.14007149821255,Within Expected
108,1,61.23,43.79,14,17.439999999999998,1245.7142857142856,63.41428571428571,96.555530524893,Within Expected
157,2,99.83,82.96,18,16.870000000000005,937.2222222222225,110.78571428571429,90.11089619600257,Within Expected
175,2,110.14,97.2,14,12.939999999999998,924.2857142857141,127.2,86.5880503144654,Below Expected
134,2,93.1,90.11,3,2.989999999999995,996.6666666666649,88.77142857142857,104.8760862568394,Within Expected
96,1,68.72,56.29,13,12.43,956.1538461538462,52.142857142857146,131.7917808219178,Above Expected
127,2,86.64,66.44,15,20.200000000000003,1346.666666666667,81.97142857142858,105.69536423841059,Within Expected
195,2,142.32,140.14,3,2.180000000000007,726.6666666666689,143.9857142857143,98.84313920031748,Within Expected
69,0,30.17,28.11,3,2.0600000000000023,686.6666666666674,29.157142857142855,103.47378735913767,Within Expected
161,2,109.99,104.96,6,5.030000000000001,838.3333333333335,114.5,96.06113537117903,Within Expected
186,2,110.88,108.66,3,2.219999999999999,739.9999999999997,136.57142857142856,81.18828451882845,Below Expected
180,2,144.22,130.67,18,13.550000000000011,752.7777777777784,131.48571428571427,109.68491960017386,Within Expected
122,1,76.59,71.11,5,5.480000000000004,1096.0000000000007,77.05714285714285,99.39377085650725,Within Expected
76,1,29.2,18.89,14,10.309999999999999,736.4285714285713,34.614285714285714,84.35823359471729,Below Expected
79,1,38.04,27.67,19,10.369999999999997,545.7894736842104,37.08571428571428,102.57318952234206,Within Expected
175,2,127.99,124.32,4,3.6700000000000017,917.5000000000005,127.2,100.62106918238993,Within Expected
50,0,9.4,1.19,15,8.21,547.3333333333334,16.02857142857143,58.64527629233511,Below Expected
52,0,16.34,12.36,12,3.9800000000000004,331.66666666666674,17.285714285714285,94.52892561983471,Within Expected
83,1,45.69,32.93,17,12.759999999999998,750.5882352941176,40.457142857142856,112.9343220338983,Above Expected
163,2,111.31,101.33,10,9.980000000000004,998.0000000000005,116.35714285714286,95.66236955187232,Within Expected
190,2,136.24,131.98,4,4.260000000000019,1065.0000000000048,139.9142857142857,97.37390238921789,Within Expected
31,0,7.95,7.03,3,0.9199999999999999,306.66666666666663,8.242857142857144,96.4471403812825,Within Expected
33,0,9.39,8.17,4,1.2200000000000006,305.00000000000017,8.871428571428572,105.84541062801934,Within Expected
78,1,35.16,32.1,3,3.059999999999995,1019.9999999999984,36.24285714285714,97.01221915648404,Within Expected
58,0,18.46,14.25,10,4.210000000000001,421.0000000000001,21.2,87.07547169811322,Below Expected
88,1,41.17,38.32,4,2.8500000000000014,712.5000000000003,44.84285714285714,91.80949346925773,Within Expected
40,0,11.98,7.17,17,4.8100000000000005,282.94117647058823,11.428571428571429,104.82499999999999,Within Expected
140,2,103.47,93.86,6,9.61,1601.6666666666665,94.6,109.37632135306555,Within Expected
141,2,93.59,87.26,8,6.329999999999998,791.2499999999998,95.57142857142857,97.92675635276534,Within Expected
143,2,92.19,88.29,5,3.8999999999999915,779.9999999999983,97.51428571428572,94.53999414005273,Within Expected
190,2,144.22,134.44,16,9.780000000000001,611.2500000000001,139.9142857142857,103.07739432305493,Within Expected
143,2,108.36,93.19,20,15.170000000000002,758.5000000000001,97.51428571428572,111.12217990038089,Above Expected
91,1,47.05,41.63,11,5.419999999999995,492.72727272727224,47.5,99.05263157894736,Within Expected
147,2,122.13,106.81,12,15.319999999999993,1276.666666666666,101.4,120.44378698224851,Above Expected
87,1,54.57,44.14,9,10.43,1158.888888888889,43.957142857142856,124.14364640883979,Above Expected
185,2,145.61,135.7,14,9.910000000000025,707.8571428571446,135.72857142857143,107.28028628565416,Within Expected
86,1,47.25,35.01,12,12.240000000000002,1020.0000000000002,43.07142857142857,109.70149253731343,Within Expected
150,2,76.73,73.16,6,3.5700000000000074,595.0000000000013,104.22857142857143,73.6170504385965,Below Expected
66,0,25.16,18.49,8,6.670000000000002,833.7500000000002,26.928571428571427,93.43236074270558,Within Expected
61,0,27.42,17.59,19,9.830000000000002,517.3684210526317,23.3,117.6824034334764,Above Expected
100,1,44.59,27.6,16,16.990000000000002,1061.8750000000002,55.857142857142854,79.82864450127877,Below Expected
64,0,25.41,15.59,11,9.82,892.7272727272727,25.442857142857143,99.87085906793935,Within Expected
192,2,126.4,117.28,13,9.120000000000005,701.5384615384619,141.54285714285714,89.30157448526444,Below Expected
163,2,89.25,81.2,11,8.049999999999997,731.8181818181816,116.35714285714286,76.70349907918968,Below Expected
136,2,72.95,60.91,13,12.040000000000006,926.1538461538466,90.71428571428571,80.41732283464567,Below Expected
111,1,66.21,58.52,10,7.689999999999991,768.999999999999,66.32857142857142,99.82123626965324,Within Expected
52,0,16.57,7.04,15,9.530000000000001,635.3333333333334,17.285714285714285,95.85950413223141,Within Expected
138,2,72.44,64.36,9,8.079999999999998,897.7777777777776,92.65714285714286,78.18069688559976,Below Expected
179,2,103.2,97.69,7,5.510000000000005,787.1428571428579,130.62857142857143,79.00262467191601,Below Expected
62,0,23.76,16.93,9,6.830000000000002,758.888888888889,24.0,99.00000000000001,Within Expected
80,1,40.45,35.18,7,5.270000000000003,752.8571428571433,37.92857142857142,106.64783427495294,Within Expected
28,0,7.12,6.49,5,0.6299999999999999,125.99999999999997,7.3,97.53424657534246,Within Expected
150,2,119.38,112.33,7,7.049999999999997,1007.1428571428567,104.22857142857143,114.53673245614036,Above Expected
71,1,34.93,15.73,15,19.2,1280.0,30.685714285714283,113.8314711359404,Above Expected
164,2,116.69,96.23,19,20.459999999999994,1076.8421052631577,117.28571428571429,99.49208282582217,Within Expected
152,2,96.55,89.8,12,6.75,562.5,106.11428571428571,90.98680667743673,Within Expected
152,2,86.78,83.23,5,3.549999999999997,709.9999999999994,106.11428571428571,81.77975228863758,Below Expected
160,2,108.57,95.73,19,12.83999999999999,675.78947368421,113.57142857142857,95.59622641509434,Within Expected
82,1,44.48,33.26,13,11.219999999999999,863.076923076923,39.614285714285714,112.28272628921745,Above Expected
149,2,109.14,102.1,10,7.040000000000006,704.0000000000007,103.28571428571429,105.66804979253111,Within Expected
151,2,111.01,108.88,3,2.1300000000000097,710.0000000000032,105.17142857142858,105.55148057593044,Within Expected
194,2,147.56,130.05,20,17.50999999999999,875.4999999999995,143.17142857142858,103.06525643584115,Within Expected
100,1,56.75,43.26,19,13.490000000000002,710.0000000000001,55.857142857142854,101.5984654731458,Within Expected
147,2,101.57,98.11,5,3.4599999999999937,691.9999999999987,101.4,100.16765285996054,Within Expected
79,1,36.77,32.78,4,3.990000000000002,997.5000000000005,37.08571428571428,99.14869029275812,Within Expected
174,2,130.95,123.5,6,7.449999999999989,1241.6666666666647,126.31428571428572,103.66998416647817,Within Expected
78,1,35.31,25.22,12,10.090000000000003,840.8333333333336,36.24285714285714,97.4260938115885,Within Expected
139,2,78.2,66.43,16,11.769999999999996,735.6249999999998,93.62857142857142,83.52151357949346,Below Expected
189,2,154.76,148.34,12,6.4199999999999875,534.999999999999,139.1,111.25808770668584,Above Expected
192,2,156.36,153.34,4,3.0200000000000102,755.0000000000025,141.54285714285714,110.46830843762616,Above Expected
31,0,7.84,4.24,10,3.5999999999999996,360.0,8.242857142857144,95.11265164644713,Within Expected
102,1,59.6,43.01,17,16.590000000000003,975.8823529411767,57.714285714285715,103.26732673267327,Within Expected
144,2,122.15,118.65,4,3.5,875.0,98.48571428571428,124.02814041195242,Above Expected
168,2,121.46,108.0,12,13.459999999999994,1121.666666666666,121.0,100.3801652892562,Within Expected
84,1,38.14,29.7,9,8.440000000000001,937.7777777777779,41.3,92.34866828087168,Within Expected
162,2,94.53,85.32,8,9.210000000000008,1151.250000000001,115.42857142857143,81.89480198019801,Below Expected
110,1,72.32,66.67,7,5.6499999999999915,807.142857142856,65.35714285714286,110.65355191256829,Above Expected
195,2,155.99,147.62,14,8.370000000000005,597.8571428571432,143.9857142857143,108.33713662069651,Within Expected
181,2,135.94,119.5,16,16.439999999999998,1027.4999999999998,132.34285714285713,102.71804835924007,Within Expected
170,2,119.47,112.42,8,7.049999999999997,881.2499999999997,122.77142857142857,97.31091459157551,Within Expected
122,1,73.25,66.86,11,6.390000000000001,580.9090909090909,77.05714285714285,95.05932517612162,Within Expected
73,1,43.95,29.26,19,14.690000000000001,773.1578947368422,32.25714285714285,136.24889282550933,Above Expected
71,1,29.64,27.17,5,2.469999999999999,493.9999999999998,30.685714285714283,96.59217877094973,Within Expected
113,1,76.68,60.38,16,16.300000000000004,1018.7500000000002,68.27142857142857,112.31638418079098,Above Expected
63,0,24.48,15.58,18,8.9,494.44444444444446,24.7,99.10931174089069,Within Expected
171,2,161.47,143.91,18,17.560000000000002,975.5555555555558,123.65714285714286,130.57878927911275,Above Expected
175,2,121.12,113.8,7,7.320000000000007,1045.7142857142867,127.2,95.22012578616352,Within Expected
104,1,59.8,46.67,9,13.129999999999995,1458.8888888888885,59.57142857142857,100.38369304556353,Within Expected
74,1,36.6,23.93,16,12.670000000000002,791.8750000000001,33.042857142857144,110.76523994811933,Above Expected
148,2,99.14,93.29,6,5.849999999999994,974.9999999999991,102.34285714285714,96.87046342825238,Within Expected
80,1,32.62,24.37,15,8.249999999999996,549.9999999999997,37.92857142857142,86.00376647834275,Below Expected
137,2,52.26,45.57,7,6.689999999999998,955.7142857142854,91.68571428571428,56.99906512932378,Below Expected
195,2,133.9,128.76,5,5.140000000000015,1028.000000000003,143.9857142857143,92.99533683897212,Within Expected
131,2,93.56,91.19,4,2.3700000000000045,592.5000000000011,85.85714285714286,108.97171381031615,Within Expected
195,2,176.58,168.54,11,8.04000000000002,730.9090909090927,143.9857142857143,122.63716638555412,Above Expected
155,2,142.28,126.16,19,16.120000000000005,848.4210526315792,108.92857142857143,130.61770491803279,Above Expected
98,1,38.84,35.89,3,2.950000000000003,983.3333333333343,54.0,71.92592592592594,Below Expected
128,2,91.25,78.07,10,13.180000000000007,1318.0000000000007,82.94285714285714,110.01550120564933,Above Expected
155,2,135.42,125.73,11,9.689999999999984,880.9090909090894,108.92857142857143,124.32,Above Expected
40,0,10.28,7.17,12,3.1099999999999994,259.16666666666663,11.428571428571429,89.95,Below Expected
174,2,110.48,96.16,17,14.320000000000007,842.352941176471,126.31428571428572,87.4643745758878,Below Expected
157,2,105.57,104.01,3,1.559999999999988,519.999999999996,110.78571428571429,95.29206963249516,Within Expected
42,0,13.53,4.95,17,8.579999999999998,504.7058823529411,12.2,110.90163934426229,Above Expected
58,0,22.35,9.47,19,12.88,677.8947368421053,21.2,105.4245283018868,Within Expected
164,2,130.98,114.38,14,16.599999999999994,1185.7142857142853,117.28571428571429,111.67600487210719,Above Expected
73,1,39.57,22.44,18,17.13,951.6666666666666,32.25714285714285,122.67050487156779,Above Expected
124,1,77.57,67.75,10,9.819999999999993,981.9999999999993,79.02857142857142,98.15437454808387,Within Expected
40,0,13.69,11.95,5,1.7400000000000002,348.00000000000006,11.428571428571429,119.78750000000001,Above Expected
180,2,103.21,84.1,18,19.11,1061.6666666666665,131.48571428571427,78.49521946979576,Below Expected
81,1,34.4,22.65,12,11.75,979.1666666666666,38.77142857142857,88.72512896094325,Below Expected
114,1,71.19,65.36,9,5.829999999999998,647.7777777777776,69.24285714285713,102.8120486899113,Within Expected
150,2,76.27,55.47,21,20.799999999999997,990.4761904761903,104.22857142857143,73.17571271929825,Below Expected
44,0,13.67,9.58,12,4.09,340.8333333333333,13.114285714285714,104.23747276688454,Within Expected
127,2,92.67,85.45,7,7.219999999999999,1031.4285714285713,81.97142857142858,113.05158591843846,Above Expected
75,1,31.38,18.95,19,12.43,654.2105263157895,33.82857142857143,92.76182432432432,Within Expected
194,2,146.48,142.05,5,4.429999999999978,885.9999999999957,143.17142857142858,102.31091598483334,Within Expected
44,0,15.89,5.77,18,10.120000000000001,562.2222222222223,13.114285714285714,121.16557734204794,Above Expected
49,0,14.86,10.79,8,4.07,508.75000000000006,15.4,96.49350649350649,Within Expected
81,1,42.73,40.62,3,2.1099999999999994,703.3333333333331,38.77142857142857,110.21002210759025,Above Expected
175,2,127.97,124.07,4,3.9000000000000057,975.0000000000014,127.2,100.60534591194967,Within Expected
119,1,71.46,61.72,9,9.739999999999995,1082.2222222222217,74.1,96.43724696356276,Within Expected
147,2,70.46,61.83,13,8.629999999999995,663.8461538461536,101.4,69.48717948717947,Below Expected
60,0,27.02,22.01,8,5.009999999999998,626.2499999999998,22.6,119.55752212389379,Above Expected
177,2,129.1,109.24,19,19.86,1045.2631578947369,128.9142857142857,100.14406028368793,Within Expected
179,2,123.73,111.08,12,12.650000000000006,1054.1666666666672,130.62857142857143,94.7189413823272,Within Expected
86,1,41.28,36.97,7,4.310000000000002,615.714285714286,43.07142857142857,95.84079601990051,Within Expected
189,2,111.3,96.49,21,14.810000000000002,705.2380952380953,139.1,80.01437814521927,Below Expected
24,0,5.09,4.75,3,0.33999999999999986,113.33333333333329,6.5,78.3076923076923,Below Expected
50,0,19.3,16.24,5,3.0600000000000023,612.0000000000005,16.02857142857143,120.40998217468805,Above Expected
113,1,71.75,57.38,12,14.369999999999997,1197.4999999999998,68.27142857142857,105.09520820255283,Within Expected
185,2,131.55,119.53,13,12.02000000000001,924.6153846153854,135.72857142857143,96.92137669718977,Within Expected
77,1,37.14,24.96,13,12.18,936.9230769230769,35.4,104.91525423728814,Within Expected
164,2,107.74,97.9,12,9.83999999999999,819.9999999999991,117.28571428571429,91.86114494518878,Within Expected
50,0,15.07,4.09,20,10.98,549.0,16.02857142857143,94.01960784313725,Within Expected
112,1,76.66,73.75,4,2.9099999999999966,727.4999999999991,67.3,113.9078751857355,Above Expected
196,2,160.53,149.66,12,10.870000000000005,905.8333333333337,144.8,110.86325966850828,Above Expected
98,1,54.94,44.49,14,10.449999999999996,746.4285714285711,54.0,101.74074074074073,Within Expected
37,0,10.57,6.87,16,3.7,231.25,10.27142857142857,102.90681502086233,Within Expected
55,0,22.8,11.87,17,10.930000000000001,642.9411764705884,19.17142857142857,118.92697466467959,Above Expected
187,2,134.54,121.04,13,13.499999999999986,1038.4615384615374,137.4142857142857,97.90830647676472,Within Expected
162,2,108.45,97.78,15,10.670000000000002,711.3333333333335,115.42857142857143,93.95420792079207,Within Expected
63,0,27.57,14.69,21,12.88,613.3333333333334,24.7,111.61943319838056,Above Expected
139,2,101.37,99.14,3,2.230000000000004,743.3333333333346,93.62857142857142,108.26823314006715,Within Expected
192,2,152.16,142.74,11,9.419999999999987,856.3636363636352,141.54285714285714,107.50100928542592,Within Expected
133,2,93.07,86.94,5,6.1299999999999955,1225.999999999999,87.8,106.00227790432801,Within Expected
32,0,7.92,5.25,10,2.67,267.0,8.557142857142857,92.5542570951586,Within Expected
130,2,86.46,72.76,14,13.699999999999989,978.5714285714278,84.88571428571429,101.85459441265567,Within Expected
192,2,134.09,119.64,19,14.450000000000003,760.5263157894739,141.54285714285714,94.73455793298345,Within Expected
88,1,39.74,27.27,18,12.470000000000002,692.7777777777779,44.84285714285714,88.62057980248488,Below Expected
193,2,152.79,145.0,8,7.789999999999992,973.749999999999,142.35714285714286,107.32865027596587,Within Expected
82,1,43.3,21.91,20,21.389999999999997,1069.5,39.614285714285714,109.30400288496213,Within Expected
112,1,60.29,48.93,12,11.36,946.6666666666666,67.3,89.58395245170877,Below Expected
164,2,123.3,106.3,21,17.0,809.5238095238095,117.28571428571429,105.12789281364189,Within Expected
93,1,48.81,43.14,7,5.670000000000002,810.0000000000002,49.357142857142854,98.89146164978293,Within Expected
87,1,43.24,41.06,3,2.1799999999999997,726.6666666666665,43.957142857142856,98.36854078648034,Within Expected
58,0,22.18,18.14,9,4.039999999999999,448.8888888888888,21.2,104.62264150943396,Within Expected
102,1,67.37,58.4,16,8.970000000000006,560.6250000000003,57.714285714285715,116.73019801980197,Above Expected
69,0,26.94,13.39,17,13.55,797.0588235294118,29.157142857142855,92.39588437040668,Within Expected
135,2,97.7,87.28,12,10.420000000000002,868.3333333333335,89.74285714285713,108.8666029926775,Within Expected
192,2,138.9,135.09,5,3.8100000000000023,762.0000000000005,141.54285714285714,98.13282196205087,Within Expected
47,0,16.18,13.8,13,2.379999999999999,183.076923076923,14.485714285714286,111.69625246548323,Above Expected
96,1,54.46,47.64,9,6.82,757.7777777777778,52.142857142857146,104.44383561643835,Within Expected
84,1,39.29,15.99,16,23.299999999999997,1456.2499999999998,41.3,95.13317191283294,Within Expected
121,1,84.83,79.3,7,5.530000000000001,790.0000000000001,76.07142857142857,111.51361502347419,Above Expected
150,2,95.94,90.39,9,5.549999999999997,616.6666666666664,104.22857142857143,92.04769736842105,Within Expected
73,1,29.22,23.12,11,6.099999999999998,554.5454545454544,32.25714285714285,90.58458813108948,Within Expected
85,1,43.11,38.34,7,4.769999999999996,681.4285714285709,42.18571428571428,102.19099221131054,Within Expected
191,2,128.58,112.59,20,15.990000000000009,799.5000000000005,140.72857142857143,91.36737387067303,Within Expected
75,1,34.19,23.26,9,10.929999999999996,1214.444444444444,33.82857142857143,101.06841216216216,Within Expected
72,1,30.77,22.2,16,8.57,535.625,31.47142857142857,97.77122106218792,Within Expected
39,0,10.08,6.16,13,3.92,301.53846153846155,11.042857142857143,91.28072445019406,Within Expected
47,0,14.26,3.99,21,10.27,489.04761904761904,14.485714285714286,98.44181459566074,Within Expected
166,2,118.13,101.71,20,16.42,821.0000000000001,119.14285714285714,99.14988009592327,Within Expected
147,2,101.98,93.89,13,8.090000000000003,622.3076923076926,101.4,100.57199211045365,Within Expected
45,0,13.37,5.52,17,7.85,461.7647058823529,13.571428571428571,98.51578947368421,Within Expected
58,0,19.71,17.35,3,2.3599999999999994,786.6666666666665,21.2,92.97169811320755,Within Expected
183,2,101.65,97.26,5,4.390000000000001,878.0000000000001,134.04285714285714,75.8339550250453,Below Expected
184,2,118.9,114.94,10,3.960000000000008,396.0000000000008,134.88571428571427,88.14869730989199,Below Expected
71,1,28.76,23.6,8,5.16,645.0,30.685714285714283,93.72439478584731,Within Expected
76,1,32.64,25.04,11,7.600000000000001,690.909090909091,34.614285714285714,94.29632686751961,Within Expected
64,0,22.44,8.98,14,13.46,961.4285714285716,25.442857142857143,88.19764177428412,Below Expected
45,0,15.84,13.85,6,1.9900000000000002,331.66666666666674,13.571428571428571,116.71578947368421,Above Expected
154,2,122.71,114.0,8,8.709999999999994,1088.7499999999993,108.0,113.62037037037037,Above Expected
104,1,62.68,49.56,14,13.119999999999997,937.142857142857,59.57142857142857,105.21822541966428,Within Expected
33,0,9.35,7.12,7,2.2299999999999995,318.5714285714285,8.871428571428572,105.39452495974233,Within Expected
111,1,59.48,48.03,12,11.449999999999996,954.1666666666663,66.32857142857142,89.67477923756194,Below Expected
151,2,112.18,89.56,18,22.620000000000005,1256.6666666666667,105.17142857142858,106.66395001358326,Within Expected
55,0,20.26,7.62,14,12.64,902.8571428571429,19.17142857142857,105.6780923994039,Within Expected
187,2,153.46,143.25,18,10.210000000000008,567.2222222222226,137.4142857142857,111.67688948955194,Above Expected
144,2,92.32,85.76,7,6.559999999999988,937.1428571428554,98.48571428571428,93.7394836089353,Within Expected
98,1,52.69,39.72,13,12.969999999999999,997.6923076923076,54.0,97.57407407407406,Within Expected
42,0,13.37,7.95,17,5.419999999999999,318.8235294117647,12.2,109.59016393442622,Within Expected
196,2,124.56,107.14,16,17.42,1088.75,144.8,86.02209944751381,Below Expected
133,2,95.55,80.8,13,14.75,1134.6153846153845,87.8,108.82687927107062,Within Expected
112,1,66.54,55.27,14,11.270000000000003,805.0000000000002,67.3,98.87072808320953,Within Expected
186,2,119.6,101.11,17,18.489999999999995,1087.6470588235293,136.57142857142856,87.57322175732219,Below Expected
141,2,103.21,91.9,12,11.309999999999988,942.499999999999,95.57142857142857,107.99252615844543,Within Expected
78,1,30.83,19.87,17,10.959999999999997,644.705882352941,36.24285714285714,85.06503744580213,Below Expected
41,0,13.18,7.0,15,6.18,412.0,11.814285714285713,111.55985489721887,Above Expected
137,2,117.93,94.56,19,23.370000000000005,1230.0000000000002,91.68571428571428,128.6241819881583,Above Expected
166,2,84.96,74.26,19,10.699999999999989,563.1578947368415,119.14285714285714,71.30935251798562,Below Expected
181,2,97.77,94.31,4,3.4599999999999937,864.9999999999984,132.34285714285713,73.87629533678756,Below Expected
40,0,11.66,7.72,11,3.9400000000000004,358.1818181818182,11.428571428571429,102.02499999999999,Within Expected
129,2,79.56,76.11,3,3.450000000000003,1150.000000000001,83.91428571428571,94.81103166496425,Within Expected
69,0,33.95,31.29,4,2.6600000000000037,665.0000000000009,29.157142857142855,116.43802057814798,Above Expected
104,1,44.77,37.89,7,6.880000000000003,982.8571428571432,59.57142857142857,75.15347721822543,Below Expected
33,0,8.81,5.79,9,3.0200000000000005,335.5555555555556,8.871428571428572,99.30756843800323,Within Expected
183,2,147.5,140.69,6,6.810000000000002,1135.0000000000005,134.04285714285714,110.03943301715869,Above Expected
47,0,12.67,5.55,16,7.12,445.0,14.485714285714286,87.465483234714,Below Expected
113,1,79.17,67.71,12,11.460000000000008,955.0000000000007,68.27142857142857,115.96359070935343,Above Expected
67,0,26.15,22.72,6,3.4299999999999997,571.6666666666666,27.67142857142857,94.5018069179143,Within Expected
49,0,15.13,7.18,19,7.950000000000001,418.421052631579,15.4,98.24675324675324,Within Expected
35,0,10.2,5.75,14,4.449999999999999,317.8571428571428,9.5,107.36842105263158,Within Expected
109,1,60.88,50.8,19,10.080000000000005,530.526315789474,64.38571428571429,94.55513645440426,Within Expected
111,1,73.11,67.54,6,5.569999999999993,928.3333333333322,66.32857142857142,110.22399310790438,Above Expected
108,1,74.68,58.41,12,16.27000000000001,1355.8333333333342,63.41428571428571,117.76526244649696,Above Expected
59,0,23.11,11.19,17,11.92,701.1764705882352,21.9,105.52511415525115,Within Expected
167,2,122.62,104.58,17,18.040000000000006,1061.1764705882356,120.07142857142857,102.12254610350982,Within Expected
144,2,104.3,103.6,4,0.7000000000000028,175.0000000000007,98.48571428571428,105.9036843632144,Within Expected
196,2,148.56,144.79,7,3.7700000000000102,538.57142857143,144.8,102.59668508287292,Within Expected
145,2,103.37,91.66,20,11.710000000000008,585.5000000000003,99.45714285714286,103.93421430623384,Within Expected
145,2,85.16,70.57,20,14.590000000000003,729.5000000000001,99.45714285714286,85.62482045389255,Below Expected
85,1,38.77,25.73,15,13.040000000000003,869.3333333333335,42.18571428571428,91.9031493396546,Within Expected
144,2,97.99,84.26,12,13.72999999999999,1144.1666666666658,98.48571428571428,99.49666376559327,Within Expected
195,2,158.54,155.25,3,3.289999999999992,1096.666666666664,143.9857142857143,110.10814564936997,Above Expected
182,2,143.59,126.79,16,16.799999999999997,1049.9999999999998,133.2,107.80030030030032,Within Expected
85,1,46.84,42.04,8,4.800000000000004,600.0000000000006,42.18571428571428,111.03284795123605,Above Expected
126,2,85.13,75.53,10,9.599999999999994,959.9999999999994,81.0,105.09876543209874,Within Expected
72,1,30.69,26.93,9,3.7600000000000016,417.77777777777794,31.47142857142857,97.51702224239673,Within Expected
194,2,158.59,152.17,10,6.420000000000016,642.0000000000016,143.17142857142858,110.7693075234484,Above Expected
159,2,111.57,102.36,10,9.209999999999994,920.9999999999993,112.64285714285714,99.04755865567533,Within Expected
68,0,32.47,20.14,11,12.329999999999998,1120.9090909090908,28.414285714285715,114.27350427350427,Above Expected
146,2,83.37,77.37,7,6.0,857.1428571428571,100.42857142857143,83.01422475106686,Below Expected
191,2,136.01,119.67,18,16.33999999999999,907.7777777777771,140.72857142857143,96.64704090955233,Within Expected
99,1,67.67,58.31,11,9.36,850.9090909090909,54.92857142857143,123.1963589076723,Above Expected
195,2,129.09,125.91,5,3.180000000000007,636.0000000000014,143.9857142857143,89.65472765155273,Below Expected
69,0,29.55,26.88,3,2.6700000000000017,890.0000000000006,29.157142857142855,101.34737873591378,Within Expected
47,0,12.69,6.87,16,5.819999999999999,363.74999999999994,14.485714285714286,87.60355029585799,Below Expected
177,2,109.98,103.1,8,6.88000000000001,860.0000000000013,128.9142857142857,85.3125,Below Expected
71,1,30.14,19.32,18,10.82,601.1111111111112,30.685714285714283,98.22160148975793,Within Expected
79,1,38.46,19.89,18,18.57,1031.6666666666667,37.08571428571428,103.70570107858245,Within Expected
164,2,134.25,110.11,20,24.14,1207.0,117.28571428571429,114.46406820950061,Above Expected
156,2,136.58,128.71,7,7.8700000000000045,1124.285714285715,109.85714285714286,124.32509752925878,Above Expected
46,0,12.81,4.32,19,8.49,446.8421052631579,14.028571428571428,91.31364562118127,Within Expected
99,1,53.29,43.55,14,9.740000000000002,695.7142857142859,54.92857142857143,97.01690507152145,Within Expected
86,1,36.82,34.06,3,2.759999999999998,919.9999999999993,43.07142857142857,85.48590381426203,Below Expected
127,2,67.67,40.83,19,26.840000000000003,1412.6315789473688,81.97142857142858,82.55315440920181,Below Expected
74,1,27.95,13.15,19,14.799999999999999,778.9473684210526,33.042857142857144,84.58711629917855,Below Expected
64,0,26.64,17.23,11,9.41,855.4545454545455,25.442857142857143,104.70522178551376,Within Expected
119,1,75.04,69.35,7,5.690000000000012,812.8571428571446,74.1,101.26855600539812,Within Expected
185,2,161.14,149.62,12,11.519999999999982,959.9999999999985,135.72857142857143,118.72223976423533,Above Expected
154,2,118.67,110.1,8,8.570000000000007,1071.250000000001,108.0,109.87962962962963,Within Expected
37,0,8.33,7.11,6,1.2199999999999998,203.3333333333333,10.27142857142857,81.09874826147427,Below Expected
137,2,78.78,70.21,6,8.570000000000007,1428.3333333333346,91.68571428571428,85.92396385166718,Below Expected
97,1,53.76,46.92,8,6.839999999999996,854.9999999999995,53.07142857142857,101.29744279946165,Within Expected
151,2,106.13,96.3,15,9.829999999999998,655.3333333333333,105.17142857142858,100.91143710948111,Within Expected
52,0,15.76,13.16,6,2.5999999999999996,433.3333333333333,17.285714285714285,91.17355371900827,Within Expected
167,2,132.7,130.38,3,2.319999999999993,773.3333333333311,120.07142857142857,110.51754907792979,Above Expected
145,2,104.67,101.59,3,3.0799999999999983,1026.666666666666,99.45714285714286,105.24130996839989,Within Expected
145,2,81.31,64.4,17,16.909999999999997,994.705882352941,99.45714285714286,81.75380637747774,Below Expected
118,1,56.4,45.21,13,11.189999999999998,860.7692307692306,73.12857142857142,77.12443836686855,Below Expected
89,1,63.33,58.97,4,4.359999999999999,1089.9999999999998,45.72857142857143,138.49109653233364,Above Expected
62,0,22.73,9.62,20,13.110000000000001,655.5000000000001,24.0,94.70833333333334,Within Expected
107,1,57.28,45.17,12,12.11,1009.1666666666665,62.44285714285714,91.73186913749714,Within Expected
136,2,82.18,68.0,14,14.180000000000007,1012.8571428571433,90.71428571428571,90.59212598425198,Within Expected
98,1,47.76,27.01,19,20.749999999999996,1092.1052631578946,54.0,88.44444444444444,Below Expected
67,0,30.46,13.7,21,16.76,798.0952380952382,27.67142857142857,110.07743933918431,Above Expected
43,0,12.34,10.57,4,1.7699999999999996,442.4999999999999,12.657142857142857,97.49435665914221,Within Expected
42,0,10.28,3.97,14,6.309999999999999,450.7142857142856,12.2,84.26229508196721,Below Expected
70,1,30.43,21.35,10,9.079999999999998,907.9999999999998,29.9,101.77257525083611,Within Expected
89,1,53.26,50.68,3,2.5799999999999983,859.9999999999994,45.72857142857143,116.4698531708841,Above Expected
115,1,83.22,58.67,21,24.549999999999997,1169.0476190476188,70.21428571428571,118.52288911495424,Above Expected
60,0,21.34,15.22,8,6.119999999999999,764.9999999999999,22.6,94.42477876106194,Within Expected
175,2,132.5,115.49,20,17.010000000000005,850.5000000000002,127.2,104.16666666666667,Within Expected
142,2,71.17,63.67,10,7.5,750.0,96.54285714285714,73.71855578573543,Below Expected
177,2,126.72,122.55,4,4.170000000000002,1042.5000000000005,128.9142857142857,98.29787234042553,Within Expected
74,1,31.12,27.82,4,3.3000000000000007,825.0000000000002,33.042857142857144,94.1807176826632,Within Expected
95,1,49.5,36.79,15,12.71,847.3333333333334,51.214285714285715,96.65271966527197,Within Expected
59,0,20.37,17.34,6,3.030000000000001,505.0000000000002,21.9,93.013698630137,Within Expected
34,0,8.03,2.83,13,5.199999999999999,399.99999999999994,9.185714285714287,87.41835147744943,Below Expected
186,2,131.28,112.16,16,19.120000000000005,1195.0000000000002,136.57142857142856,96.12552301255232,Within Expected
139,2,92.52,85.06,6,7.459999999999994,1243.3333333333323,93.62857142857142,98.81599023497103,Within Expected
56,0,18.53,12.29,9,6.240000000000002,693.3333333333336,19.8,93.58585858585859,Within Expected
72,1,25.08,10.65,17,14.429999999999998,848.8235294117645,31.47142857142857,79.69133000453927,Below Expected
57,0,17.34,8.2,15,9.14,609.3333333333334,20.5,84.58536585365853,Below Expected
192,2,133.05,122.73,14,10.320000000000007,737.1428571428577,141.54285714285714,93.99979814291483,Within Expected
158,2,104.45,96.74,12,7.710000000000008,642.5000000000007,111.71428571428571,93.49744245524298,Within Expected
54,0,19.74,11.3,12,8.439999999999998,703.3333333333331,18.542857142857144,106.45608628659475,Within Expected
138,2,103.99,82.36,20,21.629999999999995,1081.4999999999998,92.65714285714286,112.23095898859081,Above Expected
152,2,107.87,105.32,3,2.5500000000000114,850.0000000000038,106.11428571428571,101.65455035002692,Within Expected
103,1,56.63,47.97,9,8.660000000000004,962.2222222222226,58.642857142857146,96.56760048721071,Within Expected
59,0,23.19,17.82,11,5.370000000000001,488.18181818181824,21.9,105.89041095890413,Within Expected
89,1,39.66,32.35,8,7.309999999999995,913.7499999999994,45.72857142857143,86.72914714151827,Below Expected
121,1,93.87,79.36,13,14.510000000000005,1116.1538461538464,76.07142857142857,123.39718309859155,Above Expected
173,2,107.69,93.46,14,14.230000000000004,1016.4285714285717,125.42857142857143,85.85763097949885,Below Expected
60,0,26.13,20.77,11,5.359999999999999,487.27272727272725,22.6,115.61946902654867,Above Expected
90,1,51.19,27.4,19,23.79,1252.1052631578946,46.614285714285714,109.81612013484524,Within Expected
165,2,112.77,99.6,19,13.170000000000002,693.1578947368422,118.21428571428571,95.39456193353475,Within Expected
97,1,53.94,51.26,3,2.6799999999999997,893.3333333333333,53.07142857142857,101.63660834454913,Within Expected
162,2,134.73,129.81,4,4.9199999999999875,1229.9999999999968,115.42857142857143,116.72153465346533,Above Expected
47,0,11.36,4.69,19,6.669999999999999,351.05263157894734,14.485714285714286,78.42209072978304,Below Expected
179,2,130.71,115.18,20,15.530000000000001,776.5000000000001,130.62857142857143,100.06233595800525,Within Expected
119,1,93.62,84.22,15,9.400000000000006,626.6666666666671,74.1,126.34278002699058,Above Expected
95,1,43.3,31.94,12,11.359999999999996,946.6666666666663,51.214285714285715,84.54672245467223,Below Expected
135,2,94.57,90.55,5,4.019999999999996,803.9999999999992,89.74285714285713,105.37886023559378,Within Expected
135,2,90.73,86.65,3,4.079999999999998,1359.9999999999995,89.74285714285713,101.09996816300544,Within Expected
28,0,7.16,5.54,7,1.62,231.42857142857144,7.3,98.08219178082193,Within Expected
97,1,55.73,41.7,13,14.029999999999994,1079.2307692307688,53.07142857142857,105.00942126514133,Within Expected
120,1,79.23,69.15,10,10.079999999999998,1007.9999999999998,75.08571428571427,105.51940639269408,Within Expected
91,1,46.67,34.51,16,12.160000000000004,760.0000000000002,47.5,98.25263157894737,Within Expected
129,2,88.55,74.79,12,13.759999999999991,1146.6666666666658,83.91428571428571,105.52434456928839,Within Expected
114,1,63.72,41.88,19,21.839999999999996,1149.4736842105262,69.24285714285713,92.02393232927585,Within Expected
172,2,125.44,114.39,10,11.049999999999997,1104.9999999999998,124.54285714285714,100.72034870383115,Within Expected
141,2,100.35,86.87,19,13.47999999999999,709.4736842105258,95.57142857142857,105.0,Within Expected
108,1,52.38,47.23,8,5.150000000000006,643.7500000000007,63.41428571428571,82.59968461365173,Below Expected
47,0,15.52,9.73,13,5.789999999999999,445.3846153846153,14.485714285714286,107.14003944773177,Within Expected
75,1,37.69,21.74,19,15.95,839.4736842105262,33.82857142857143,111.41469594594594,Above Expected
184,2,119.27,102.96,14,16.310000000000002,1165.0000000000002,134.88571428571427,88.42300360093202,Below Expected
124,1,88.39,65.38,21,23.010000000000005,1095.7142857142858,79.02857142857142,111.84562545191612,Above Expected
190,2,145.93,143.19,5,2.740000000000009,548.0000000000018,139.9142857142857,104.29957116602002,Within Expected
56,0,19.53,12.62,15,6.910000000000002,460.6666666666668,19.8,98.63636363636363,Within Expected
44,0,13.97,7.41,11,6.5600000000000005,596.3636363636364,13.114285714285714,106.52505446623096,Within Expected
188,2,113.15,100.87,11,12.280000000000001,1116.3636363636365,138.25714285714284,81.8402562512916,Below Expected
131,2,101.09,93.01,6,8.079999999999998,1346.6666666666665,85.85714285714286,117.74209650582364,Above Expected
75,1,38.55,20.46,21,18.089999999999996,861.4285714285712,33.82857142857143,113.95692567567566,Above Expected
75,1,42.12,30.5,14,11.619999999999997,829.9999999999999,33.82857142857143,124.51013513513513,Above Expected
180,2,139.04,121.09,16,17.94999999999999,1121.8749999999993,131.48571428571427,105.74532811820949,Within Expected
57,0,17.61,14.39,4,3.219999999999999,804.9999999999998,20.5,85.90243902439025,Below Expected
109,1,61.49,58.46,4,3.030000000000001,757.5000000000002,64.38571428571429,95.50255158642112,Within Expected
63,0,29.61,24.75,5,4.859999999999999,971.9999999999999,24.7,119.87854251012146,Above Expected
152,2,103.22,90.65,13,12.569999999999993,966.9230769230765,106.11428571428571,97.27248249865374,Within Expected
178,2,126.0,114.12,13,11.879999999999995,913.8461538461536,129.77142857142857,97.09379128137384,Within Expected
116,1,78.1,49.17,21,28.929999999999993,1377.6190476190473,71.18571428571428,109.71302428256071,Within Expected
69,0,33.88,27.37,11,6.510000000000002,591.8181818181819,29.157142857142855,116.19794218520335,Above Expected
30,0,6.91,4.92,8,1.9900000000000002,248.75000000000003,7.928571428571429,87.15315315315316,Below Expected
85,1,45.45,37.4,8,8.050000000000004,1006.2500000000006,42.18571428571428,107.73789366745683,Within Expected
157,2,123.85,107.92,20,15.929999999999993,796.4999999999997,110.78571428571429,111.79239200515796,Above Expected
147,2,92.49,69.12,20,23.36999999999999,1168.4999999999993,101.4,91.21301775147927,Within Expected
183,2,160.37,146.34,17,14.030000000000001,825.2941176470589,134.04285714285714,119.64083981668976,Above Expected
88,1,36.96,13.92,19,23.04,1212.6315789473683,44.84285714285714,82.42115323351386,Below Expected
43,0,14.02,12.74,6,1.2799999999999994,213.33333333333323,12.657142857142857,110.76749435665914,Above Expected
54,0,23.09,10.63,20,12.459999999999999,623.0,18.542857142857144,124.52234206471493,Above Expected
172,2,121.17,117.43,5,3.739999999999995,747.999999999999,124.54285714285714,97.29181004817619,Within Expected
48,0,12.67,3.08,19,9.59,504.7368421052631,14.942857142857143,84.78967495219885,Below Expected
68,0,27.01,10.1,21,16.910000000000004,805.2380952380954,28.414285714285715,95.05781799899448,Within Expected
119,1,76.44,64.8,12,11.64,970.0000000000001,74.1,103.15789473684211,Within Expected
64,0,28.62,26.26,3,2.3599999999999994,786.6666666666665,25.442857142857143,112.48736664795058,Above Expected
187,2,153.73,139.88,15,13.849999999999994,923.333333333333,137.4142857142857,111.87337561077035,Above Expected
69,0,31.97,18.86,18,13.11,728.3333333333333,29.157142857142855,109.64723174914259,Within Expected
120,1,66.87,61.97,9,4.900000000000006,544.444444444445,75.08571428571427,89.05821917808221,Below Expected
63,0,22.29,4.56,17,17.73,1042.9411764705883,24.7,90.24291497975709,Within Expected
55,0,21.19,18.2,6,2.990000000000002,498.33333333333366,19.17142857142857,110.5290611028316,Above Expected
168,2,104.13,102.19,3,1.9399999999999977,646.666666666666,121.0,86.05785123966942,Below Expected
46,0,13.38,3.08,20,10.3,515.0,14.028571428571428,95.37678207739309,Within Expected
136,2,72.43,55.03,14,17.400000000000006,1242.8571428571433,90.71428571428571,79.84409448818899,Below Expected
140,2,90.5,83.54,11,6.959999999999994,632.7272727272722,94.6,95.66596194503173,Within Expected
89,1,34.16,18.43,20,15.729999999999997,786.4999999999999,45.72857142857143,74.70165573258356,Below Expected
81,1,36.9,28.28,19,8.619999999999997,453.6842105263156,38.77142857142857,95.1731761238025,Within Expected
104,1,59.65,40.56,17,19.089999999999996,1122.941176470588,59.57142857142857,100.13189448441247,Within Expected
183,2,166.59,159.77,8,6.819999999999993,852.4999999999991,134.04285714285714,124.28114675476927,Above Expected
42,0,12.17,6.14,19,6.03,317.36842105263156,12.2,99.75409836065575,Within Expected
164,2,130.07,121.07,8,9.0,1125.0,117.28571428571429,110.90012180267965,Above Expected
70,1,36.05,29.47,8,6.579999999999998,822.4999999999998,29.9,120.5685618729097,Above Expected
78,1,43.32,40.69,4,2.6300000000000026,657.5000000000007,36.24285714285714,119.52700039416635,Above Expected
93,1,43.11,35.58,9,7.530000000000001,836.6666666666667,49.357142857142854,87.34298118668596,Below Expected
140,2,87.38,79.48,15,7.8999999999999915,526.6666666666661,94.6,92.3678646934461,Within Expected
94,1,58.95,50.69,12,8.260000000000005,688.3333333333338,50.285714285714285,117.23011363636364,Above Expected
54,0,18.02,13.78,10,4.24,424.00000000000006,18.542857142857144,97.18027734976886,Within Expected
88,1,54.0,43.36,14,10.64,760.0,44.84285714285714,120.4205160879261,Above Expected
164,2,120.67,118.18,3,2.489999999999995,829.9999999999983,117.28571428571429,102.88550548112059,Within Expected
179,2,124.16,111.6,13,12.560000000000002,966.1538461538464,130.62857142857143,95.04811898512685,Within Expected
118,1,59.76,49.6,19,10.159999999999997,534.736842105263,73.12857142857142,81.71908575893731,Below Expected
60,0,21.39,10.15,14,11.24,802.8571428571428,22.6,94.64601769911503,Within Expected
149,2,99.97,87.16,16,12.810000000000002,800.6250000000001,103.28571428571429,96.78976486860303,Within Expected
48,0,19.22,13.47,16,5.749999999999998,359.3749999999999,14.942857142857143,128.62332695984702,Above Expected
64,0,22.48,7.43,21,15.05,716.6666666666666,25.442857142857143,88.3548568220101,Below Expected
161,2,118.76,112.68,8,6.079999999999998,759.9999999999998,114.5,103.72052401746726,Within Expected
39,0,10.03,3.71,18,6.319999999999999,351.1111111111111,11.042857142857143,90.82794307891332,Within Expected
105,1,66.94,52.93,11,14.009999999999998,1273.6363636363635,60.5,110.64462809917354,Above Expected
54,0,16.04,6.74,21,9.299999999999999,442.8571428571428,18.542857142857144,86.50231124807395,Below Expected
165,2,101.66,97.85,5,3.8100000000000023,762.0000000000005,118.21428571428571,85.9963746223565,Below Expected
161,2,130.43,118.44,11,11.990000000000009,1090.0000000000007,114.5,113.91266375545852,Above Expected
95,1,46.8,30.45,18,16.349999999999998,908.3333333333333,51.214285714285715,91.3807531380753,Within Expected
107,1,67.81,62.02,5,5.789999999999999,1158.0,62.44285714285714,108.59528711965226,Within Expected
156,2,105.17,82.19,21,22.980000000000004,1094.2857142857144,109.85714285714286,95.73342002600779,Within Expected
146,2,108.2,86.83,17,21.370000000000005,1257.058823529412,100.42857142857143,107.73826458036983,Within Expected
188,2,145.34,123.79,19,21.549999999999997,1134.2105263157894,138.25714285714284,105.12295928910933,Within Expected
71,1,36.45,24.13,16,12.320000000000004,770.0000000000002,30.685714285714283,118.78491620111733,Above Expected
112,1,63.36,57.9,8,5.460000000000001,682.5000000000001,67.3,94.14561664190192,Within Expected
150,2,109.7,93.21,19,16.49000000000001,867.8947368421058,104.22857142857143,105.24945175438596,Within Expected
118,1,69.93,65.46,8,4.470000000000013,558.7500000000016,73.12857142857142,95.62609884743117,Within Expected
152,2,86.71,69.53,17,17.179999999999993,1010.5882352941171,106.11428571428571,81.71378567582121,Below Expected
146,2,92.06,73.62,16,18.439999999999998,1152.4999999999998,100.42857142857143,91.66714082503556,Within Expected
151,2,104.89,89.99,20,14.900000000000006,745.0000000000003,105.17142857142858,99.73240967128497,Within Expected
98,1,63.45,52.9,11,10.550000000000004,959.0909090909095,54.0,117.5,Above Expected
184,2,144.24,131.38,16,12.860000000000014,803.7500000000009,134.88571428571427,106.9349714043635,Within Expected
43,0,11.81,9.6,9,2.210000000000001,245.55555555555563,12.657142857142857,93.30699774266367,Within Expected
111,1,71.64,60.35,13,11.29,868.4615384615383,66.32857142857142,108.00775360758132,Within Expected
51,0,16.14,14.56,3,1.58,526.6666666666667,16.65714285714286,96.89536878216123,Within Expected
68,0,34.05,26.34,14,7.709999999999997,550.7142857142854,28.414285714285715,119.8340874811463,Above Expected
43,0,12.98,11.3,6,1.6799999999999997,279.99999999999994,12.657142857142857,102.5507900677201,Within Expected
194,2,177.58,174.23,5,3.3500000000000227,670.0000000000045,143.17142857142858,124.03312712033528,Above Expected
76,1,27.39,21.29,8,6.100000000000001,762.5000000000002,34.614285714285714,79.12917870408585,Below Expected
192,2,177.86,167.07,17,10.79000000000002,634.7058823529424,141.54285714285714,125.65805409769884,Above Expected
161,2,147.75,138.06,10,9.689999999999998,968.9999999999998,114.5,129.03930131004367,Above Expected
55,0,21.28,17.93,5,3.3500000000000014,670.0000000000002,19.17142857142857,110.99850968703429,Above Expected
96,1,55.95,48.5,13,7.450000000000003,573.0769230769232,52.142857142857146,107.3013698630137,Within Expected
145,2,105.91,102.76,4,3.1499999999999915,787.4999999999978,99.45714285714286,106.48807813846595,Within Expected
104,1,45.35,25.39,20,19.96,998.0,59.57142857142857,76.12709832134293,Below Expected
95,1,57.6,36.37,20,21.230000000000004,1061.5,51.214285714285715,112.46861924686193,Above Expected
159,2,91.18,86.56,4,4.6200000000000045,1155.0000000000011,112.64285714285714,80.94610019023463,Below Expected
125,1,85.14,80.98,3,4.159999999999997,1386.6666666666656,80.01428571428572,106.40599892876273,Within Expected
157,2,136.75,131.09,7,5.659999999999997,808.5714285714281,110.78571428571429,123.43649258542875,Above Expected
157,2,110.6,96.83,16,13.769999999999996,860.6249999999998,110.78571428571429,99.83236621534492,Within Expected
77,1,37.55,32.37,6,5.18,863.3333333333333,35.4,106.07344632768361,Within Expected
181,2,120.44,107.05,13,13.39,1030.0,132.34285714285713,91.00604490500864,Within Expected
191,2,152.31,141.05,12,11.259999999999991,938.3333333333326,140.72857142857143,108.22962135823775,Within Expected
32,0,8.84,7.97,3,0.8700000000000001,290.00000000000006,8.557142857142857,103.30550918196994,Within Expected
77,1,42.33,34.99,11,7.339999999999996,667.2727272727269,35.4,119.57627118644068,Above Expected
190,2,163.32,161.05,4,2.269999999999982,567.4999999999955,139.9142857142857,116.72860935266489,Above Expected
194,2,126.25,121.4,7,4.849999999999994,692.8571428571421,143.17142857142858,88.18100179604869,Below Expected
101,1,46.07,41.16,7,4.910000000000004,701.428571428572,56.785714285714285,81.12955974842767,Below Expected
100,1,60.72,43.24,19,17.479999999999997,919.9999999999998,55.857142857142854,108.70588235294119,Within Expected
44,0,13.01,6.03,17,6.9799999999999995,410.5882352941176,13.114285714285714,99.20479302832244,Within Expected
91,1,53.41,49.43,8,3.979999999999997,497.4999999999996,47.5,112.44210526315787,Above Expected
155,2,128.16,106.93,21,21.22999999999999,1010.9523809523804,108.92857142857143,117.6550819672131,Above Expected
104,1,62.05,54.13,14,7.919999999999995,565.7142857142853,59.57142857142857,104.16067146282974,Within Expected
189,2,155.74,141.69,11,14.050000000000011,1277.2727272727282,139.1,111.96261682242992,Above Expected
163,2,108.18,104.96,4,3.220000000000013,805.0000000000033,116.35714285714286,92.97237569060773,Within Expected
90,1,35.52,31.11,5,4.410000000000004,882.0000000000008,46.614285714285714,76.19981612013486,Below Expected
187,2,128.25,112.32,14,15.930000000000007,1137.8571428571433,137.4142857142857,93.33090757875038,Within Expected
95,1,56.07,51.88,4,4.189999999999998,1047.4999999999995,51.214285714285715,109.48117154811716,Within Expected
106,1,61.08,59.36,3,1.7199999999999989,573.3333333333329,61.47142857142857,99.36323495235882,Within Expected
56,0,20.13,13.87,14,6.26,447.1428571428571,19.8,101.66666666666666,Within Expected
158,2,107.39,96.25,14,11.14,795.7142857142857,111.71428571428571,96.12915601023019,Within Expected
87,1,47.83,34.38,20,13.449999999999996,672.4999999999998,43.957142857142856,108.81052973675658,Within Expected
34,0,8.96,6.41,8,2.5500000000000007,318.7500000000001,9.185714285714287,97.54276827371694,Within Expected
187,2,135.59,132.6,3,2.990000000000009,996.6666666666697,137.4142857142857,98.67241917039193,Within Expected
90,1,38.15,28.74,8,9.41,1176.25,46.614285714285714,81.8418633159669,Below Expected
42,0,10.02,7.55,6,2.4699999999999998,411.66666666666663,12.2,82.1311475409836,Below Expected
42,0,11.72,6.55,11,5.170000000000001,470.00000000000006,12.2,96.06557377049182,Within Expected
134,2,91.87,64.85,18,27.02000000000001,1501.1111111111118,88.77142857142857,103.49050531058899,Within Expected
42,0,12.36,9.34,8,3.0199999999999996,377.49999999999994,12.2,101.31147540983608,Within Expected
48,0,13.85,10.61,10,3.24,324.0,14.942857142857143,92.68642447418738,Within Expected
71,1,30.12,12.2,20,17.92,896.0000000000001,30.685714285714283,98.1564245810056,Within Expected
49,0,15.74,12.23,5,3.51,702.0,15.4,102.20779220779221,Within Expected
71,1,27.05,12.13,17,14.92,877.6470588235294,30.685714285714283,88.15176908752329,Below Expected
84,1,42.74,37.76,9,4.980000000000004,553.3333333333338,41.3,103.48668280871671,Within Expected
104,1,64.4,46.94,21,17.460000000000008,831.4285714285719,59.57142857142857,108.10551558753,Within Expected
154,2,94.75,82.16,12,12.590000000000003,1049.166666666667,108.0,87.73148148148148,Below Expected
110,1,63.68,50.43,11,13.25,1204.5454545454545,65.35714285714286,97.43387978142076,Within Expected
176,2,126.37,100.79,20,25.58,1279.0,128.05714285714285,98.68250780901384,Within Expected
112,1,76.66,68.75,10,7.909999999999997,790.9999999999997,67.3,113.9078751857355,Above Expected
62,0,21.32,12.94,12,8.38,698.3333333333334,24.0,88.83333333333333,Below Expected
171,2,135.82,121.91,18,13.909999999999997,772.7777777777776,123.65714285714286,109.83595194085028,Within Expected
33,0,10.24,8.3,10,1.9399999999999995,193.99999999999994,8.871428571428572,115.426731078905,Above Expected
182,2,121.88,110.92,11,10.959999999999994,996.3636363636358,133.2,91.50150150150151,Within Expected
133,2,76.89,66.93,10,9.959999999999994,995.9999999999993,87.8,87.57403189066059,Below Expected
98,1,43.01,34.64,10,8.369999999999997,836.9999999999998,54.0,79.64814814814815,Below Expected
103,1,56.52,46.07,18,10.450000000000003,580.5555555555557,58.642857142857146,96.38002436053593,Within Expected
43,0,11.02,5.73,12,5.289999999999999,440.83333333333326,12.657142857142857,87.06546275395034,Below Expected
128,2,87.49,77.36,11,10.129999999999995,920.9090909090904,82.94285714285714,105.48225973131244,Within Expected
80,1,43.71,34.48,16,9.230000000000004,576.8750000000002,37.92857142857142,115.24293785310735,Above Expected
117,1,82.58,73.81,13,8.769999999999996,674.6153846153843,72.15714285714286,114.44466442288655,Above Expected
145,2,94.37,83.7,9,10.670000000000002,1185.5555555555557,99.45714285714286,94.88509049123816,Within Expected
139,2,94.77,87.95,8,6.819999999999993,852.4999999999991,93.62857142857142,101.21910283796156,Within Expected
125,1,73.41,61.39,15,12.019999999999996,801.3333333333331,80.01428571428572,91.7461167648634,Within Expected
75,1,29.15,20.3,9,8.849999999999998,983.333333333333,33.82857142857143,86.16976351351352,Below Expected
52,0,15.15,13.61,5,1.540000000000001,308.00000000000017,17.285714285714285,87.64462809917356,Below Expected
29,0,6.8,5.56,8,1.2400000000000002,155.00000000000003,7.614285714285714,89.30581613508443,Below Expected
174,2,128.31,124.52,6,3.7900000000000063,631.6666666666677,126.31428571428572,101.57995928522958,Within Expected
45,0,15.13,12.96,6,2.17,361.66666666666663,13.571428571428571,111.4842105263158,Above Expected
85,1,47.97,44.65,4,3.3200000000000003,830.0000000000001,42.18571428571428,113.71147985099898,Above Expected
167,2,128.21,119.23,10,8.980000000000004,898.0000000000003,120.07142857142857,106.77810826888758,Within Expected
184,2,107.34,94.47,19,12.870000000000005,677.3684210526318,134.88571428571427,79.57847913577632,Below Expected
173,2,108.47,100.27,9,8.200000000000003,911.1111111111114,125.42857142857143,86.47949886104783,Below Expected
40,0,12.45,10.46,5,1.9899999999999984,397.99999999999966,11.428571428571429,108.9375,Within Expected
77,1,32.53,18.63,19,13.900000000000002,731.5789473684213,35.4,91.89265536723164,Within Expected
35,0,11.07,10.11,3,0.9600000000000009,320.0000000000003,9.5,116.52631578947367,Above Expected
181,2,130.68,119.89,11,10.790000000000006,980.9090909090916,132.34285714285713,98.7435233160622,Within Expected
112,1,65.12,58.18,10,6.940000000000005,694.0000000000005,67.3,96.76077265973255,Within Expected
102,1,55.75,46.86,9,8.89,987.7777777777778,57.714285714285715,96.59653465346535,Within Expected
123,1,70.92,58.84,11,12.079999999999998,1098.181818181818,78.04285714285714,90.87314662273475,Within Expected
162,2,97.97,86.48,9,11.489999999999995,1276.666666666666,115.42857142857143,84.875,Below Expected
192,2,149.21,143.76,9,5.450000000000017,605.5555555555574,141.54285714285714,105.41683488090432,Within Expected
170,2,121.6,113.53,10,8.069999999999993,806.9999999999993,122.77142857142857,99.04584593902722,Within Expected
100,1,45.47,40.12,12,5.350000000000001,445.8333333333335,55.857142857142854,81.40409207161126,Below Expected
173,2,128.06,111.88,17,16.180000000000007,951.7647058823533,125.42857142857143,102.09794988610479,Within Expected
92,1,51.65,38.2,11,13.449999999999996,1222.7272727272725,48.42857142857143,106.65191740412978,Within Expected
112,1,67.81,63.8,4,4.010000000000005,1002.5000000000013,67.3,100.75780089153045,Within Expected
116,1,56.99,36.71,17,20.28,1192.9411764705883,71.18571428571428,80.05819787276741,Below Expected
93,1,59.3,49.7,12,9.599999999999994,799.9999999999995,49.357142857142854,120.14471780028944,Above Expected
189,2,136.51,126.88,12,9.629999999999995,802.4999999999997,139.1,98.13803019410496,Within Expected
44,0,12.67,7.37,14,5.3,378.57142857142856,13.114285714285714,96.61220043572985,Within Expected
123,1,69.44,62.1,7,7.339999999999996,1048.571428571428,78.04285714285714,88.97675269998169,Below Expected
59,0,23.33,15.11,17,8.219999999999999,483.5294117647058,21.9,106.5296803652968,Within Expected
81,1,33.71,18.75,21,14.96,712.3809523809524,38.77142857142857,86.9454679439941,Below Expected
96,1,35.57,20.55,18,15.02,834.4444444444445,52.142857142857146,68.21643835616437,Below Expected
141,2,117.11,98.53,21,18.58,884.7619047619046,95.57142857142857,122.53662182361734,Above Expected
48,0,15.54,14.55,3,0.9899999999999984,329.9999999999995,14.942857142857143,103.99617590822179,Within Expected
36,0,10.84,5.53,14,5.31,379.2857142857143,9.885714285714286,109.65317919075144,Within Expected
108,1,58.0,38.37,18,19.630000000000003,1090.5555555555557,63.41428571428571,91.46204100022528,Within Expected
163,2,131.65,124.74,6,6.910000000000011,1151.6666666666683,116.35714285714286,113.14303253529773,Above Expected
161,2,118.61,109.16,14,9.450000000000003,675.0000000000001,114.5,103.58951965065502,Within Expected
116,1,60.74,47.12,13,13.620000000000005,1047.692307692308,71.18571428571428,85.32610876981738,Below Expected
132,2,87.59,78.08,8,9.510000000000005,1188.7500000000007,86.82857142857142,100.8769332017111,Within Expected
132,2,104.51,90.34,20,14.170000000000002,708.5000000000001,86.82857142857142,120.36360644948998,Above Expected
162,2,86.62,75.47,13,11.150000000000006,857.6923076923081,115.42857142857143,75.04207920792079,Below Expected
154,2,88.53,85.04,6,3.489999999999995,581.6666666666658,108.0,81.97222222222223,Below Expected
52,0,17.86,10.17,13,7.6899999999999995,591.5384615384614,17.285714285714285,103.32231404958678,Within Expected
156,2,123.34,120.63,4,2.710000000000008,677.500000000002,109.85714285714286,112.27308192457737,Above Expected
29,0,7.81,6.06,8,1.75,218.75,7.614285714285714,102.57035647279548,Within Expected
52,0,16.64,3.43,21,13.21,629.047619047619,17.285714285714285,96.26446280991736,Within Expected
139,2,97.98,77.67,19,20.310000000000002,1068.9473684210527,93.62857142857142,104.64754348489474,Within Expected
93,1,43.09,31.6,12,11.490000000000002,957.5000000000001,49.357142857142854,87.30246020260493,Below Expected
42,0,12.37,11.64,6,0.7299999999999986,121.66666666666644,12.2,101.39344262295083,Within Expected
63,0,26.88,25.3,3,1.5799999999999983,526.6666666666661,24.7,108.82591093117409,Within Expected
76,1,31.86,23.19,12,8.669999999999998,722.4999999999998,34.614285714285714,92.04292199752373,Within Expected
54,0,16.32,7.86,12,8.46,705.0000000000001,18.542857142857144,88.01232665639445,Below Expected
98,1,46.28,38.42,9,7.859999999999999,873.3333333333333,54.0,85.70370370370371,Below Expected
107,1,71.37,61.18,18,10.190000000000005,566.1111111111113,62.44285714285714,114.29649965682911,Above Expected
66,0,14.95,0.93,17,14.02,824.7058823529412,26.928571428571427,55.51724137931034,Below Expected
112,1,71.32,67.23,4,4.089999999999989,1022.4999999999973,67.3,105.97325408618129,Within Expected
160,2,122.22,118.14,5,4.079999999999998,815.9999999999997,113.57142857142857,107.61509433962264,Within Expected
55,0,21.49,17.9,6,3.59,598.3333333333333,19.17142857142857,112.09388971684054,Above Expected
89,1,44.67,32.41,15,12.260000000000005,817.3333333333337,45.72857142857143,97.6850984067479,Within Expected
104,1,63.0,51.99,15,11.009999999999998,733.9999999999999,59.57142857142857,105.75539568345324,Within Expected
123,1,80.31,73.45,13,6.859999999999999,527.6923076923077,78.04285714285714,102.9049972542559,Within Expected
109,1,56.6,53.75,3,2.8500000000000014,950.0000000000005,64.38571428571429,87.90769913467939,Below Expected
33,0,9.65,7.71,6,1.9400000000000004,323.3333333333334,8.871428571428572,108.77616747181963,Within Expected
110,1,81.58,76.87,6,4.709999999999994,784.999999999999,65.35714285714286,124.82185792349725,Above Expected
80,1,44.8,33.32,13,11.479999999999997,883.0769230769229,37.92857142857142,118.11676082862523,Above Expected
128,2,93.19,89.59,4,3.5999999999999943,899.9999999999986,82.94285714285714,112.35446090251465,Above Expected
54,0,17.45,6.97,17,10.48,616.4705882352941,18.542857142857144,94.10631741140215,Within Expected
155,2,98.7,84.65,20,14.049999999999997,702.4999999999999,108.92857142857143,90.60983606557377,Within Expected
157,2,101.57,92.81,11,8.759999999999991,796.3636363636355,110.78571428571429,91.68149580915538,Within Expected
85,1,37.93,19.81,19,18.12,953.6842105263158,42.18571428571428,89.91195394514054,Below Expected
144,2,114.48,111.64,4,2.8400000000000034,710.0000000000009,98.48571428571428,116.24020887728462,Above Expected
44,0,10.95,3.16,18,7.789999999999999,432.7777777777777,13.114285714285714,83.49673202614379,Below Expected
169,2,124.64,122.63,3,2.010000000000005,670.0000000000017,121.88571428571429,102.2597280825129,Within Expected
140,2,106.35,99.93,6,6.4199999999999875,1069.999999999998,94.6,112.42071881606765,Above Expected
50,0,13.35,4.85,18,8.5,472.22222222222223,16.02857142857143,83.28877005347593,Below Expected
161,2,95.35,80.78,17,14.569999999999993,857.0588235294114,114.5,83.27510917030567,Below Expected
192,2,130.74,118.16,17,12.580000000000013,740.0000000000008,141.54285714285714,92.3677836092047,Within Expected
50,0,16.22,8.0,13,8.219999999999999,632.3076923076923,16.02857142857143,101.19429590017826,Within Expected
171,2,136.59,127.53,15,9.060000000000002,604.0000000000002,123.65714285714286,110.45864140480592,Above Expected
50,0,15.25,13.55,3,1.6999999999999993,566.6666666666664,16.02857142857143,95.14260249554367,Within Expected
68,0,34.23,28.66,10,5.569999999999997,556.9999999999998,28.414285714285715,120.46757164404222,Above Expected
105,1,63.18,44.95,20,18.229999999999997,911.4999999999999,60.5,104.42975206611571,Within Expected
46,0,14.71,10.56,11,4.15,377.2727272727273,14.028571428571428,104.85743380855396,Within Expected
129,2,65.37,62.65,3,2.720000000000006,906.6666666666687,83.91428571428571,77.9009193054137,Below Expected
89,1,49.88,35.92,17,13.96,821.1764705882354,45.72857142857143,109.07841299593876,Within Expected
186,2,135.34,123.27,12,12.070000000000007,1005.833333333334,136.57142857142856,99.09832635983265,Within Expected
108,1,41.94,24.44,14,17.499999999999996,1249.9999999999998,63.41428571428571,66.13651723361117,Below Expected
47,0,11.28,5.79,13,5.489999999999999,422.30769230769226,14.485714285714286,77.8698224852071,Below Expected
133,2,92.01,81.03,10,10.980000000000004,1098.0000000000002,87.8,104.79498861047838,Within Expected
159,2,126.25,118.42,12,7.829999999999998,652.4999999999999,112.64285714285714,112.07989854153458,Above Expected
46,0,14.3,12.69,4,1.6100000000000012,402.5000000000003,14.028571428571428,101.9348268839104,Within Expected
184,2,145.57,140.14,11,5.430000000000007,493.63636363636425,134.88571428571427,107.92099131539929,Within Expected
96,1,57.34,49.62,8,7.720000000000006,965.0000000000008,52.142857142857146,109.96712328767124,Within Expected
126,2,76.01,60.72,15,15.290000000000006,1019.3333333333336,81.0,93.83950617283952,Within Expected
126,2,74.21,68.6,8,5.609999999999999,701.2499999999999,81.0,91.61728395061728,Within Expected
165,2,146.67,120.1,21,26.569999999999993,1265.2380952380947,118.21428571428571,124.0712990936556,Above Expected
60,0,26.28,19.56,12,6.720000000000002,560.0000000000001,22.6,116.28318584070796,Above Expected
97,1,45.91,32.17,21,13.739999999999995,654.285714285714,53.07142857142857,86.50605652759084,Below Expected
176,2,121.37,110.07,14,11.300000000000011,807.1428571428579,128.05714285714285,94.77800089245873,Within Expected
192,2,164.3,152.28,19,12.02000000000001,632.631578947369,141.54285714285714,116.07791683488091,Above Expected
65,0,22.0,10.55,19,11.45,602.6315789473684,26.185714285714283,84.01527550463722,Below Expected
47,0,15.18,10.04,14,5.140000000000001,367.14285714285717,14.485714285714286,104.79289940828403,Within Expected
63,0,26.97,20.91,8,6.059999999999999,757.4999999999999,24.7,109.19028340080972,Within Expected
178,2,115.18,101.22,19,13.960000000000008,734.7368421052636,129.77142857142857,88.75605460149714,Below Expected
96,1,46.51,34.59,13,11.919999999999995,916.9230769230765,52.142857142857146,89.19726027397259,Below Expected
120,1,77.92,54.22,21,23.700000000000003,1128.5714285714287,75.08571428571427,103.77473363774736,Within Expected
92,1,44.46,37.46,9,7.0,777.7777777777778,48.42857142857143,91.80530973451327,Within Expected
67,0,27.08,13.82,15,13.259999999999998,883.9999999999999,27.67142857142857,97.86267423851316,Within Expected
53,0,16.03,7.63,13,8.400000000000002,646.1538461538463,17.914285714285715,89.48165869218502,Below Expected
122,1,89.17,81.99,7,7.180000000000007,1025.7142857142867,77.05714285714285,115.71931776047461,Above Expected
162,2,94.37,90.21,5,4.160000000000011,832.0000000000022,115.42857142857143,81.75618811881188,Below Expected
130,2,97.47,84.68,14,12.789999999999992,913.571428571428,84.88571428571429,114.82497475597442,Above Expected
98,1,49.67,40.78,15,8.89,592.6666666666666,54.0,91.98148148148148,Within Expected
53,0,19.08,4.81,21,14.27,679.5238095238095,17.914285714285715,106.50717703349282,Within Expected
84,1,48.38,35.32,16,13.060000000000002,816.2500000000001,41.3,117.14285714285715,Above Expected
58,0,13.94,7.56,9,6.38,708.8888888888889,21.2,65.75471698113208,Below Expected
55,0,18.62,9.88,15,8.74,582.6666666666666,19.17142857142857,97.123695976155,Within Expected
195,2,120.32,116.2,5,4.11999999999999,823.9999999999981,143.9857142857143,83.56384561960512,Below Expected
52,0,19.77,9.17,19,10.6,557.8947368421052,17.285714285714285,114.37190082644628,Above Expected
175,2,161.31,155.08,6,6.22999999999999,1038.3333333333317,127.2,126.81603773584906,Above Expected
181,2,109.42,102.03,8,7.390000000000001,923.7500000000001,132.34285714285713,82.67918825561313,Below Expected
137,2,116.5,104.17,16,12.329999999999998,770.6249999999999,91.68571428571428,127.0645060766594,Above Expected
131,2,78.61,68.85,11,9.760000000000005,887.2727272727278,85.85714285714286,91.55906821963394,Within Expected
145,2,99.5,84.88,15,14.620000000000005,974.666666666667,99.45714285714286,100.0430910657857,Within Expected
168,2,97.13,79.75,16,17.379999999999995,1086.2499999999998,121.0,80.27272727272728,Below Expected
189,2,126.39,123.79,3,2.5999999999999943,866.6666666666648,139.1,90.862688713156,Within Expected
77,1,23.32,18.0,5,5.32,1064.0,35.4,65.87570621468927,Below Expected
185,2,112.68,99.53,19,13.150000000000006,692.105263157895,135.72857142857143,83.01862961793496,Below Expected
95,1,55.64,43.74,12,11.899999999999999,991.6666666666666,51.214285714285715,108.6415620641562,Within Expected
139,2,98.18,92.46,8,5.720000000000013,715.0000000000016,93.62857142857142,104.86115349404945,Within Expected
157,2,125.15,117.48,7,7.670000000000002,1095.7142857142858,110.78571428571429,112.96582849774339,Above Expected
87,1,40.25,35.95,4,4.299999999999997,1074.9999999999993,43.957142857142856,91.56646083847905,Within Expected
71,1,36.59,31.71,8,4.880000000000003,610.0000000000003,30.685714285714283,119.24115456238363,Above Expected
62,0,24.09,14.69,13,9.4,723.0769230769231,24.0,100.37499999999999,Within Expected
151,2,87.09,67.03,19,20.060000000000002,1055.7894736842106,105.17142857142858,82.80766096169518,Below Expected
68,0,28.11,24.99,7,3.120000000000001,445.71428571428584,28.414285714285715,98.92911010558069,Within Expected
74,1,28.18,24.99,8,3.1900000000000013,398.75000000000017,33.042857142857144,85.28318201469952,Below Expected
141,2,115.75,110.04,6,5.709999999999994,951.6666666666656,95.57142857142857,121.1136023916293,Above Expected
127,2,89.54,78.26,10,11.280000000000001,1128.0,81.97142857142858,109.23318229348205,Within Expected
30,0,9.86,8.2,7,1.6600000000000001,237.14285714285717,7.928571428571429,124.36036036036036,Above Expected
53,0,16.53,11.46,18,5.07,281.6666666666667,17.914285714285715,92.27272727272727,Within Expected
95,1,43.88,40.37,3,3.510000000000005,1170.0000000000018,51.214285714285715,85.6792189679219,Below Expected
181,2,132.8,123.81,9,8.990000000000009,998.8888888888899,132.34285714285713,100.34542314335062,Within Expected
146,2,93.89,92.29,3,1.5999999999999943,533.3333333333314,100.42857142857143,93.48933143669986,Within Expected
166,2,107.41,102.06,9,5.349999999999994,594.4444444444438,119.14285714285714,90.15227817745803,Within Expected
94,1,45.3,34.95,17,10.349999999999994,608.8235294117643,50.285714285714285,90.08522727272727,Within Expected
169,2,96.66,85.88,12,10.780000000000001,898.3333333333335,121.88571428571429,79.30379746835443,Below Expected
106,1,61.68,43.14,20,18.54,926.9999999999999,61.47142857142857,100.3392981640716,Within Expected
32,0,9.28,7.63,10,1.6499999999999995,164.99999999999994,8.557142857142857,108.44741235392318,Within Expected
85,1,44.34,39.49,6,4.850000000000001,808.3333333333336,42.18571428571428,105.10667118184898,Within Expected
161,2,115.09,101.66,13,13.430000000000007,1033.0769230769238,114.5,100.51528384279476,Within Expected
150,2,112.49,98.77,10,13.719999999999999,1372.0,104.22857142857143,107.92626096491227,Within Expected
119,1,78.68,74.52,4,4.160000000000011,1040.0000000000027,74.1,106.18083670715251,Within Expected
60,0,21.6,14.07,15,7.530000000000001,502.0000000000001,22.6,95.57522123893806,Within Expected
89,1,41.3,14.83,21,26.47,1260.4761904761906,45.72857142857143,90.31552639800063,Within Expected
150,2,109.57,103.17,10,6.3999999999999915,639.9999999999991,104.22857142857143,105.12472587719297,Within Expected
32,0,8.31,6.52,8,1.790000000000001,223.7500000000001,8.557142857142857,97.1118530884808,Within Expected
194,2,120.07,113.48,8,6.589999999999989,823.7499999999986,143.17142857142858,83.86449810417082,Below Expected
119,1,61.45,44.96,15,16.490000000000002,1099.3333333333335,74.1,82.92847503373821,Below Expected
38,0,8.68,5.31,10,3.37,337.0,10.657142857142857,81.44772117962466,Below Expected
170,2,110.36,106.34,4,4.019999999999996,1004.999999999999,122.77142857142857,89.89062136374214,Below Expected
142,2,104.8,100.56,3,4.239999999999995,1413.3333333333317,96.54285714285714,108.55282627996448,Within Expected
40,0,11.71,9.44,7,2.2700000000000014,324.28571428571445,11.428571428571429,102.4625,Within Expected
153,2,102.96,99.5,5,3.4599999999999937,691.9999999999987,107.05714285714286,96.17293835068054,Within Expected
129,2,107.1,96.86,16,10.239999999999995,639.9999999999997,83.91428571428571,127.63023493360572,Above Expected
160,2,98.29,94.47,4,3.8200000000000074,955.0000000000018,113.57142857142857,86.54465408805032,Below Expected
52,0,19.07,16.71,7,2.3599999999999994,337.14285714285705,17.285714285714285,110.3223140495868,Above Expected
89,1,45.57,42.27,3,3.299999999999997,1099.999999999999,45.72857142857143,99.65323336457357,Within Expected
133,2,85.99,59.41,19,26.58,1398.9473684210525,87.8,97.9384965831435,Within Expected
141,2,104.25,87.03,21,17.22,820.0,95.57142857142857,109.08071748878925,Within Expected
98,1,45.02,33.22,21,11.800000000000004,561.9047619047622,54.0,83.37037037037037,Below Expected
109,1,72.24,50.83,15,21.409999999999997,1427.333333333333,64.38571428571429,112.19880186376747,Above Expected
155,2,98.88,77.71,21,21.17,1008.0952380952382,108.92857142857143,90.77508196721311,Within Expected
98,1,43.05,28.75,20,14.299999999999997,714.9999999999999,54.0,79.72222222222221,Below Expected
156,2,140.28,134.06,6,6.219999999999999,1036.6666666666665,109.85714285714286,127.69310793237972,Above Expected
45,0,12.82,5.32,16,7.5,468.75,13.571428571428571,94.46315789473685,Within Expected
79,1,35.37,23.91,12,11.459999999999997,954.9999999999998,37.08571428571428,95.37365177195686,Within Expected
180,2,152.27,145.02,9,7.25,805.5555555555555,131.48571428571427,115.80725771403739,Above Expected
75,1,32.47,20.68,12,11.79,982.4999999999999,33.82857142857143,95.98395270270271,Within Expected
186,2,102.42,94.81,8,7.609999999999999,951.2499999999999,136.57142857142856,74.9937238493724,Below Expected
170,2,116.3,108.34,6,7.959999999999994,1326.6666666666656,122.77142857142857,94.72888061438212,Within Expected
41,0,13.99,11.96,8,2.0299999999999994,253.74999999999991,11.814285714285713,118.41596130592504,Above Expected
73,1,28.87,17.65,15,11.220000000000002,748.0000000000001,32.25714285714285,89.49955713020373,Below Expected
53,0,16.59,13.86,6,2.7300000000000004,455.00000000000006,17.914285714285715,92.60765550239233,Within Expected
192,2,210.72,207.24,4,3.4799999999999898,869.9999999999975,141.54285714285714,148.873637464675,Above Expected
49,0,16.27,13.66,10,2.6099999999999994,260.99999999999994,15.4,105.64935064935064,Within Expected
164,2,128.13,119.95,16,8.179999999999993,511.24999999999955,117.28571428571429,109.24604141291108,Within Expected
173,2,125.48,122.25,5,3.230000000000004,646.0000000000008,125.42857142857143,100.04100227790434,Within Expected
182,2,117.46,112.29,10,5.1699999999999875,516.9999999999987,133.2,88.18318318318319,Below Expected
156,2,106.61,98.01,15,8.599999999999994,573.3333333333329,109.85714285714286,97.04421326397919,Within Expected
66,0,23.31,11.59,18,11.719999999999999,651.1111111111111,26.928571428571427,86.56233421750663,Below Expected
194,2,145.8,135.21,13,10.590000000000003,814.6153846153849,143.17142857142858,101.83596088605069,Within Expected
61,0,23.21,21.25,4,1.9600000000000009,490.0000000000002,23.3,99.61373390557941,Within Expected
129,2,93.49,84.35,14,9.14,652.8571428571429,83.91428571428571,111.41130405175348,Above Expected
158,2,104.64,90.34,20,14.299999999999997,714.9999999999999,111.71428571428571,93.66751918158567,Within Expected
170,2,113.19,110.04,4,3.1499999999999915,787.4999999999978,122.77142857142857,92.19571794275076,Within Expected
90,1,47.68,32.44,18,15.240000000000002,846.6666666666667,46.614285714285714,102.28623965675759,Within Expected
101,1,49.97,33.47,18,16.5,916.6666666666666,56.785714285714285,87.99748427672955,Below Expected
180,2,160.96,147.34,18,13.620000000000005,756.666666666667,131.48571428571427,122.41634072142548,Above Expected
48,0,14.77,10.6,10,4.17,417.0,14.942857142857143,98.84321223709368,Within Expected
101,1,61.07,56.84,4,4.229999999999997,1057.4999999999993,56.785714285714285,107.54465408805032,Within Expected
175,2,100.5,84.73,16,15.769999999999996,985.6249999999998,127.2,79.00943396226415,Below Expected
143,2,91.01,60.32,17,30.690000000000005,1805.2941176470592,97.51428571428572,93.32991503076472,Within Expected
36,0,9.77,5.42,14,4.35,310.71428571428567,9.885714285714286,98.82947976878611,Within Expected
185,2,117.84,102.51,17,15.329999999999998,901.7647058823528,135.72857142857143,86.82033470161036,Below Expected
195,2,149.29,133.14,19,16.150000000000006,850.0000000000003,143.9857142857143,103.683897212025,Within Expected
137,2,110.57,104.98,5,5.589999999999989,1117.999999999998,91.68571428571428,120.59675911498908,Above Expected
144,2,103.92,92.21,12,11.710000000000008,975.8333333333339,98.48571428571428,105.51784160139252,Within Expected
157,2,102.06,85.98,11,16.08,1461.8181818181818,110.78571428571429,92.1237911025145,Within Expected
190,2,191.32,187.43,3,3.8899999999999864,1296.6666666666622,139.9142857142857,136.7408617520931,Above Expected
65,0,27.43,16.93,12,10.5,875.0,26.185714285714283,104.75177304964541,Within Expected
171,2,143.06,139.01,8,4.050000000000011,506.2500000000014,123.65714285714286,115.69085027726433,Above Expected
107,1,60.89,46.66,18,14.230000000000004,790.5555555555558,62.44285714285714,97.5131548844658,Within Expected
44,0,14.62,12.53,7,2.09,298.57142857142856,13.114285714285714,111.48148148148147,Above Expected
61,0,25.59,22.94,3,2.6499999999999986,883.3333333333328,23.3,109.8283261802575,Within Expected
118,1,63.27,57.07,8,6.200000000000003,775.0000000000003,73.12857142857142,86.518851338152,Below Expected
122,1,88.79,75.04,13,13.75,1057.6923076923076,77.05714285714285,115.22617723396368,Above Expected
82,1,32.82,15.25,19,17.57,924.7368421052632,39.614285714285714,82.84890010818609,Below Expected
146,2,102.59,97.54,5,5.049999999999997,1009.9999999999993,100.42857142857143,102.15220483641536,Within Expected
192,2,163.04,159.22,7,3.819999999999993,545.7142857142848,141.54285714285714,115.18772708922083,Above Expected
48,0,15.83,8.91,12,6.92,576.6666666666666,14.942857142857143,105.93690248565966,Within Expected
81,1,44.51,32.36,16,12.149999999999999,759.3749999999999,38.77142857142857,114.80103168754606,Above Expected
82,1,45.22,29.35,21,15.869999999999997,755.7142857142856,39.614285714285714,114.15073927154707,Above Expected
194,2,157.32,146.44,15,10.879999999999995,725.333333333333,143.17142857142858,109.8822590301337,Within Expected
77,1,35.78,32.7,9,3.0799999999999983,342.22222222222206,35.4,101.07344632768363,Within Expected
98,1,58.48,55.92,3,2.559999999999995,853.3333333333317,54.0,108.29629629629629,Within Expected
173,2,139.32,134.65,7,4.6699999999999875,667.1428571428554,125.42857142857143,111.07517084282459,Above Expected
97,1,49.49,45.3,5,4.190000000000005,838.0000000000009,53.07142857142857,93.25168236877525,Within Expected
193,2,153.93,140.39,20,13.54000000000002,677.000000000001,142.35714285714286,108.12945308580031,Within Expected
92,1,43.67,37.4,8,6.270000000000003,783.7500000000003,48.42857142857143,90.1740412979351,Within Expected
32,0,10.54,8.03,9,2.51,278.88888888888886,8.557142857142857,123.17195325542569,Above Expected
39,0,12.51,11.4,3,1.1099999999999994,369.99999999999983,11.042857142857143,113.28589909443724,Above Expected
129,2,103.76,101.01,4,2.75,687.5,83.91428571428571,123.64998297582568,Above Expected
109,1,70.75,58.15,9,12.600000000000001,1400.0000000000002,64.38571428571429,109.88462391834923,Within Expected
98,1,49.87,38.24,10,11.629999999999995,1162.9999999999995,54.0,92.35185185185185,Within Expected
125,1,69.85,60.31,18,9.539999999999992,529.9999999999995,80.01428571428572,87.29691126584537,Below Expected
90,1,36.38,16.01,17,20.37,1198.235294117647,46.614285714285714,78.044744100521,Below Expected
127,2,77.92,69.86,9,8.060000000000002,895.5555555555558,81.97142857142858,95.05751132798885,Within Expected
115,1,62.3,47.37,12,14.93,1244.1666666666667,70.21428571428571,88.72838250254324,Below Expected
50,0,15.99,14.78,3,1.2100000000000009,403.3333333333336,16.02857142857143,99.75935828877004,Within Expected
80,1,44.82,17.56,20,27.26,1363.0,37.92857142857142,118.16949152542375,Above Expected
122,1,75.69,70.07,11,5.6200000000000045,510.90909090909133,77.05714285714285,98.22580645161291,Within Expected
132,2,71.42,51.56,19,19.86,1045.2631578947369,86.82857142857142,82.25403093122739,Below Expected
63,0,23.38,16.42,13,6.959999999999997,535.3846153846151,24.7,94.65587044534412,Within Expected
78,1,39.59,34.42,9,5.170000000000002,574.4444444444447,36.24285714285714,109.23531730390226,Within Expected
88,1,39.87,23.38,15,16.49,1099.3333333333333,44.84285714285714,88.91048104491877,Below Expected
160,2,136.13,123.97,17,12.159999999999997,715.2941176470587,113.57142857142857,119.86289308176102,Above Expected
31,0,8.23,5.65,10,2.58,258.0,8.242857142857144,99.84402079722703,Within Expected
132,2,61.42,52.27,8,9.149999999999999,1143.7499999999998,86.82857142857142,70.73708456729187,Below Expected
72,1,28.07,26.09,3,1.9800000000000004,660.0000000000001,31.47142857142857,89.19201089423512,Below Expected
112,1,51.04,41.32,8,9.719999999999999,1214.9999999999998,67.3,75.83952451708767,Below Expected
135,2,73.98,45.3,18,28.680000000000007,1593.3333333333337,89.74285714285713,82.4355300859599,Below Expected
107,1,62.47,52.74,15,9.729999999999997,648.6666666666665,62.44285714285714,100.04346831388698,Within Expected
115,1,68.53,64.46,5,4.070000000000007,814.0000000000015,70.21428571428571,97.60122075279757,Within Expected
80,1,41.0,30.44,11,10.559999999999999,959.9999999999999,37.92857142857142,108.0979284369115,Within Expected
48,0,15.63,14.29,3,1.3400000000000016,446.6666666666672,14.942857142857143,104.59847036328873,Within Expected
106,1,53.71,50.63,8,3.0799999999999983,384.9999999999998,61.47142857142857,87.3739251684871,Below Expected
168,2,120.77,114.49,6,6.280000000000001,1046.666666666667,121.0,99.80991735537191,Within Expected
127,2,79.59,74.19,4,5.400000000000006,1350.0000000000014,81.97142857142858,97.09480655280586,Within Expected
58,0,27.28,15.48,15,11.8,786.6666666666667,21.2,128.67924528301887,Above Expected
110,1,69.11,58.22,8,10.89,1361.25,65.35714285714286,105.74207650273225,Within Expected
46,0,15.21,5.3,17,9.91,582.9411764705883,14.028571428571428,108.4215885947047,Within Expected
32,0,9.34,6.9,7,2.4399999999999995,348.5714285714285,8.557142857142857,109.14858096828046,Within Expected
149,2,117.32,111.58,6,5.739999999999995,956.6666666666658,103.28571428571429,113.58782849239279,Above Expected
147,2,101.27,81.49,21,19.78,941.9047619047619,101.4,99.87179487179486,Within Expected
114,1,60.7,42.23,16,18.470000000000006,1154.3750000000005,69.24285714285713,87.6624716319373,Below Expected
109,1,77.05,64.78,10,12.269999999999996,1226.9999999999995,64.38571428571429,119.66940315065453,Above Expected
132,2,92.07,75.46,19,16.61,874.2105263157895,86.82857142857142,106.0365251727542,Within Expected
59,0,19.68,10.92,14,8.76,625.7142857142857,21.9,89.86301369863014,Below Expected
65,0,27.29,23.33,7,3.960000000000001,565.7142857142858,26.185714285714283,104.21713038734315,Within Expected
56,0,18.82,11.31,15,7.51,500.6666666666667,19.8,95.05050505050505,Within Expected
67,0,29.77,20.23,17,9.54,561.1764705882352,27.67142857142857,107.58389261744968,Within Expected
193,2,139.06,131.98,12,7.0800000000000125,590.000000000001,142.35714285714286,97.68389362769693,Within Expected
95,1,46.56,35.59,12,10.969999999999999,914.1666666666665,51.214285714285715,90.91213389121339,Within Expected
101,1,47.47,40.89,9,6.579999999999998,731.111111111111,56.785714285714285,83.59496855345911,Below Expected
140,2,104.22,75.82,20,28.400000000000006,1420.0000000000005,94.6,110.16913319238901,Above Expected
160,2,132.37,127.87,7,4.5,642.8571428571429,113.57142857142857,116.55220125786163,Above Expected
68,0,33.54,12.46,21,21.08,1003.8095238095237,28.414285714285715,118.03921568627452,Above Expected
41,0,13.05,8.61,13,4.440000000000001,341.5384615384616,11.814285714285713,110.45949214026605,Above Expected
109,1,50.91,30.27,18,20.639999999999997,1146.6666666666665,64.38571428571429,79.07033503439094,Below Expected
101,1,47.2,30.25,15,16.950000000000003,1130.0000000000002,56.785714285714285,83.11949685534591,Below Expected
162,2,122.25,106.6,19,15.650000000000006,823.6842105263162,115.42857142857143,105.90965346534654,Within Expected
122,1,81.64,55.65,21,25.990000000000002,1237.6190476190477,77.05714285714285,105.94734890619209,Within Expected
159,2,87.84,74.23,16,13.61,850.625,112.64285714285714,77.98097653772987,Below Expected
195,2,145.32,134.78,10,10.539999999999992,1053.999999999999,143.9857142857143,100.926679234051,Within Expected
165,2,102.09,81.53,20,20.560000000000002,1028.0,118.21428571428571,86.36012084592146,Below Expected
169,2,142.02,136.42,8,5.600000000000023,700.0000000000028,121.88571428571429,116.51898734177215,Above Expected
125,1,84.14,66.95,13,17.189999999999998,1322.3076923076922,80.01428571428572,105.15622210319586,Within Expected
54,0,19.98,11.29,15,8.690000000000001,579.3333333333334,18.542857142857144,107.75038520801232,Within Expected
63,0,28.4,17.64,15,10.759999999999998,717.3333333333331,24.7,114.97975708502024,Above Expected
88,1,41.92,25.88,20,16.040000000000003,802.0000000000001,44.84285714285714,93.48200063714559,Within Expected
158,2,108.26,94.93,14,13.329999999999998,952.1428571428571,111.71428571428571,96.90792838874681,Within Expected
146,2,87.57,80.68,8,6.889999999999986,861.2499999999983,100.42857142857143,87.19630156472262,Below Expected
152,2,95.58,84.98,13,10.599999999999994,815.3846153846149,106.11428571428571,90.07269789983845,Within Expected
68,0,33.45,22.74,16,10.710000000000004,669.3750000000002,28.414285714285715,117.72247360482655,Above Expected
56,0,19.59,11.35,13,8.24,633.8461538461538,19.8,98.93939393939394,Within Expected
98,1,51.22,42.52,11,8.699999999999996,790.9090909090905,54.0,94.85185185185185,Within Expected
187,2,114.31,109.12,5,5.189999999999998,1037.9999999999995,137.4142857142857,83.18640191288075,Below Expected
70,1,28.91,19.9,11,9.010000000000002,819.0909090909092,29.9,96.68896321070235,Within Expected
193,2,142.82,122.6,19,20.22,1064.2105263157896,142.35714285714286,100.32513798294029,Within Expected
159,2,113.2,90.41,17,22.790000000000006,1340.588235294118,112.64285714285714,100.49461001902347,Within Expected
137,2,100.13,92.35,10,7.780000000000001,778.0000000000001,91.68571428571428,109.21003427859146,Within Expected
34,0,9.63,8.15,5,1.4800000000000004,296.0000000000001,9.185714285714287,104.83670295489891,Within Expected
29,0,7.74,6.48,6,1.2599999999999998,209.99999999999997,7.614285714285714,101.65103189493433,Within Expected
93,1,42.24,34.03,17,8.21,482.9411764705883,49.357142857142854,85.58031837916064,Below Expected
70,1,25.61,19.78,8,5.829999999999998,728.7499999999998,29.9,85.65217391304348,Below Expected
81,1,36.37,31.5,4,4.869999999999997,1217.4999999999993,38.77142857142857,93.80619012527633,Within Expected
38,0,10.72,8.28,7,2.4400000000000013,348.5714285714288,10.657142857142857,100.58981233243969,Within Expected
122,1,71.78,64.3,8,7.480000000000004,935.0000000000005,77.05714285714285,93.15164998146089,Within Expected
129,2,67.63,62.57,4,5.059999999999995,1264.9999999999989,83.91428571428571,80.59414368403132,Below Expected
187,2,166.01,156.43,14,9.579999999999984,684.2857142857132,137.4142857142857,120.80985549433412,Above Expected
86,1,53.91,51.75,4,2.1599999999999966,539.9999999999991,43.07142857142857,125.16417910447761,Above Expected
49,0,12.5,6.31,14,6.19,442.14285714285717,15.4,81.16883116883116,Below Expected
74,1,30.63,29.11,4,1.5199999999999996,379.9999999999999,33.042857142857144,92.69779507133592,Within Expected
147,2,106.93,95.78,17,11.150000000000006,655.8823529411768,101.4,105.45364891518739,Within Expected
45,0,11.98,8.55,7,3.4299999999999997,489.99999999999994,13.571428571428571,88.27368421052631,Below Expected
144,2,95.47,83.64,14,11.829999999999998,844.9999999999999,98.48571428571428,96.93791702930085,Within Expected
166,2,123.86,111.52,11,12.340000000000003,1121.818181818182,119.14285714285714,103.95923261390887,Within Expected
84,1,39.29,24.18,15,15.11,1007.3333333333331,41.3,95.13317191283294,Within Expected
39,0,10.63,4.03,18,6.6000000000000005,366.6666666666667,11.042857142857143,96.26131953428202,Within Expected
94,1,50.81,38.37,18,12.440000000000005,691.1111111111113,50.285714285714285,101.04261363636364,Within Expected
133,2,97.91,78.28,14,19.629999999999995,1402.1428571428569,87.8,111.5148063781321,Above Expected
191,2,178.61,167.14,13,11.470000000000027,882.3076923076944,140.72857142857143,126.9180793828038,Above Expected
95,1,59.59,48.15,17,11.440000000000005,672.9411764705885,51.214285714285715,116.3542538354254,Above Expected
84,1,40.46,29.29,12,11.170000000000002,930.8333333333335,41.3,97.96610169491527,Within Expected
100,1,51.94,41.09,13,10.849999999999994,834.6153846153842,55.857142857142854,92.98721227621483,Within Expected
190,2,141.34,135.83,5,5.509999999999991,1101.9999999999982,139.9142857142857,101.01899121911376,Within Expected
38,0,11.72,9.57,7,2.1500000000000004,307.1428571428572,10.657142857142857,109.97319034852549,Within Expected
168,2,103.91,94.65,10,9.259999999999991,925.9999999999991,121.0,85.87603305785125,Below Expected
196,2,155.78,152.94,3,2.8400000000000034,946.6666666666678,144.8,107.58287292817678,Within Expected
177,2,118.99,113.83,5,5.159999999999997,1031.9999999999993,128.9142857142857,92.30164007092199,Within Expected
180,2,132.99,115.64,14,17.35000000000001,1239.285714285715,131.48571428571427,101.14406779661019,Within Expected
195,2,146.81,133.6,15,13.210000000000008,880.6666666666672,143.9857142857143,101.96150411747196,Within Expected
155,2,126.84,114.85,13,11.990000000000009,922.3076923076931,108.92857142857143,116.4432786885246,Above Expected
161,2,138.01,125.29,13,12.719999999999985,978.4615384615373,114.5,120.53275109170305,Above Expected
59,0,22.09,13.76,17,8.33,490.0,21.9,100.86757990867581,Within Expected
186,2,138.31,118.89,17,19.42,1142.3529411764707,136.57142857142856,101.27301255230128,Within Expected
184,2,124.58,109.24,18,15.340000000000003,852.2222222222224,134.88571428571427,92.3596695615336,Within Expected
55,0,14.87,4.16,19,10.709999999999999,563.6842105263158,19.17142857142857,77.56333830104322,Below Expected
169,2,134.12,128.54,7,5.5800000000000125,797.1428571428589,121.88571428571429,110.03750586029066,Above Expected
87,1,39.26,21.18,14,18.08,1291.4285714285713,43.957142857142856,89.31426714332142,Below Expected
151,2,109.65,91.83,19,17.820000000000007,937.8947368421057,105.17142857142858,104.25835370823147,Within Expected
52,0,16.72,10.44,20,6.279999999999999,313.99999999999994,17.285714285714285,96.72727272727273,Within Expected
68,0,28.51,9.76,21,18.75,892.8571428571429,28.414285714285715,100.33685268979386,Within Expected
153,2,125.77,118.09,8,7.679999999999993,959.9999999999991,107.05714285714286,117.47931678676274,Above Expected
130,2,91.15,73.69,18,17.460000000000008,970.0000000000005,84.88571428571429,107.37967014473242,Within Expected
67,0,42.73,31.87,21,10.859999999999996,517.1428571428569,27.67142857142857,154.41920495611768,Above Expected
112,1,55.98,43.2,12,12.779999999999994,1064.9999999999995,67.3,83.17979197622586,Below Expected
58,0,26.55,22.94,6,3.6099999999999994,601.6666666666665,21.2,125.23584905660378,Above Expected
132,2,63.35,45.08,18,18.270000000000003,1015.0000000000001,86.82857142857142,72.95985521553143,Below Expected
184,2,145.27,138.65,6,6.6200000000000045,1103.3333333333342,134.88571428571427,107.69858080915063,Within Expected
172,2,133.3,130.02,4,3.280000000000001,820.0000000000002,124.54285714285714,107.03142922688691,Within Expected
55,0,20.2,13.93,14,6.27,447.85714285714283,19.17142857142857,105.36512667660209,Within Expected
58,0,23.59,15.58,15,8.01,534.0,21.2,111.27358490566037,Above Expected
68,0,21.86,7.51,16,14.35,896.875,28.414285714285715,76.93313222724987,Below Expected
86,1,42.55,38.11,5,4.439999999999998,887.9999999999995,43.07142857142857,98.7893864013267,Within Expected
120,1,86.04,67.77,21,18.27000000000001,870.0000000000005,75.08571428571427,114.58904109589044,Above Expected
124,1,101.27,93.24,9,8.030000000000001,892.2222222222224,79.02857142857142,128.14352856109906,Above Expected
190,2,154.7,151.14,4,3.5600000000000023,890.0000000000006,139.9142857142857,110.56769450684092,Above Expected
106,1,62.14,39.89,19,22.25,1171.0526315789473,61.47142857142857,101.08761329305136,Within Expected
124,1,71.24,60.87,12,10.369999999999997,864.1666666666664,79.02857142857142,90.14461315979754,Within Expected
135,2,94.18,85.11,9,9.070000000000007,1007.7777777777785,89.74285714285713,104.94428525947153,Within Expected
48,0,14.89,6.1,20,8.790000000000001,439.50000000000006,14.942857142857143,99.64627151051626,Within Expected
42,0,11.83,8.82,7,3.01,430.0,12.2,96.9672131147541,Within Expected
116,1,76.17,67.02,10,9.150000000000006,915.0000000000006,71.18571428571428,107.001806140879,Within Expected
189,2,150.26,146.41,5,3.8499999999999943,769.9999999999989,139.1,108.02300503235082,Within Expected
126,2,79.15,71.01,12,8.14,678.3333333333334,81.0,97.71604938271605,Within Expected
165,2,129.9,123.21,6,6.690000000000012,1115.000000000002,118.21428571428571,109.88519637462237,Within Expected
176,2,111.19,92.47,17,18.72,1101.1764705882351,128.05714285714285,86.82842481035252,Below Expected
125,1,86.19,80.33,6,5.859999999999999,976.6666666666665,80.01428571428572,107.71826459560792,Within Expected
108,1,63.3,51.62,14,11.68,834.2857142857143,63.41428571428571,99.8197792295562,Within Expected
42,0,14.24,10.88,7,3.3599999999999994,479.99999999999994,12.2,116.72131147540985,Above Expected
173,2,126.86,113.44,15,13.420000000000002,894.6666666666669,125.42857142857143,101.14123006833712,Within Expected
53,0,14.79,6.8,12,7.989999999999999,665.8333333333333,17.914285714285715,82.5598086124402,Below Expected
67,0,25.49,12.82,21,12.669999999999998,603.3333333333333,27.67142857142857,92.11667527103768,Within Expected
100,1,51.02,40.17,18,10.850000000000001,602.7777777777778,55.857142857142854,91.34015345268544,Within Expected
35,0,11.17,9.54,6,1.6300000000000008,271.6666666666668,9.5,117.57894736842105,Above Expected
155,2,102.26,96.86,8,5.400000000000006,675.0000000000007,108.92857142857143,93.87803278688524,Within Expected
156,2,106.11,99.36,11,6.75,613.6363636363636,109.85714285714286,96.5890767230169,Within Expected
56,0,20.48,15.04,8,5.440000000000001,680.0000000000001,19.8,103.43434343434343,Within Expected
96,1,44.02,37.51,8,6.510000000000005,813.7500000000007,52.142857142857146,84.42191780821918,Below Expected
44,0,14.17,7.26,18,6.91,383.8888888888889,13.114285714285714,108.05010893246188,Within Expected
143,2,98.57,95.92,3,2.6499999999999915,883.3333333333305,97.51428571428572,101.08262525637268,Within Expected
172,2,129.51,121.38,9,8.129999999999995,903.3333333333329,124.54285714285714,103.98830006882311,Within Expected
178,2,119.12,107.41,14,11.710000000000008,836.428571428572,129.77142857142857,91.7921620431528,Within Expected
86,1,39.0,30.08,9,8.920000000000002,991.1111111111113,43.07142857142857,90.54726368159206,Within Expected
196,2,129.77,121.49,8,8.280000000000015,1035.0000000000018,144.8,89.62016574585635,Below Expected
122,1,84.02,71.48,16,12.539999999999992,783.7499999999995,77.05714285714285,109.03596588802374,Within Expected
148,2,102.2,99.16,3,3.0400000000000063,1013.3333333333354,102.34285714285714,99.8604131769961,Within Expected
36,0,9.99,7.11,7,2.88,411.42857142857144,9.885714285714286,101.05491329479767,Within Expected
119,1,75.62,49.29,21,26.330000000000005,1253.809523809524,74.1,102.05128205128207,Within Expected
74,1,32.88,26.36,7,6.520000000000003,931.4285714285718,33.042857142857144,99.50713359273671,Within Expected
171,2,131.81,126.62,6,5.189999999999998,864.9999999999997,123.65714285714286,106.5931146025878,Within Expected
183,2,113.01,108.53,5,4.480000000000004,896.0000000000008,134.04285714285714,84.3088564425024,Below Expected
153,2,118.61,110.75,13,7.859999999999999,604.6153846153845,107.05714285714286,110.7912997064318,Above Expected
160,2,110.58,105.99,5,4.590000000000003,918.0000000000007,113.57142857142857,97.36603773584905,Within Expected
176,2,149.39,126.1,21,23.289999999999992,1109.0476190476186,128.05714285714285,116.65885765283355,Above Expected
70,1,29.16,19.56,10,9.600000000000001,960.0000000000002,29.9,97.52508361204015,Within Expected
67,0,33.42,22.91,13,10.510000000000002,808.4615384615386,27.67142857142857,120.77439339184306,Above Expected
181,2,144.24,124.63,19,19.610000000000014,1032.1052631578955,132.34285714285713,108.9896373056995,Within Expected
129,2,81.82,69.75,7,12.069999999999993,1724.2857142857133,83.91428571428571,97.50425604358188,Within Expected
146,2,111.55,94.79,20,16.75999999999999,837.9999999999995,100.42857142857143,111.07396870554764,Above Expected
132,2,76.42,72.66,5,3.760000000000005,752.000000000001,86.82857142857142,88.01250411319513,Below Expected
105,1,64.42,35.54,21,28.880000000000003,1375.2380952380954,60.5,106.4793388429752,Within Expected
117,1,73.62,64.01,10,9.61,961.0,72.15714285714286,102.0273213225104,Within Expected
87,1,47.32,38.24,11,9.079999999999998,825.4545454545454,43.957142857142856,107.65030874228145,Within Expected
134,2,101.55,97.36,5,4.189999999999998,837.9999999999995,88.77142857142857,114.39491470872223,Above Expected
49,0,16.13,7.46,18,8.669999999999998,481.6666666666666,15.4,104.74025974025973,Within Expected
97,1,62.7,59.72,4,2.980000000000004,745.000000000001,53.07142857142857,118.14266487213997,Above Expected
83,1,44.92,35.86,9,9.060000000000002,1006.6666666666669,40.457142857142856,111.0310734463277,Above Expected
148,2,102.27,88.87,11,13.399999999999991,1218.1818181818173,102.34285714285714,99.928810720268,Within Expected
185,2,146.54,130.06,16,16.47999999999999,1029.9999999999993,135.72857142857143,107.96547731817702,Within Expected
193,2,139.82,132.01,13,7.810000000000002,600.769230769231,142.35714285714286,98.21776216758654,Within Expected
96,1,59.7,42.54,18,17.160000000000004,953.3333333333336,52.142857142857146,114.4931506849315,Above Expected
116,1,87.24,84.24,3,3.0,1000.0,71.18571428571428,122.5526791089705,Above Expected
36,0,8.34,6.41,6,1.9299999999999997,321.66666666666663,9.885714285714286,84.36416184971097,Below Expected
90,1,38.32,26.97,13,11.350000000000001,873.0769230769232,46.614285714285714,82.20655838185719,Below Expected
162,2,116.46,98.84,14,17.61999999999999,1258.5714285714278,115.42857142857143,100.89356435643563,Within Expected
56,0,24.16,15.91,11,8.25,750.0,19.8,122.020202020202,Above Expected
194,2,125.39,121.67,6,3.719999999999999,619.9999999999998,143.17142857142858,87.58032328876472,Below Expected
123,1,73.44,70.07,4,3.3700000000000045,842.5000000000011,78.04285714285714,94.10214168039538,Within Expected
92,1,55.1,48.68,10,6.420000000000002,642.0000000000001,48.42857142857143,113.77581120943954,Above Expected
55,0,21.9,20.83,4,1.0700000000000003,267.50000000000006,19.17142857142857,114.23248882265275,Above Expected
129,2,74.87,56.97,19,17.900000000000006,942.105263157895,83.91428571428571,89.2219952332312,Below Expected
180,2,108.75,102.4,9,6.349999999999994,705.555555555555,131.48571428571427,82.70860495436769,Below Expected
72,1,26.44,5.55,20,20.89,1044.5,31.47142857142857,84.01270994098957,Below Expected
142,2,72.86,70.04,6,2.819999999999993,469.99999999999886,96.54285714285714,75.46907369044095,Below Expected
129,2,65.0,57.52,8,7.479999999999997,934.9999999999997,83.91428571428571,77.45999319033027,Below Expected
120,1,76.86,69.49,7,7.3700000000000045,1052.8571428571436,75.08571428571427,102.36301369863014,Within Expected
125,1,79.88,72.48,8,7.3999999999999915,924.999999999999,80.01428571428572,99.83217282628101,Within Expected
147,2,123.24,114.67,10,8.569999999999993,856.9999999999993,101.4,121.53846153846153,Above Expected
66,0,26.66,19.57,8,7.09,886.25,26.928571428571427,99.00265251989391,Within Expected
57,0,21.21,17.65,5,3.5600000000000023,712.0000000000005,20.5,103.46341463414635,Within Expected
164,2,131.35,122.69,12,8.659999999999997,721.6666666666664,117.28571428571429,111.99147381242386,Above Expected
194,2,145.97,133.11,19,12.859999999999985,676.8421052631571,143.17142857142858,101.95469966074636,Within Expected
120,1,65.36,56.85,10,8.509999999999998,850.9999999999998,75.08571428571427,87.04718417047187,Below Expected
169,2,120.05,112.47,10,7.579999999999998,757.9999999999998,121.88571428571429,98.49390529770277,Within Expected
140,2,94.57,78.97,16,15.599999999999994,974.9999999999997,94.6,99.96828752642706,Within Expected
148,2,90.43,65.68,19,24.75,1302.6315789473683,102.34285714285714,88.35985482970409,Below Expected
170,2,142.54,132.9,19,9.639999999999986,507.36842105263094,122.77142857142857,116.10193158017222,Above Expected
74,1,36.08,26.71,15,9.369999999999997,624.6666666666665,33.042857142857144,109.1915261565067,Within Expected
176,2,105.23,96.38,11,8.850000000000009,804.5454545454553,128.05714285714285,82.17425256581883,Below Expected
31,0,8.67,6.74,10,1.9299999999999997,192.99999999999997,8.242857142857144,105.18197573656845,Within Expected
150,2,119.83,99.77,19,20.060000000000002,1055.7894736842106,104.22857142857143,114.96847587719299,Above Expected
181,2,147.28,143.69,4,3.5900000000000034,897.5000000000009,132.34285714285713,111.28670120898101,Above Expected
48,0,16.37,12.75,10,3.620000000000001,362.0000000000001,14.942857142857143,109.55066921606118,Within Expected
133,2,95.92,84.79,9,11.129999999999995,1236.666666666666,87.8,109.248291571754,Within Expected
92,1,61.51,44.95,15,16.559999999999995,1103.9999999999995,48.42857142857143,127.0117994100295,Above Expected
165,2,120.94,114.82,9,6.1200000000000045,680.0000000000005,118.21428571428571,102.30574018126887,Within Expected
39,0,9.81,1.98,14,7.83,559.2857142857142,11.042857142857143,88.83570504527815,Below Expected
159,2,112.0,103.73,10,8.269999999999996,826.9999999999997,112.64285714285714,99.42929613189601,Within Expected
100,1,52.01,41.27,11,10.739999999999995,976.3636363636359,55.857142857142854,93.11253196930946,Within Expected
43,0,11.95,7.61,10,4.339999999999999,433.9999999999999,12.657142857142857,94.41309255079007,Within Expected
178,2,129.69,122.09,6,7.599999999999994,1266.6666666666656,129.77142857142857,99.93725231175694,Within Expected
75,1,32.49,30.28,4,2.210000000000001,552.5000000000002,33.82857142857143,96.04307432432432,Within Expected
57,0,21.5,12.17,17,9.33,548.8235294117648,20.5,104.8780487804878,Within Expected
190,2,146.49,138.1,9,8.390000000000015,932.2222222222239,139.9142857142857,104.69981621400859,Within Expected
56,0,16.61,3.27,16,13.34,833.75,19.8,83.88888888888889,Below Expected
51,0,14.48,4.33,16,10.15,634.375,16.65714285714286,86.92967409948542,Below Expected
131,2,82.34,66.08,21,16.260000000000005,774.2857142857146,85.85714285714286,95.90349417637272,Within Expected
39,0,11.55,9.14,7,2.41,344.28571428571433,11.042857142857143,104.59249676584736,Within Expected
171,2,141.79,135.87,6,5.9199999999999875,986.6666666666646,123.65714285714286,114.66381700554528,Above Expected
53,0,16.61,13.54,7,3.0700000000000003,438.5714285714286,17.914285714285715,92.71929824561404,Within Expected
38,0,11.93,8.79,8,3.1400000000000006,392.50000000000006,10.657142857142857,111.94369973190348,Above Expected
153,2,115.78,111.3,8,4.480000000000004,560.0000000000005,107.05714285714286,108.14785161462504,Within Expected
169,2,138.82,119.54,20,19.279999999999987,963.9999999999993,121.88571428571429,113.89357712142522,Above Expected
64,0,23.34,11.87,19,11.47,603.6842105263158,25.442857142857143,91.73498034811904,Within Expected
106,1,63.25,45.81,21,17.439999999999998,830.4761904761904,61.47142857142857,102.89333023471995,Within Expected
153,2,118.16,106.32,11,11.840000000000003,1076.3636363636367,107.05714285714286,110.37096343741659,Above Expected
56,0,17.39,15.75,3,1.6400000000000006,546.6666666666669,19.8,87.82828282828284,Below Expected
85,1,42.33,31.11,16,11.219999999999999,701.2499999999999,42.18571428571428,100.34202505926177,Within Expected
178,2,115.48,111.02,20,4.460000000000008,223.0000000000004,129.77142857142857,88.98723029502422,Below Expected
127,2,80.93,77.91,3,3.0200000000000102,1006.6666666666702,81.97142857142858,98.72952248170095,Within Expected
125,1,74.22,61.94,10,12.280000000000001,1228.0000000000002,80.01428571428572,92.75843599357256,Within Expected
98,1,53.85,43.04,14,10.810000000000002,772.1428571428573,54.0,99.72222222222223,Within Expected
162,2,103.51,85.58,19,17.930000000000007,943.6842105263162,115.42857142857143,89.67450495049505,Below Expected
192,2,145.15,138.38,10,6.77000000000001,677.000000000001,141.54285714285714,102.54844570044408,Within Expected
161,2,114.93,94.75,20,20.180000000000007,1009.0000000000003,114.5,100.37554585152839,Within Expected
189,2,141.2,127.98,21,13.219999999999985,629.5238095238088,139.1,101.50970524802301,Within Expected
134,2,100.07,92.11,7,7.959999999999994,1137.1428571428564,88.77142857142857,112.72771161892501,Above Expected
79,1,40.65,33.2,19,7.449999999999996,392.1052631578945,37.08571428571428,109.61093990755009,Within Expected
154,2,120.58,107.86,14,12.719999999999999,908.5714285714284,108.0,111.64814814814814,Above Expected
37,0,8.92,3.3,16,5.62,351.25,10.27142857142857,86.84283727399166,Below Expected
91,1,46.15,38.53,7,7.619999999999997,1088.5714285714282,47.5,97.1578947368421,Within Expected
89,1,56.89,51.03,8,5.859999999999999,732.4999999999999,45.72857142857143,124.40799750078102,Above Expected
146,2,88.41,78.29,9,10.11999999999999,1124.4444444444434,100.42857142857143,88.03271692745376,Below Expected
171,2,128.29,121.27,6,7.019999999999996,1169.9999999999993,123.65714285714286,103.74653419593345,Within Expected
140,2,82.42,70.38,10,12.040000000000006,1204.0000000000007,94.6,87.1247357293869,Below Expected
50,0,15.85,14.39,4,1.459999999999999,364.9999999999998,16.02857142857143,98.88591800356507,Within Expected
90,1,60.26,44.4,21,15.86,755.2380952380953,46.614285714285714,129.27367453263867,Above Expected
160,2,118.22,113.35,7,4.8700000000000045,695.7142857142863,113.57142857142857,104.09308176100629,Within Expected
34,0,10.8,7.97,13,2.830000000000001,217.69230769230776,9.185714285714287,117.57387247278382,Above Expected
196,2,152.91,148.38,8,4.530000000000001,566.2500000000001,144.8,105.60082872928176,Within Expected
138,2,91.25,78.17,9,13.079999999999998,1453.333333333333,92.65714285714286,98.48134443416589,Within Expected
63,0,23.79,3.44,18,20.349999999999998,1130.5555555555554,24.7,96.3157894736842,Within Expected
187,2,107.15,98.39,11,8.760000000000005,796.3636363636368,137.4142857142857,77.97588106871817,Below Expected
111,1,78.8,67.13,9,11.670000000000002,1296.666666666667,66.32857142857142,118.8024983846651,Above Expected
73,1,35.26,30.64,9,4.619999999999997,513.333333333333,32.25714285714285,109.30912311780337,Within Expected
159,2,93.65,68.94,21,24.710000000000008,1176.666666666667,112.64285714285714,83.13887127457198,Below Expected
92,1,49.1,35.5,11,13.600000000000001,1236.3636363636365,48.42857142857143,101.38643067846607,Within Expected
99,1,63.06,43.39,18,19.67,1092.7777777777778,54.92857142857143,114.8036410923277,Above Expected
88,1,38.76,22.56,15,16.2,1079.9999999999998,44.84285714285714,86.43517043644474,Below Expected
77,1,33.52,25.16,9,8.360000000000003,928.8888888888893,35.4,94.68926553672318,Within Expected
160,2,112.12,102.27,13,9.850000000000009,757.6923076923083,113.57142857142857,98.72201257861636,Within Expected
58,0,17.35,9.96,12,7.390000000000001,615.8333333333334,21.2,81.83962264150945,Below Expected
184,2,165.29,159.81,8,5.47999999999999,684.9999999999987,134.88571428571427,122.54077525947893,Above Expected
182,2,133.59,126.69,8,6.900000000000006,862.5000000000007,133.2,100.2927927927928,Within Expected
176,2,111.23,94.51,13,16.72,1286.153846153846,128.05714285714285,86.85966086568497,Below Expected
67,0,28.69,13.41,19,15.280000000000001,804.2105263157895,27.67142857142857,103.68094992256067,Within Expected
91,1,44.73,34.36,13,10.369999999999997,797.6923076923075,47.5,94.16842105263157,Within Expected
125,1,81.77,75.5,9,6.269999999999996,696.6666666666662,80.01428571428572,102.19425102660237,Within Expected
77,1,37.73,33.39,6,4.339999999999996,723.3333333333327,35.4,106.5819209039548,Within Expected
163,2,110.62,88.55,21,22.070000000000007,1050.9523809523812,116.35714285714286,95.06936771025168,Within Expected
108,1,49.48,37.51,10,11.969999999999999,1196.9999999999998,63.41428571428571,78.02658256364046,Below Expected
76,1,36.14,33.17,3,2.969999999999999,989.9999999999997,34.614285714285714,104.40775897647545,Within Expected
144,2,74.04,53.19,15,20.85000000000001,1390.0000000000005,98.48571428571428,75.17841601392516,Below Expected
172,2,145.52,130.67,20,14.850000000000023,742.5000000000011,124.54285714285714,116.84331268639596,Above Expected
184,2,131.09,118.81,15,12.280000000000001,818.6666666666667,134.88571428571427,97.18597754712985,Within Expected
156,2,100.78,85.2,13,15.579999999999998,1198.4615384615383,109.85714285714286,91.7373211963589,Within Expected
177,2,137.34,128.49,13,8.849999999999994,680.7692307692304,128.9142857142857,106.53590425531915,Within Expected
189,2,156.06,147.04,11,9.02000000000001,820.0000000000009,139.1,112.19266714593819,Above Expected
61,0,20.27,14.79,11,5.48,498.18181818181824,23.3,86.99570815450643,Below Expected
92,1,40.29,30.47,18,9.82,545.5555555555555,48.42857142857143,83.19469026548673,Below Expected
182,2,135.77,126.85,21,8.920000000000016,424.7619047619055,133.2,101.92942942942945,Within Expected
154,2,59.84,56.67,3,3.1700000000000017,1056.6666666666672,108.0,55.407407407407405,Below Expected
52,0,16.81,3.13,20,13.68,683.9999999999999,17.285714285714285,97.24793388429752,Within Expected
71,1,27.53,15.3,21,12.23,582.3809523809524,30.685714285714283,89.71601489757916,Below Expected
123,1,84.99,65.87,21,19.11999999999999,910.47619047619,78.04285714285714,108.90170236133991,Within Expected
189,2,155.9,141.42,17,14.480000000000018,851.764705882354,139.1,112.07764198418404,Above Expected
118,1,46.14,30.71,14,15.43,1102.142857142857,73.12857142857142,63.09435436608714,Below Expected
57,0,19.06,16.56,5,2.5,500.0,20.5,92.97560975609755,Within Expected
186,2,144.88,142.57,3,2.3100000000000023,770.0000000000008,136.57142857142856,106.08368200836821,Within Expected
86,1,36.62,22.29,20,14.329999999999998,716.4999999999999,43.07142857142857,85.02155887230514,Below Expected
127,2,77.66,59.49,13,18.169999999999995,1397.6923076923074,81.97142857142858,94.74032764029278,Within Expected
53,0,15.19,9.5,17,5.6899999999999995,334.7058823529411,17.914285714285715,84.792663476874,Below Expected
97,1,48.88,36.56,11,12.32,1120.0,53.07142857142857,92.10228802153433,Within Expected
84,1,42.6,36.42,8,6.18,772.5,41.3,103.14769975786926,Within Expected
177,2,141.14,129.62,13,11.519999999999982,886.1538461538447,128.9142857142857,109.48359929078013,Within Expected
66,0,20.98,6.77,18,14.21,789.4444444444445,26.928571428571427,77.90981432360743,Below Expected
153,2,103.41,99.58,10,3.8299999999999983,382.99999999999983,107.05714285714286,96.59327461969575,Within Expected
85,1,44.12,26.33,19,17.79,936.3157894736842,42.18571428571428,104.58516762614292,Within Expected
145,2,83.96,76.8,10,7.159999999999997,715.9999999999997,99.45714285714286,84.41827061189313,Below Expected
174,2,128.36,109.93,14,18.430000000000007,1316.428571428572,126.31428571428572,101.6195430897987,Within Expected
138,2,83.5,63.87,20,19.630000000000003,981.5000000000001,92.65714285714286,90.11717545482578,Within Expected
126,2,62.72,59.6,3,3.1199999999999974,1039.999999999999,81.0,77.4320987654321,Below Expected
131,2,83.95,73.7,7,10.25,1464.2857142857142,85.85714285714286,97.77870216306155,Within Expected
176,2,131.52,125.08,5,6.440000000000012,1288.0000000000025,128.05714285714285,102.70414993306561,Within Expected
68,0,22.84,18.2,8,4.640000000000001,580.0000000000001,28.414285714285715,80.38210155857215,Below Expected
121,1,68.57,65.43,5,3.1399999999999864,627.9999999999973,76.07142857142857,90.13896713615023,Within Expected
125,1,76.03,72.67,3,3.3599999999999994,1119.9999999999998,80.01428571428572,95.02053204784859,Within Expected
27,0,6.25,5.17,4,1.08,270.0,7.1,88.02816901408451,Below Expected
147,2,90.39,83.96,6,6.430000000000007,1071.6666666666679,101.4,89.14201183431952,Below Expected
162,2,126.42,114.35,9,12.070000000000007,1341.111111111112,115.42857142857143,109.52227722772277,Within Expected
189,2,120.27,117.53,4,2.739999999999995,684.9999999999987,139.1,86.46297627606039,Below Expected
83,1,48.95,26.84,19,22.110000000000003,1163.6842105263158,40.457142857142856,120.9922316384181,Above Expected
143,2,90.78,80.65,13,10.129999999999995,779.2307692307688,97.51428571428572,93.09405215353061,Within Expected
189,2,140.33,134.47,7,5.860000000000014,837.142857142859,139.1,100.8842559309849,Within Expected
128,2,90.27,84.56,12,5.709999999999994,475.8333333333328,82.94285714285714,108.83396486393386,Within Expected
100,1,57.32,42.69,17,14.630000000000003,860.5882352941178,55.857142857142854,102.61892583120205,Within Expected
96,1,49.91,46.49,5,3.4199999999999946,683.999999999999,52.142857142857146,95.71780821917807,Within Expected
79,1,40.34,36.07,8,4.270000000000003,533.7500000000003,37.08571428571428,108.77503852080126,Within Expected
47,0,16.08,15.21,3,0.8699999999999974,289.99999999999915,14.485714285714286,111.00591715976331,Above Expected
119,1,57.77,41.9,21,15.870000000000005,755.7142857142859,74.1,77.96221322537113,Below Expected
181,2,128.26,114.88,20,13.379999999999995,668.9999999999998,132.34285714285713,96.91493955094992,Within Expected
154,2,121.75,115.57,6,6.180000000000007,1030.0000000000011,108.0,112.7314814814815,Above Expected
128,2,75.69,59.19,19,16.5,868.421052631579,82.94285714285714,91.2555976575956,Within Expected
116,1,70.94,63.36,15,7.579999999999998,505.3333333333332,71.18571428571428,99.6548264097933,Within Expected
138,2,103.23,98.91,3,4.320000000000007,1440.0000000000025,92.65714285714286,111.41073080481037,Above Expected
151,2,106.89,95.13,11,11.760000000000005,1069.0909090909095,105.17142857142858,101.63406682966584,Within Expected
44,0,12.17,11.23,3,0.9399999999999995,313.3333333333332,13.114285714285714,92.79956427015252,Within Expected
196,2,142.73,130.9,12,11.829999999999984,985.833333333332,144.8,98.57044198895026,Within Expected
162,2,112.82,101.96,9,10.86,1206.6666666666665,115.42857142857143,97.74009900990099,Within Expected
87,1,38.34,34.86,6,3.480000000000004,580.0000000000007,43.957142857142856,87.22131946701333,Below Expected
131,2,94.62,83.58,10,11.040000000000006,1104.0000000000005,85.85714285714286,110.20632279534111,Above Expected
195,2,156.0,149.91,7,6.090000000000003,870.0000000000005,143.9857142857143,108.34408175414228,Within Expected
114,1,77.68,75.1,3,2.5800000000000125,860.0000000000042,69.24285714285713,112.18485661233754,Above Expected
100,1,61.15,54.71,8,6.439999999999998,804.9999999999998,55.857142857142854,109.47570332480818,Within Expected
107,1,64.51,60.51,4,4.000000000000007,1000.0000000000018,62.44285714285714,103.31045527339282,Within Expected
163,2,129.02,127.14,3,1.8800000000000097,626.6666666666699,116.35714285714286,110.88275015346841,Above Expected
79,1,38.45,27.42,12,11.030000000000001,919.1666666666667,37.08571428571428,103.6787365177196,Within Expected
173,2,135.11,131.9,4,3.210000000000008,802.500000000002,125.42857142857143,107.71867881548975,Within Expected
113,1,54.41,45.38,6,9.029999999999994,1504.999999999999,68.27142857142857,79.69658924461184,Below Expected
155,2,112.41,99.13,19,13.280000000000001,698.9473684210526,108.92857142857143,103.19606557377048,Within Expected
137,2,101.4,93.64,12,7.760000000000005,646.6666666666671,91.68571428571428,110.59520099719539,Above Expected
78,1,44.73,33.76,17,10.969999999999999,645.2941176470588,36.24285714285714,123.41742215214822,Above Expected
131,2,57.47,54.71,5,2.759999999999998,551.9999999999995,85.85714285714286,66.93677204658901,Below Expected
67,0,32.18,21.16,19,11.02,580.0,27.67142857142857,116.2932369643779,Above Expected
73,1,25.63,22.35,6,3.2799999999999976,546.6666666666663,32.25714285714285,79.45527015057574,Below Expected
56,0,20.6,15.81,14,4.790000000000001,342.14285714285717,19.8,104.04040404040404,Within Expected
118,1,95.67,78.13,20,17.540000000000006,877.0000000000003,73.12857142857142,130.82437976167222,Above Expected
110,1,70.3,46.31,20,23.989999999999995,1199.4999999999998,65.35714285714286,107.56284153005464,Within Expected
49,0,14.77,7.39,18,7.38,410.0,15.4,95.9090909090909,Within Expected
135,2,75.4,65.81,9,9.590000000000003,1065.555555555556,89.74285714285713,84.01782871696913,Below Expected
154,2,111.46,99.83,13,11.629999999999995,894.6153846153843,108.0,103.20370370370371,Within Expected
67,0,27.74,15.77,14,11.969999999999999,854.9999999999999,27.67142857142857,100.24780588538977,Within Expected
78,1,36.16,26.29,13,9.869999999999997,759.230769230769,36.24285714285714,99.77138352384706,Within Expected
73,1,28.97,15.41,14,13.559999999999999,968.5714285714286,32.25714285714285,89.80956598759965,Below Expected
108,1,62.1,59.12,3,2.980000000000004,993.3333333333346,63.41428571428571,97.92746113989638,Within Expected
196,2,149.86,134.12,20,15.740000000000009,787.0000000000005,144.8,103.49447513812156,Within Expected
113,1,68.94,53.54,17,15.399999999999999,905.8823529411764,68.27142857142857,100.97928436911488,Within Expected
170,2,110.36,85.39,19,24.97,1314.2105263157896,122.77142857142857,89.89062136374214,Below Expected
138,2,87.82,82.71,9,5.109999999999999,567.7777777777777,92.65714285714286,94.77952513105149,Within Expected
122,1,81.59,61.73,19,19.860000000000007,1045.263157894737,77.05714285714285,105.88246199480906,Within Expected
168,2,146.7,130.26,14,16.439999999999998,1174.2857142857142,121.0,121.23966942148758,Above Expected
57,0,15.68,13.33,3,2.3499999999999996,783.3333333333333,20.5,76.48780487804878,Below Expected
44,0,13.61,9.66,8,3.9499999999999993,493.7499999999999,13.114285714285714,103.77995642701525,Within Expected
65,0,30.54,22.83,12,7.710000000000001,642.5000000000001,26.185714285714283,116.62847790507365,Above Expected
104,1,65.42,58.51,6,6.910000000000004,1151.6666666666672,59.57142857142857,109.81774580335733,Within Expected
156,2,98.12,93.38,7,4.740000000000009,677.1428571428585,109.85714285714286,89.31599479843953,Below Expected
177,2,179.92,162.24,15,17.67999999999998,1178.6666666666652,128.9142857142857,139.5656028368794,Above Expected
145,2,87.85,72.89,17,14.959999999999994,879.9999999999997,99.45714285714286,88.3295030163746,Below Expected
146,2,103.99,85.02,17,18.97,1115.8823529411764,100.42857142857143,103.54623044096726,Within Expected
146,2,116.05,87.18,20,28.86999999999999,1443.4999999999995,100.42857142857143,115.5547652916074,Above Expected
94,1,48.89,33.35,19,15.54,817.8947368421052,50.285714285714285,97.22443181818183,Within Expected
182,2,139.59,122.55,17,17.040000000000006,1002.3529411764708,133.2,104.79729729729729,Within Expected
32,0,7.77,4.93,10,2.84,284.0,8.557142857142857,90.80133555926544,Within Expected
131,2,90.38,64.27,16,26.11,1631.875,85.85714285714286,105.26788685524124,Within Expected
178,2,171.15,165.59,8,5.560000000000002,695.0000000000002,129.77142857142857,131.88573315719947,Above Expected
47,0,13.84,10.17,8,3.67,458.75,14.485714285714286,95.54240631163708,Within Expected
172,2,80.06,73.26,10,6.799999999999997,679.9999999999998,124.54285714285714,64.28309245239734,Below Expected
85,1,38.92,30.15,7,8.770000000000003,1252.8571428571433,42.18571428571428,92.25871994581783,Within Expected
187,2,131.04,110.56,21,20.47999999999999,975.2380952380948,137.4142857142857,95.36126416467408,Within Expected
180,2,116.96,107.27,10,9.689999999999998,968.9999999999998,131.48571428571427,88.95262929161235,Below Expected
131,2,79.19,68.42,10,10.769999999999996,1076.9999999999995,85.85714285714286,92.23460898502495,Within Expected
72,1,35.89,31.77,5,4.120000000000001,824.0000000000002,31.47142857142857,114.03994552882433,Above Expected
134,2,89.32,80.47,12,8.849999999999994,737.4999999999995,88.77142857142857,100.61795944641132,Within Expected
43,0,14.65,10.89,12,3.76,313.3333333333333,12.657142857142857,115.74492099322799,Above Expected
162,2,122.33,105.02,21,17.310000000000002,824.2857142857144,115.42857142857143,105.9789603960396,Within Expected
172,2,128.86,114.72,12,14.140000000000015,1178.3333333333346,124.54285714285714,103.4663913741684,Within Expected
34,0,9.89,6.67,10,3.2200000000000006,322.00000000000006,9.185714285714287,107.66718506998446,Within Expected
59,0,22.44,18.47,7,3.9700000000000024,567.1428571428575,21.9,102.46575342465756,Within Expected
134,2,80.53,76.64,5,3.8900000000000006,778.0000000000001,88.77142857142857,90.7161248793048,Within Expected
139,2,89.66,71.06,19,18.599999999999994,978.9473684210524,93.62857142857142,95.76136710405859,Within Expected
133,2,100.58,84.36,13,16.22,1247.6923076923076,87.8,114.55580865603645,Above Expected
44,0,14.36,11.48,13,2.879999999999999,221.53846153846146,13.114285714285714,109.49891067538127,Within Expected
192,2,157.33,149.59,7,7.740000000000009,1105.714285714287,141.54285714285714,111.1536132418248,Above Expected
130,2,99.27,86.63,12,12.64,1053.3333333333335,84.88571428571429,116.94547290474586,Above Expected
136,2,89.54,80.29,12,9.25,770.8333333333334,90.71428571428571,98.70551181102364,Within Expected
180,2,149.47,143.85,6,5.6200000000000045,936.6666666666674,131.48571428571427,113.67774880486748,Above Expected
179,2,119.14,106.52,13,12.620000000000005,970.7692307692312,130.62857142857143,91.20516185476815,Within Expected
78,1,39.52,28.73,17,10.790000000000003,634.7058823529413,36.24285714285714,109.04217579818685,Within Expected
151,2,89.86,73.41,20,16.450000000000003,822.5000000000001,105.17142857142858,85.4414561260527,Below Expected
62,0,21.7,17.46,7,4.239999999999998,605.7142857142856,24.0,90.41666666666667,Within Expected
149,2,100.83,97.06,4,3.769999999999996,942.499999999999,103.28571428571429,97.62240663900414,Within Expected
187,2,130.17,111.9,21,18.269999999999982,869.9999999999991,137.4142857142857,94.72814221852582,Within Expected
83,1,35.91,13.59,21,22.319999999999997,1062.8571428571427,40.457142857142856,88.76059322033898,Below Expected
92,1,53.26,43.66,14,9.600000000000001,685.7142857142858,48.42857142857143,109.97640117994098,Within Expected
176,2,156.61,140.86,15,15.75,1050.0,128.05714285714285,122.29696564033917,Above Expected
105,1,52.33,45.42,5,6.909999999999997,1381.9999999999993,60.5,86.49586776859503,Below Expected
161,2,96.21,78.9,21,17.309999999999988,824.2857142857138,114.5,84.02620087336244,Below Expected
154,2,100.3,80.03,21,20.269999999999996,965.238095238095,108.0,92.87037037037037,Within Expected
98,1,63.97,60.12,4,3.8500000000000014,962.5000000000003,54.0,118.46296296296298,Above Expected
188,2,125.27,115.88,12,9.39,782.5000000000001,138.25714285714284,90.60653027485019,Within Expected
106,1,81.86,67.82,14,14.040000000000006,1002.8571428571433,61.47142857142857,133.1675575180107,Above Expected
150,2,120.73,118.69,6,2.0400000000000063,340.000000000001,104.22857142857143,115.83196271929825,Above Expected
163,2,103.37,99.76,5,3.6099999999999994,721.9999999999999,116.35714285714286,88.83855125844076,Below Expected
109,1,72.62,60.89,8,11.730000000000004,1466.2500000000005,64.38571428571429,112.78899489682716,Above Expected
179,2,122.44,120.04,5,2.3999999999999915,479.9999999999983,130.62857142857143,93.73140857392825,Within Expected
127,2,64.44,57.72,6,6.719999999999999,1119.9999999999998,81.97142857142858,78.61275705820843,Below Expected
113,1,72.71,64.71,7,8.0,1142.857142857143,68.27142857142857,106.50136011717932,Within Expected
172,2,123.5,101.94,17,21.560000000000002,1268.235294117647,124.54285714285714,99.16265198440009,Within Expected
49,0,14.12,11.53,6,2.59,431.66666666666663,15.4,91.68831168831169,Within Expected
128,2,90.3,84.93,6,5.36999999999999,894.9999999999984,82.94285714285714,108.8701343437823,Within Expected
47,0,16.94,16.05,3,0.8900000000000006,296.66666666666686,14.485714285714286,116.94280078895464,Above Expected
177,2,125.49,117.78,8,7.709999999999994,963.7499999999992,128.9142857142857,97.34375,Within Expected
132,2,79.44,70.95,8,8.489999999999995,1061.2499999999993,86.82857142857142,91.49062191510366,Within Expected
108,1,58.48,48.22,18,10.259999999999998,569.9999999999999,63.41428571428571,92.21896823608921,Within Expected
166,2,116.41,112.76,8,3.6499999999999915,456.2499999999989,119.14285714285714,97.7062350119904,Within Expected
195,2,143.45,130.52,13,12.929999999999978,994.6153846153829,143.9857142857143,99.62793927969044,Within Expected
82,1,38.06,29.65,14,8.410000000000004,600.714285714286,39.614285714285714,96.07645149657411,Within Expected
107,1,57.02,47.37,9,9.650000000000006,1072.2222222222229,62.44285714285714,91.31548844657974,Within Expected
160,2,112.54,100.73,18,11.810000000000002,656.1111111111112,113.57142857142857,99.09182389937108,Within Expected
151,2,130.03,110.1,18,19.930000000000007,1107.2222222222226,105.17142857142858,123.63624015213257,Above Expected
64,0,25.52,11.93,18,13.59,755.0,25.442857142857143,100.30320044918585,Within Expected
128,2,80.91,62.59,17,18.319999999999993,1077.647058823529,82.94285714285714,97.54908715122288,Within Expected
170,2,126.63,114.52,17,12.11,712.3529411764705,122.77142857142857,103.14289038864324,Within Expected
118,1,63.26,45.02,17,18.239999999999995,1072.9411764705878,73.12857142857142,86.50517679234227,Below Expected
143,2,94.56,84.7,13,9.86,758.4615384615385,97.51428571428572,96.9704072663346,Within Expected
156,2,137.3,120.69,16,16.610000000000014,1038.125000000001,109.85714285714286,124.98049414824447,Above Expected
64,0,21.09,10.81,11,10.28,934.5454545454545,25.442857142857143,82.89163391353172,Below Expected
149,2,119.29,112.54,7,6.75,964.2857142857143,103.28571428571429,115.4951590594744,Above Expected
73,1,33.67,18.3,21,15.370000000000001,731.9047619047619,32.25714285714285,104.37998228520817,Within Expected
53,0,17.29,13.99,6,3.299999999999999,549.9999999999998,17.914285714285715,96.51515151515152,Within Expected
78,1,29.29,18.72,12,10.57,880.8333333333334,36.24285714285714,80.81592432006308,Below Expected
107,1,75.32,68.41,6,6.909999999999997,1151.666666666666,62.44285714285714,120.62228323038204,Above Expected
150,2,129.45,123.79,5,5.659999999999982,1131.9999999999966,104.22857142857143,124.19819078947367,Above Expected
107,1,41.67,26.59,15,15.080000000000002,1005.3333333333334,62.44285714285714,66.73301304049417,Below Expected
63,0,27.57,24.53,5,3.039999999999999,607.9999999999999,24.7,111.61943319838056,Above Expected
107,1,57.93,43.64,14,14.29,1020.7142857142857,62.44285714285714,92.77282086479066,Within Expected
177,2,153.04,144.86,9,8.179999999999978,908.8888888888865,128.9142857142857,118.71453900709218,Above Expected
109,1,57.45,50.61,8,6.840000000000003,855.0000000000005,64.38571428571429,89.22786776126027,Below Expected
92,1,57.35,42.58,19,14.770000000000003,777.3684210526317,48.42857142857143,118.42182890855457,Above Expected
155,2,86.99,75.84,17,11.149999999999991,655.8823529411759,108.92857142857143,79.85967213114753,Below Expected
26,0,6.62,6.02,3,0.6000000000000005,200.00000000000017,6.9,95.94202898550725,Within Expected
67,0,20.41,12.34,9,8.07,896.6666666666667,27.67142857142857,73.75838926174497,Below Expected
196,2,133.16,127.35,8,5.810000000000002,726.2500000000002,144.8,91.96132596685082,Within Expected
100,1,55.4,41.83,16,13.57,848.125,55.857142857142854,99.18158567774937,Within Expected
137,2,81.72,76.97,7,4.75,678.5714285714286,91.68571428571428,89.1305702711125,Below Expected
169,2,109.46,106.26,5,3.1999999999999886,639.9999999999977,121.88571428571429,89.80543834974213,Below Expected
42,0,10.91,2.71,15,8.2,546.6666666666666,12.2,89.42622950819673,Below Expected
93,1,50.67,37.48,14,13.190000000000005,942.1428571428575,49.357142857142854,102.65991316931984,Within Expected
39,0,12.06,9.17,8,2.8900000000000006,361.25000000000006,11.042857142857143,109.21086675291075,Within Expected
193,2,139.51,128.63,13,10.879999999999995,836.9230769230766,142.35714285714286,97.99999999999999,Within Expected
103,1,42.6,39.34,5,3.259999999999998,651.9999999999995,58.642857142857146,72.64311814859927,Below Expected
63,0,23.14,11.31,21,11.83,563.3333333333334,24.7,93.6842105263158,Within Expected
50,0,17.51,11.31,12,6.200000000000001,516.6666666666667,16.02857142857143,109.24242424242425,Within Expected
113,1,76.67,66.9,11,9.769999999999996,888.1818181818179,68.27142857142857,112.3017367650136,Above Expected
172,2,96.3,91.24,5,5.060000000000002,1012.0000000000005,124.54285714285714,77.32278045423261,Below Expected
145,2,108.44,83.71,15,24.730000000000004,1648.666666666667,99.45714285714286,109.03188738868141,Within Expected
91,1,46.91,35.33,12,11.579999999999998,964.9999999999999,47.5,98.7578947368421,Within Expected
42,0,13.4,7.36,16,6.04,377.5,12.2,109.8360655737705,Within Expected
138,2,73.38,68.5,5,4.8799999999999955,975.9999999999991,92.65714285714286,79.19518963922295,Below Expected
179,2,112.52,108.47,4,4.049999999999997,1012.4999999999993,130.62857142857143,86.13735783027121,Below Expected
52,0,20.28,16.61,8,3.6700000000000017,458.7500000000002,17.285714285714285,117.3223140495868,Above Expected
68,0,35.86,26.23,20,9.629999999999999,481.49999999999994,28.414285714285715,126.2041226747109,Above Expected
84,1,24.71,18.72,8,5.990000000000002,748.7500000000002,41.3,59.830508474576284,Below Expected
191,2,148.23,143.06,6,5.1699999999999875,861.6666666666646,140.72857142857143,105.33042330727844,Within Expected
124,1,77.07,69.15,9,7.9199999999999875,879.9999999999985,79.02857142857142,97.52169197396962,Within Expected
171,2,126.46,110.8,19,15.659999999999997,824.2105263157893,123.65714285714286,102.26663585951941,Within Expected
92,1,47.81,38.92,12,8.89,740.8333333333334,48.42857142857143,98.72271386430678,Within Expected
45,0,11.32,6.03,12,5.29,440.83333333333337,13.571428571428571,83.41052631578948,Below Expected
179,2,130.2,126.29,4,3.9099999999999824,977.4999999999956,130.62857142857143,99.67191601049868,Within Expected
171,2,140.26,124.57,12,15.689999999999998,1307.4999999999998,123.65714285714286,113.42652495378927,Above Expected
125,1,78.51,68.32,8,10.190000000000012,1273.7500000000016,80.01428571428572,98.11997857525442,Within Expected
102,1,57.96,42.48,18,15.480000000000004,860.0000000000002,57.714285714285715,100.42574257425743,Within Expected
170,2,118.86,98.66,20,20.200000000000003,1010.0000000000002,122.77142857142857,96.81405631836165,Within Expected
101,1,63.81,51.81,18,12.0,666.6666666666666,56.785714285714285,112.36981132075472,Above Expected
141,2,96.52,92.92,9,3.5999999999999943,399.9999999999994,95.57142857142857,100.99252615844543,Within Expected
192,2,152.71,141.81,19,10.900000000000006,573.6842105263162,141.54285714285714,107.88958417440453,Within Expected
71,1,31.04,28.44,4,2.599999999999998,649.9999999999994,30.685714285714283,101.15456238361267,Within Expected
180,2,127.91,119.73,14,8.179999999999993,584.2857142857138,131.48571428571427,97.28053020425904,Within Expected
66,0,25.74,17.63,11,8.11,737.2727272727271,26.928571428571427,95.58620689655173,Within Expected
67,0,30.78,17.66,16,13.120000000000001,820.0000000000001,27.67142857142857,111.2338668043366,Above Expected
121,1,81.52,63.77,16,17.749999999999993,1109.3749999999995,76.07142857142857,107.16244131455399,Within Expected
167,2,136.85,123.99,12,12.86,1071.6666666666665,120.07142857142857,113.97382510410469,Above Expected
64,0,28.26,21.49,12,6.770000000000003,564.166666666667,25.442857142857143,111.07243121841664,Above Expected
138,2,72.51,70.02,3,2.490000000000009,830.0000000000031,92.65714285714286,78.25624421831637,Below Expected
91,1,50.81,43.24,10,7.57,757.0,47.5,106.96842105263158,Within Expected
88,1,41.98,34.12,10,7.859999999999999,785.9999999999999,44.84285714285714,93.6158012105766,Within Expected
47,0,14.76,7.66,20,7.1,355.0,14.485714285714286,101.89349112426036,Within Expected
81,1,44.67,36.51,19,8.160000000000004,429.4736842105265,38.77142857142857,115.21370670596905,Above Expected
85,1,48.68,29.7,16,18.98,1186.25,42.18571428571428,115.39451405350492,Above Expected
168,2,130.26,120.38,15,9.879999999999995,658.6666666666664,121.0,107.65289256198346,Within Expected
70,1,36.25,29.48,10,6.77,676.9999999999999,29.9,121.23745819397993,Above Expected
129,2,91.58,87.91,7,3.6700000000000017,524.2857142857146,83.91428571428571,109.13517194416072,Within Expected
138,2,106.01,99.5,9,6.510000000000005,723.3333333333339,92.65714285714286,114.41103916127042,Above Expected
181,2,137.72,134.0,5,3.719999999999999,743.9999999999998,132.34285714285713,104.06303972366149,Within Expected
92,1,59.02,48.56,13,10.46,804.6153846153848,48.42857142857143,121.87020648967552,Above Expected
123,1,98.4,89.04,9,9.36,1040.0,78.04285714285714,126.08456891817683,Above Expected
120,1,70.19,65.99,9,4.200000000000003,466.666666666667,75.08571428571427,93.47983257229833,Within Expected
166,2,124.38,114.11,9,10.269999999999996,1141.1111111111106,119.14285714285714,104.39568345323742,Within Expected
196,2,162.81,158.83,4,3.9799999999999898,994.9999999999975,144.8,112.4378453038674,Above Expected
180,2,121.3,113.21,14,8.090000000000003,577.8571428571431,131.48571428571427,92.25336810082574,Within Expected
61,0,23.31,6.79,20,16.52,826.0,23.3,100.0429184549356,Within Expected
179,2,114.66,111.52,3,3.1400000000000006,1046.666666666667,130.62857142857143,87.7755905511811,Below Expected
184,2,128.97,119.3,14,9.670000000000002,690.7142857142858,134.88571428571427,95.61427663630587,Within Expected
161,2,140.55,135.41,5,5.140000000000015,1028.000000000003,114.5,122.75109170305679,Above Expected
195,2,176.2,168.77,11,7.429999999999978,675.4545454545436,143.9857142857143,122.37325131461454,Above Expected
194,2,106.19,101.13,6,5.060000000000002,843.3333333333337,143.17142857142858,74.16982638195968,Below Expected
49,0,18.24,16.67,4,1.5699999999999967,392.4999999999992,15.4,118.44155844155844,Above Expected
148,2,117.19,104.33,11,12.86,1169.090909090909,102.34285714285714,114.50725851479619,Above Expected
133,2,66.0,59.2,5,6.799999999999997,1359.9999999999995,87.8,75.17084282460137,Below Expected
107,1,52.58,32.38,21,20.199999999999996,961.9047619047617,62.44285714285714,84.20498741706703,Below Expected
162,2,118.6,115.96,4,2.6400000000000006,660.0000000000001,115.42857142857143,102.74752475247524,Within Expected
52,0,18.9,8.74,18,10.159999999999998,564.4444444444443,17.285714285714285,109.33884297520662,Within Expected
53,0,15.51,13.91,3,1.5999999999999996,533.3333333333333,17.914285714285715,86.57894736842105,Below Expected
44,0,16.38,9.26,16,7.119999999999999,444.99999999999994,13.114285714285714,124.90196078431373,Above Expected
169,2,146.7,130.49,18,16.20999999999998,900.5555555555544,121.88571428571429,120.35864978902953,Above Expected
72,1,37.07,19.52,21,17.55,835.7142857142858,31.47142857142857,117.78937812074443,Above Expected
63,0,22.84,6.94,12,15.899999999999999,1325.0,24.7,92.46963562753037,Within Expected
124,1,76.38,69.49,8,6.890000000000001,861.2500000000001,79.02857142857142,96.64859002169197,Within Expected
179,2,142.58,130.94,20,11.640000000000015,582.0000000000007,130.62857142857143,109.14916885389327,Within Expected
190,2,145.53,133.01,16,12.52000000000001,782.5000000000007,139.9142857142857,104.01368184602819,Within Expected
186,2,136.02,124.61,19,11.41000000000001,600.5263157894742,136.57142857142856,99.59623430962345,Within Expected
126,2,70.94,56.71,13,14.229999999999997,1094.6153846153843,81.0,87.58024691358024,Below Expected
185,2,154.84,146.55,8,8.289999999999992,1036.249999999999,135.72857142857143,114.08062309230607,Above Expected
119,1,64.97,55.96,14,9.009999999999998,643.5714285714284,74.1,87.67881241565453,Below Expected
87,1,59.24,47.61,11,11.630000000000003,1057.2727272727275,43.957142857142856,134.7676308092298,Above Expected
168,2,98.45,94.21,4,4.240000000000009,1060.0000000000023,121.0,81.36363636363637,Below Expected
103,1,62.11,42.39,21,19.72,939.047619047619,58.642857142857146,105.91230207064555,Within Expected
126,2,75.29,53.78,17,21.510000000000005,1265.294117647059,81.0,92.95061728395062,Within Expected
184,2,158.62,141.67,20,16.950000000000017,847.5000000000008,134.88571428571427,117.59584833721671,Above Expected
173,2,134.4,128.41,6,5.990000000000009,998.3333333333348,125.42857142857143,107.15261958997722,Within Expected
34,0,11.76,9.86,5,1.9000000000000004,380.00000000000006,9.185714285714287,128.0248833592535,Above Expected
56,0,19.26,3.08,19,16.18,851.578947368421,19.8,97.27272727272728,Within Expected
66,0,26.94,16.73,14,10.21,729.2857142857143,26.928571428571427,100.04244031830241,Within Expected
88,1,38.74,35.38,5,3.3599999999999994,671.9999999999999,44.84285714285714,86.39057024530106,Below Expected
72,1,32.88,29.47,4,3.4100000000000037,852.5000000000009,31.47142857142857,104.47571493418066,Within Expected
70,1,29.44,22.71,8,6.73,841.25,29.9,98.46153846153847,Within Expected
138,2,89.66,73.34,17,16.319999999999993,959.9999999999997,92.65714285714286,96.76534073388837,Within Expected
181,2,120.16,101.37,19,18.789999999999992,988.9473684210523,132.34285714285713,90.7944732297064,Within Expected
145,2,108.36,104.76,4,3.5999999999999943,899.9999999999986,99.45714285714286,108.95145073254812,Within Expected
195,2,140.67,129.61,12,11.059999999999974,921.6666666666645,143.9857142857143,97.69719218176405,Within Expected
98,1,66.66,48.19,16,18.47,1154.375,54.0,123.44444444444444,Above Expected
156,2,121.27,119.87,3,1.3999999999999915,466.66666666666384,109.85714285714286,110.3888166449935,Above Expected
145,2,104.5,95.03,16,9.469999999999999,591.8749999999999,99.45714285714286,105.07038207411664,Within Expected
149,2,107.01,102.82,4,4.190000000000012,1047.500000000003,103.28571428571429,103.60580912863071,Within Expected
66,0,32.77,28.64,6,4.130000000000003,688.3333333333338,26.928571428571427,121.69230769230772,Above Expected
160,2,125.71,103.53,18,22.179999999999993,1232.222222222222,113.57142857142857,110.6880503144654,Above Expected
192,2,150.2,132.81,14,17.389999999999986,1242.1428571428562,141.54285714285714,106.1162696810658,Within Expected
79,1,44.8,40.21,8,4.589999999999996,573.7499999999995,37.08571428571428,120.80123266563945,Above Expected
184,2,114.25,106.91,10,7.340000000000003,734.0000000000003,134.88571428571427,84.7013344630375,Below Expected
175,2,111.78,109.03,3,2.75,916.6666666666666,127.2,87.87735849056604,Below Expected
159,2,117.81,106.97,12,10.840000000000003,903.3333333333336,112.64285714285714,104.5871908687381,Within Expected
65,0,23.46,16.13,11,7.330000000000002,666.3636363636365,26.185714285714283,89.59083469721769,Below Expected
114,1,75.12,65.61,11,9.510000000000005,864.5454545454551,69.24285714285713,108.48772436558698,Within Expected
188,2,152.93,138.23,20,14.700000000000017,735.0000000000009,138.25714285714284,110.61272990287252,Above Expected
141,2,92.77,78.76,18,14.009999999999991,778.3333333333329,95.57142857142857,97.06875934230193,Within Expected
126,2,54.98,45.67,16,9.309999999999995,581.8749999999997,81.0,67.87654320987654,Below Expected
149,2,90.7,74.66,13,16.040000000000006,1233.8461538461543,103.28571428571429,87.8146611341632,Below Expected
192,2,150.49,147.39,4,3.1000000000000227,775.0000000000057,141.54285714285714,106.32115462252725,Within Expected
26,0,6.67,5.87,4,0.7999999999999998,199.99999999999994,6.9,96.66666666666666,Within Expected
189,2,147.62,143.46,6,4.159999999999997,693.3333333333328,139.1,106.12508986340762,Within Expected
124,1,83.45,73.3,10,10.150000000000006,1015.0000000000006,79.02857142857142,105.59472161966741,Within Expected
166,2,121.49,106.5,14,14.989999999999995,1070.7142857142853,119.14285714285714,101.97002398081534,Within Expected
119,1,71.92,54.63,11,17.29,1571.8181818181818,74.1,97.05802968960865,Within Expected
119,1,75.72,61.19,14,14.530000000000001,1037.8571428571431,74.1,102.18623481781377,Within Expected
156,2,96.1,87.04,12,9.059999999999988,754.999999999999,109.85714285714286,87.47724317295187,Below Expected
126,2,78.31,64.49,18,13.820000000000007,767.7777777777782,81.0,96.67901234567901,Within Expected
99,1,54.68,45.65,15,9.030000000000001,602.0000000000001,54.92857142857143,99.54746423927178,Within Expected
126,2,93.55,87.49,7,6.060000000000002,865.714285714286,81.0,115.49382716049384,Above Expected
118,1,76.82,56.98,16,19.839999999999996,1239.9999999999998,73.12857142857142,105.04786091033405,Within Expected
180,2,125.74,121.7,4,4.039999999999992,1009.999999999998,131.48571428571427,95.63016079965233,Within Expected
58,0,20.72,11.34,15,9.379999999999999,625.3333333333333,21.2,97.73584905660377,Within Expected
59,0,22.22,8.59,15,13.629999999999999,908.6666666666666,21.9,101.46118721461188,Within Expected
145,2,100.68,83.67,15,17.010000000000005,1134.0000000000005,99.45714285714286,101.2295317437518,Within Expected
73,1,30.82,23.66,9,7.16,795.5555555555555,32.25714285714285,95.54472984942429,Within Expected
131,2,87.38,71.09,14,16.289999999999992,1163.571428571428,85.85714285714286,101.7737104825291,Within Expected
92,1,48.93,33.84,19,15.089999999999996,794.2105263157893,48.42857142857143,101.03539823008849,Within Expected
74,1,36.04,27.6,9,8.439999999999998,937.7777777777775,33.042857142857144,109.07047124945957,Within Expected
178,2,131.54,112.43,18,19.109999999999985,1061.6666666666658,129.77142857142857,101.36283575517393,Within Expected
58,0,24.74,21.44,7,3.299999999999997,471.42857142857105,21.2,116.69811320754717,Above Expected
181,2,126.1,105.79,20,20.309999999999988,1015.4999999999994,132.34285714285713,95.28281519861831,Within Expected
60,0,23.39,13.79,15,9.600000000000001,640.0000000000001,22.6,103.49557522123894,Within Expected
65,0,20.17,13.02,10,7.150000000000002,715.0000000000002,26.185714285714283,77.02673213311513,Below Expected
140,2,72.69,62.28,15,10.409999999999997,693.9999999999998,94.6,76.83932346723044,Below Expected
152,2,111.73,95.72,17,16.010000000000005,941.7647058823533,106.11428571428571,105.29213785675822,Within Expected
125,1,80.29,74.38,7,5.910000000000011,844.2857142857158,80.01428571428572,100.34458132476342,Within Expected
184,2,110.31,102.99,10,7.320000000000007,732.0000000000008,134.88571428571427,81.78034314763822,Below Expected
148,2,118.79,102.98,17,15.810000000000002,930.0000000000001,102.34285714285714,116.07063093243998,Above Expected
171,2,154.68,146.41,9,8.27000000000001,918.8888888888899,123.65714285714286,125.08780036968577,Above Expected
158,2,144.62,135.72,8,8.900000000000006,1112.5000000000007,111.71428571428571,129.45524296675194,Above Expected
92,1,43.89,27.96,20,15.93,796.5,48.42857142857143,90.62831858407078,Within Expected
45,0,16.2,14.3,4,1.8999999999999986,474.99999999999966,13.571428571428571,119.36842105263156,Above Expected
176,2,120.19,106.89,20,13.299999999999997,664.9999999999998,128.05714285714285,93.85653726015171,Within Expected
97,1,54.25,47.57,17,6.68,392.94117647058823,53.07142857142857,102.22072678331091,Within Expected
111,1,60.49,53.16,6,7.330000000000005,1221.6666666666677,66.32857142857142,91.19750161533491,Within Expected
126,2,62.11,52.89,13,9.219999999999999,709.230769230769,81.0,76.67901234567901,Below Expected
149,2,98.28,94.74,5,3.5400000000000063,708.0000000000013,103.28571428571429,95.15352697095435,Within Expected
68,0,28.5,15.0,18,13.5,750.0,28.414285714285715,100.30165912518854,Within Expected
130,2,114.98,104.16,16,10.820000000000007,676.2500000000005,84.88571428571429,135.45270952541233,Above Expected
49,0,14.52,13.86,3,0.6600000000000001,220.00000000000006,15.4,94.28571428571428,Within Expected
194,2,131.42,122.37,15,9.049999999999983,603.3333333333321,143.17142857142858,91.79205747355816,Within Expected
147,2,121.85,101.5,16,20.349999999999994,1271.8749999999995,101.4,120.16765285996054,Above Expected
56,0,15.34,10.02,7,5.32,760.0,19.8,77.47474747474747,Below Expected
92,1,63.11,56.2,12,6.909999999999997,575.833333333333,48.42857142857143,130.3156342182891,Above Expected
146,2,100.36,89.9,21,10.459999999999994,498.0952380952378,100.42857142857143,99.93172119487909,Within Expected
82,1,35.57,28.15,8,7.420000000000002,927.5000000000002,39.614285714285714,89.79084024522179,Below Expected
122,1,86.51,81.06,5,5.450000000000003,1090.0000000000005,77.05714285714285,112.26733407489806,Above Expected
49,0,14.08,11.06,6,3.0199999999999996,503.3333333333333,15.4,91.42857142857143,Within Expected
125,1,87.05,83.38,4,3.6700000000000017,917.5000000000005,80.01428571428572,108.79307266559542,Within Expected
84,1,41.12,39.7,3,1.4199999999999946,473.33333333333155,41.3,99.56416464891042,Within Expected
162,2,116.67,103.43,11,13.239999999999995,1203.636363636363,115.42857142857143,101.07549504950495,Within Expected
51,0,14.9,10.66,9,4.24,471.11111111111114,16.65714285714286,89.45111492281303,Below Expected
182,2,154.43,134.79,21,19.640000000000015,935.238095238096,133.2,115.93843843843845,Above Expected
137,2,88.4,82.48,8,5.920000000000002,740.0000000000002,91.68571428571428,96.41632907447803,Within Expected
193,2,179.47,169.59,9,9.879999999999995,1097.7777777777774,142.35714285714286,126.07024586051179,Above Expected
110,1,68.67,62.6,5,6.07,1214.0,65.35714285714286,105.06885245901638,Within Expected
193,2,178.34,172.93,5,5.409999999999997,1081.9999999999993,142.35714285714286,125.27646763672855,Above Expected
62,0,24.61,18.89,21,5.719999999999999,272.38095238095235,24.0,102.54166666666666,Within Expected
46,0,13.34,5.7,17,7.64,449.4117647058823,14.028571428571428,95.09164969450102,Within Expected
146,2,91.98,87.54,3,4.439999999999998,1479.9999999999993,100.42857142857143,91.58748221906117,Within Expected
147,2,104.82,93.59,8,11.22999999999999,1403.7499999999986,101.4,103.37278106508873,Within Expected
125,1,56.56,48.83,9,7.730000000000004,858.8888888888894,80.01428571428572,70.68737725406177,Below Expected
143,2,75.42,62.63,15,12.79,852.6666666666666,97.51428571428572,77.34251391737475,Below Expected
192,2,147.52,130.1,21,17.420000000000016,829.5238095238103,141.54285714285714,104.22285022204281,Within Expected
86,1,32.94,29.48,3,3.4599999999999973,1153.3333333333323,43.07142857142857,76.4776119402985,Below Expected
170,2,140.29,134.14,7,6.150000000000006,878.5714285714294,122.77142857142857,114.26925762159645,Above Expected
166,2,128.2,124.42,4,3.779999999999987,944.9999999999967,119.14285714285714,107.60191846522783,Within Expected
34,0,10.74,8.21,9,2.5299999999999994,281.11111111111103,9.185714285714287,116.92068429237945,Above Expected
74,1,32.37,17.16,20,15.209999999999997,760.4999999999999,33.042857142857144,97.96368352788585,Within Expected
57,0,15.48,4.39,11,11.09,1008.181818181818,20.5,75.51219512195122,Below Expected
149,2,103.07,89.24,13,13.829999999999998,1063.8461538461536,103.28571428571429,99.7911479944675,Within Expected
48,0,15.18,13.1,4,2.08,520.0,14.942857142857143,101.5869980879541,Within Expected
99,1,58.67,44.35,13,14.32,1101.5384615384617,54.92857142857143,106.81144343302991,Within Expected
164,2,136.33,132.69,4,3.640000000000015,910.0000000000036,117.28571428571429,116.23751522533496,Above Expected
136,2,106.16,96.48,9,9.679999999999993,1075.5555555555547,90.71428571428571,117.02677165354332,Above Expected
87,1,43.32,21.73,20,21.59,1079.5,43.957142857142856,98.55053623659408,Within Expected
167,2,126.84,123.71,3,3.1300000000000097,1043.3333333333367,120.07142857142857,105.63712076145153,Within Expected
157,2,98.95,95.0,3,3.950000000000003,1316.6666666666677,110.78571428571429,89.31656995486782,Below Expected
67,0,26.59,20.22,11,6.370000000000001,579.0909090909092,27.67142857142857,96.09189468249872,Within Expected
56,0,19.62,5.71,18,13.91,772.7777777777778,19.8,99.0909090909091,Within Expected
144,2,102.36,94.71,9,7.650000000000006,850.0000000000007,98.48571428571428,103.93385552654482,Within Expected
127,2,85.9,82.22,5,3.680000000000007,736.0000000000014,81.97142857142858,104.7926106657372,Within Expected
52,0,20.06,13.78,13,6.279999999999999,483.07692307692304,17.285714285714285,116.0495867768595,Above Expected
157,2,79.06,65.85,11,13.210000000000008,1200.9090909090917,110.78571428571429,71.36299161831077,Below Expected
172,2,123.76,118.13,11,5.63000000000001,511.8181818181827,124.54285714285714,99.371415462262,Within Expected
121,1,89.27,74.59,14,14.679999999999993,1048.571428571428,76.07142857142857,117.35023474178404,Above Expected
148,2,100.58,97.54,4,3.039999999999992,759.999999999998,102.34285714285714,98.27749860413178,Within Expected
86,1,49.2,38.95,10,10.25,1025.0,43.07142857142857,114.22885572139305,Above Expected
44,0,17.42,12.66,16,4.760000000000002,297.5000000000001,13.114285714285714,132.8322440087146,Above Expected
105,1,70.54,62.39,13,8.150000000000006,626.9230769230774,60.5,116.59504132231406,Above Expected
66,0,26.12,3.38,17,22.740000000000002,1337.6470588235297,26.928571428571427,96.99734748010611,Within Expected
94,1,42.85,34.76,8,8.090000000000003,1011.2500000000005,50.285714285714285,85.21306818181819,Below Expected
101,1,59.59,54.8,7,4.790000000000006,684.2857142857151,56.785714285714285,104.93836477987422,Within Expected
62,0,22.58,11.72,14,10.859999999999998,775.7142857142856,24.0,94.08333333333333,Within Expected
99,1,49.96,32.46,15,17.5,1166.6666666666667,54.92857142857143,90.95448634590377,Within Expected
168,2,121.44,113.37,17,8.069999999999993,474.70588235294076,121.0,100.36363636363636,Within Expected
72,1,29.55,24.71,6,4.84,806.6666666666666,31.47142857142857,93.89468906037222,Within Expected
48,0,15.48,7.95,16,7.53,470.625,14.942857142857143,103.59464627151051,Within Expected
193,2,125.96,103.59,21,22.36999999999999,1065.238095238095,142.35714285714286,88.48168590065228,Below Expected
173,2,140.27,127.84,11,12.430000000000007,1130.0000000000005,125.42857142857143,111.83257403189066,Above Expected
88,1,49.2,46.88,3,2.3200000000000003,773.3333333333335,44.84285714285714,109.71647021344377,Within Expected
178,2,113.98,99.48,17,14.5,852.9411764705882,129.77142857142857,87.83135182738881,Below Expected
71,1,30.57,16.68,17,13.89,817.0588235294118,30.685714285714283,99.62290502793297,Within Expected
171,2,114.78,95.61,18,19.17,1065.0000000000002,123.65714285714286,92.82116451016635,Within Expected
67,0,25.88,15.64,18,10.239999999999998,568.8888888888888,27.67142857142857,93.52607124419204,Within Expected
53,0,15.52,3.79,18,11.73,651.6666666666667,17.914285714285715,86.6347687400319,Below Expected
191,2,120.9,118.54,3,2.3599999999999994,786.6666666666665,140.72857142857143,85.91005989239672,Below Expected
36,0,11.63,9.97,7,1.6600000000000001,237.14285714285717,9.885714285714286,117.64450867052022,Above Expected
193,2,183.19,170.05,15,13.139999999999986,875.9999999999991,142.35714285714286,128.6833918715504,Above Expected
182,2,98.78,80.76,20,18.019999999999996,900.9999999999998,133.2,74.15915915915917,Below Expected
75,1,36.28,23.36,20,12.920000000000002,646.0000000000001,33.82857142857143,107.24662162162161,Within Expected
124,1,93.89,87.04,6,6.849999999999994,1141.6666666666656,79.02857142857142,118.8051337671728,Above Expected
191,2,142.36,122.75,19,19.610000000000014,1032.1052631578955,140.72857142857143,101.15927317023655,Within Expected
55,0,23.38,11.62,19,11.76,618.9473684210526,19.17142857142857,121.95230998509687,Above Expected
40,0,10.92,6.79,11,4.13,375.45454545454544,11.428571428571429,95.55,Within Expected
108,1,76.17,63.76,9,12.410000000000004,1378.8888888888894,63.41428571428571,120.11489074115794,Above Expected
87,1,33.87,16.13,19,17.74,933.6842105263157,43.957142857142856,77.0523236919077,Below Expected
158,2,101.47,96.34,5,5.1299999999999955,1025.999999999999,111.71428571428571,90.8299232736573,Within Expected
155,2,129.77,120.41,16,9.360000000000014,585.0000000000009,108.92857142857143,119.13311475409836,Above Expected
105,1,66.71,64.3,3,2.4099999999999966,803.3333333333322,60.5,110.26446280991735,Above Expected
194,2,109.2,100.24,11,8.960000000000008,814.5454545454552,143.17142857142858,76.2722011574536,Below Expected
90,1,41.93,38.84,4,3.0899999999999963,772.4999999999991,46.614285714285714,89.95096536929206,Below Expected
114,1,80.68,71.79,13,8.89,683.8461538461539,69.24285714285713,116.51743346399837,Above Expected
112,1,63.53,44.67,19,18.86,992.6315789473684,67.3,94.39821693907876,Within Expected
176,2,147.27,141.13,15,6.140000000000015,409.33333333333434,128.05714285714285,115.0033467202142,Above Expected
57,0,18.32,14.2,7,4.120000000000001,588.5714285714288,20.5,89.3658536585366,Below Expected
92,1,34.76,32.38,3,2.3799999999999955,793.3333333333318,48.42857142857143,71.77581120943952,Below Expected
73,1,34.9,29.57,8,5.329999999999998,666.2499999999998,32.25714285714285,108.19309123117804,Within Expected
90,1,49.41,33.74,19,15.669999999999995,824.7368421052629,46.614285714285714,105.9975482684646,Within Expected
75,1,30.31,25.56,8,4.75,593.75,33.82857142857143,89.59881756756755,Below Expected
184,2,92.55,73.44,19,19.11,1005.7894736842105,134.88571428571427,68.61364117771659,Below Expected
74,1,32.09,22.86,10,9.230000000000004,923.0000000000003,33.042857142857144,97.116299178556,Within Expected
157,2,126.11,99.84,20,26.269999999999996,1313.5,110.78571428571429,113.83236621534493,Above Expected
111,1,60.12,51.03,8,9.089999999999996,1136.2499999999995,66.32857142857142,90.63967262545768,Within Expected
126,2,72.97,65.72,8,7.25,906.25,81.0,90.08641975308642,Within Expected
115,1,77.06,55.76,18,21.300000000000004,1183.3333333333335,70.21428571428571,109.74974567650054,Within Expected
196,2,155.52,139.58,17,15.939999999999998,937.6470588235293,144.8,107.40331491712706,Within Expected
137,2,98.7,92.85,6,5.8500000000000085,975.0000000000014,91.68571428571428,107.65035836709257,Within Expected
58,0,20.22,11.35,16,8.87,554.375,21.2,95.37735849056604,Within Expected
45,0,13.56,4.22,19,9.34,491.57894736842104,13.571428571428571,99.91578947368421,Within Expected
179,2,140.28,121.37,21,18.909999999999997,900.4761904761904,130.62857142857143,107.38845144356955,Within Expected
113,1,85.73,78.49,15,7.240000000000009,482.6666666666673,68.27142857142857,125.5722954593011,Above Expected
177,2,117.05,111.92,7,5.1299999999999955,732.8571428571422,128.9142857142857,90.79676418439716,Within Expected
161,2,98.11,79.83,18,18.28,1015.5555555555555,114.5,85.68558951965065,Below Expected
175,2,123.02,115.83,8,7.189999999999998,898.7499999999998,127.2,96.71383647798741,Within Expected
109,1,63.35,48.95,12,14.399999999999999,1200.0,64.38571428571429,98.3913911692922,Within Expected
144,2,143.28,128.46,15,14.819999999999993,987.9999999999995,98.48571428571428,145.48302872062663,Above Expected
154,2,80.84,74.8,5,6.040000000000006,1208.0000000000014,108.0,74.85185185185186,Below Expected
139,2,103.89,87.72,21,16.17,770.0000000000001,93.62857142857142,110.95971925541654,Above Expected
153,2,117.31,109.85,9,7.460000000000008,828.8888888888898,107.05714285714286,109.57699492927675,Within Expected
59,0,19.13,15.29,4,3.84,960.0,21.9,87.35159817351598,Below Expected
45,0,15.04,7.37,16,7.669999999999999,479.37499999999994,13.571428571428571,110.82105263157895,Above Expected
93,1,49.62,42.23,11,7.390000000000001,671.8181818181819,49.357142857142854,100.53256150506513,Within Expected
102,1,50.88,32.6,18,18.28,1015.5555555555555,57.714285714285715,88.15841584158416,Below Expected
146,2,88.35,68.82,16,19.53,1220.625,100.42857142857143,87.97297297297297,Below Expected
61,0,17.76,10.28,10,7.480000000000002,748.0000000000002,23.3,76.22317596566523,Below Expected
44,0,13.38,5.88,15,7.500000000000001,500.0000000000001,13.114285714285714,102.02614379084969,Within Expected
37,0,8.54,7.23,3,1.3099999999999987,436.66666666666623,10.27142857142857,83.14325452016689,Below Expected
151,2,85.67,79.39,17,6.280000000000001,369.41176470588243,105.17142857142858,81.45748437924478,Below Expected
111,1,59.55,55.67,5,3.8799999999999955,775.9999999999991,66.32857142857142,89.78031445186302,Below Expected
141,2,116.94,114.69,3,2.25,750.0,95.57142857142857,122.35874439461882,Above Expected
172,2,115.35,111.96,5,3.3900000000000006,678.0000000000001,124.54285714285714,92.618719889883,Within Expected
61,0,23.34,15.61,12,7.73,644.1666666666666,23.3,100.17167381974248,Within Expected
85,1,42.55,36.13,9,6.419999999999995,713.3333333333327,42.18571428571428,100.86352861496783,Within Expected
44,0,13.54,7.57,14,5.969999999999999,426.42857142857133,13.114285714285714,103.24618736383442,Within Expected
41,0,13.82,10.02,10,3.8000000000000007,380.00000000000006,11.814285714285713,116.97702539298672,Above Expected
64,0,25.98,13.33,15,12.65,843.3333333333334,25.442857142857143,102.1111734980348,Within Expected
102,1,59.33,40.64,19,18.689999999999998,983.6842105263157,57.714285714285715,102.79950495049503,Within Expected
169,2,78.56,61.8,18,16.760000000000005,931.1111111111114,121.88571428571429,64.4538209095171,Below Expected
88,1,45.18,32.88,13,12.299999999999997,946.1538461538458,44.84285714285714,100.75183179356483,Within Expected
169,2,99.95,84.25,21,15.700000000000003,747.6190476190477,121.88571428571429,82.00304735114862,Below Expected
142,2,88.93,75.53,21,13.400000000000006,638.0952380952384,96.54285714285714,92.11453092630957,Within Expected
149,2,114.98,101.08,18,13.900000000000006,772.2222222222226,103.28571428571429,111.3222683264177,Above Expected
164,2,110.66,92.44,19,18.22,958.9473684210526,117.28571428571429,94.35079171741776,Within Expected
149,2,82.84,77.91,6,4.930000000000007,821.6666666666678,103.28571428571429,80.20470262793914,Below Expected
43,0,12.0,10.08,4,1.92,480.0,12.657142857142857,94.80812641083521,Within Expected
192,2,102.21,89.56,17,12.649999999999991,744.117647058823,141.54285714285714,72.21134436818731,Below Expected
128,2,98.52,87.08,13,11.439999999999998,879.9999999999998,82.94285714285714,118.78057182225285,Above Expected
104,1,50.58,38.58,13,12.0,923.0769230769231,59.57142857142857,84.90647482014388,Below Expected
100,1,63.74,52.18,14,11.560000000000002,825.7142857142859,55.857142857142854,114.11253196930949,Above Expected
122,1,89.33,87.36,3,1.9699999999999989,656.6666666666663,77.05714285714285,115.92695587690028,Above Expected
132,2,70.04,64.79,5,5.25,1050.0,86.82857142857142,80.6646923330043,Below Expected
105,1,55.4,42.78,19,12.619999999999997,664.2105263157894,60.5,91.5702479338843,Within Expected
162,2,114.6,110.48,3,4.11999999999999,1373.33333333333,115.42857142857143,99.28217821782177,Within Expected
143,2,112.35,102.43,14,9.919999999999987,708.5714285714276,97.51428571428572,115.21388807500732,Above Expected
73,1,36.4,31.48,6,4.919999999999998,819.9999999999998,32.25714285714285,112.84322409211694,Above Expected
33,0,9.99,8.61,6,1.3800000000000008,230.0000000000001,8.871428571428572,112.6086956521739,Above Expected
176,2,121.72,115.72,9,6.0,666.6666666666666,128.05714285714285,95.05131637661759,Within Expected
146,2,126.12,112.49,20,13.63000000000001,681.5000000000005,100.42857142857143,125.58179231863443,Above Expected
166,2,132.16,126.02,7,6.140000000000001,877.1428571428572,119.14285714285714,110.92565947242205,Above Expected
56,0,16.59,12.48,5,4.109999999999999,821.9999999999999,19.8,83.78787878787878,Below Expected
147,2,64.64,57.41,7,7.230000000000004,1032.8571428571433,101.4,63.74753451676528,Below Expected
86,1,42.46,35.64,12,6.82,568.3333333333334,43.07142857142857,98.5804311774461,Within Expected
128,2,83.69,79.51,4,4.179999999999993,1044.9999999999982,82.94285714285714,100.9007922838443,Within Expected
60,0,22.6,17.82,7,4.780000000000001,682.857142857143,22.6,100.0,Within Expected
149,2,115.69,102.64,19,13.049999999999997,686.8421052631577,103.28571428571429,112.00968188105116,Above Expected
137,2,80.88,55.88,19,24.999999999999993,1315.7894736842102,91.68571428571428,88.21439700841384,Below Expected
154,2,90.79,84.5,6,6.290000000000006,1048.3333333333344,108.0,84.06481481481482,Below Expected
99,1,49.79,42.4,6,7.390000000000001,1231.6666666666667,54.92857142857143,90.6449934980494,Within Expected
110,1,67.07,48.39,15,18.679999999999993,1245.3333333333328,65.35714285714286,102.62076502732238,Within Expected
95,1,53.81,38.1,17,15.71,924.1176470588236,51.214285714285715,105.06834030683403,Within Expected
195,2,151.69,136.9,17,14.789999999999992,869.9999999999995,143.9857142857143,105.35072923901181,Within Expected
156,2,73.45,63.62,9,9.830000000000005,1092.2222222222229,109.85714285714286,66.85955786736021,Below Expected
115,1,59.93,55.89,6,4.039999999999999,673.3333333333333,70.21428571428571,85.353001017294,Below Expected
155,2,115.47,83.84,21,31.629999999999995,1506.1904761904761,108.92857142857143,106.00524590163933,Within Expected
133,2,97.17,82.84,15,14.329999999999998,955.3333333333333,87.8,110.67198177676538,Above Expected
55,0,19.01,15.43,5,3.580000000000002,716.0000000000005,19.17142857142857,99.15797317436663,Within Expected
188,2,140.05,124.92,14,15.13000000000001,1080.7142857142865,138.25714285714284,101.29675552800168,Within Expected
178,2,135.28,126.28,10,9.0,900.0,129.77142857142857,104.24482606781153,Within Expected
98,1,51.52,44.25,13,7.270000000000003,559.2307692307694,54.0,95.40740740740742,Within Expected
158,2,131.54,119.45,12,12.08999999999999,1007.4999999999992,111.71428571428571,117.74680306905371,Above Expected
118,1,78.82,77.45,3,1.3699999999999903,456.66666666666345,73.12857142857142,107.78277007227975,Within Expected
186,2,135.26,130.39,10,4.8700000000000045,487.00000000000045,136.57142857142856,99.03974895397491,Within Expected
54,0,14.08,3.98,15,10.1,673.3333333333334,18.542857142857144,75.9322033898305,Below Expected
75,1,32.99,17.26,17,15.73,925.2941176470588,33.82857142857143,97.52111486486487,Within Expected
81,1,48.65,40.13,10,8.519999999999996,851.9999999999997,38.77142857142857,125.47899778924096,Above Expected
118,1,75.82,71.24,6,4.579999999999998,763.333333333333,73.12857142857142,103.68040632936119,Within Expected
93,1,52.11,37.24,16,14.869999999999997,929.3749999999999,49.357142857142854,105.57742402315486,Within Expected
133,2,102.18,73.31,20,28.870000000000005,1443.5000000000002,87.8,116.37813211845102,Above Expected
152,2,120.54,108.42,13,12.120000000000005,932.3076923076926,106.11428571428571,113.59450726978999,Above Expected
109,1,71.4,63.57,6,7.830000000000005,1305.000000000001,64.38571428571429,110.89416463279345,Above Expected
96,1,51.0,40.05,11,10.950000000000003,995.4545454545457,52.142857142857146,97.80821917808218,Within Expected
36,0,11.47,7.05,11,4.420000000000001,401.8181818181819,9.885714285714286,116.02601156069366,Above Expected
135,2,90.05,77.25,15,12.799999999999997,853.3333333333331,89.74285714285713,100.3422476918179,Within Expected
147,2,76.76,58.27,13,18.490000000000002,1422.3076923076926,101.4,75.70019723865877,Below Expected
154,2,100.8,88.18,13,12.61999999999999,970.76923076923,108.0,93.33333333333333,Within Expected
79,1,37.9,20.8,15,17.099999999999998,1140.0,37.08571428571428,102.19568567026194,Within Expected
79,1,35.13,25.27,17,9.860000000000003,580.0000000000002,37.08571428571428,94.7265023112481,Within Expected
131,2,86.71,77.73,9,8.97999999999999,997.7777777777767,85.85714285714286,100.99334442595674,Within Expected
146,2,107.28,95.79,14,11.489999999999995,820.7142857142854,100.42857142857143,106.8221906116643,Within Expected
171,2,131.12,120.87,11,10.25,931.8181818181818,123.65714285714286,106.03512014787431,Within Expected
52,0,17.07,7.07,20,10.0,500.0,17.285714285714285,98.75206611570249,Within Expected
169,2,90.67,81.52,13,9.150000000000006,703.8461538461543,121.88571428571429,74.38935771214253,Below Expected
156,2,117.0,107.22,20,9.780000000000001,489.00000000000006,109.85714285714286,106.50195058517555,Within Expected
102,1,67.03,52.35,21,14.68,699.047619047619,57.714285714285715,116.1410891089109,Above Expected
115,1,72.39,54.48,19,17.910000000000004,942.6315789473686,70.21428571428571,103.09867751780266,Within Expected
74,1,34.84,32.46,3,2.3800000000000026,793.3333333333342,33.042857142857144,105.43882403804584,Within Expected
186,2,128.81,112.15,18,16.659999999999997,925.5555555555553,136.57142857142856,94.31694560669457,Within Expected
149,2,122.61,119.22,4,3.3900000000000006,847.5000000000001,103.28571428571429,118.70954356846472,Above Expected
132,2,79.38,58.2,17,21.179999999999993,1245.882352941176,86.82857142857142,91.42152023692005,Within Expected
138,2,85.58,67.75,18,17.83,990.5555555555554,92.65714285714286,92.36201048411964,Within Expected
142,2,103.33,86.33,19,17.0,894.7368421052631,96.54285714285714,107.030186445694,Within Expected
101,1,52.22,35.79,19,16.43,864.7368421052631,56.785714285714285,91.95974842767296,Within Expected
164,2,129.21,124.56,4,4.650000000000006,1162.5000000000014,117.28571428571429,110.16686967113276,Above Expected
187,2,116.92,105.65,8,11.269999999999996,1408.7499999999995,137.4142857142857,85.0857677513255,Below Expected
63,0,25.42,16.2,11,9.220000000000002,838.1818181818184,24.7,102.91497975708504,Within Expected
143,2,91.73,78.13,19,13.600000000000009,715.789473684211,97.51428571428572,94.06826838558453,Within Expected
103,1,48.14,40.5,7,7.640000000000001,1091.4285714285713,58.642857142857146,82.09013398294762,Below Expected
173,2,144.13,140.15,4,3.9799999999999898,994.9999999999975,125.42857142857143,114.91002277904327,Above Expected
174,2,119.45,111.52,8,7.930000000000007,991.2500000000009,126.31428571428572,94.56570911558471,Within Expected
69,0,22.07,12.78,15,9.290000000000001,619.3333333333334,29.157142857142855,75.69328760411564,Below Expected
145,2,84.9,82.84,3,2.0600000000000023,686.6666666666674,99.45714285714286,85.36340132145935,Below Expected
77,1,25.42,17.92,8,7.5,937.5,35.4,71.80790960451978,Below Expected
185,2,152.44,138.93,15,13.509999999999991,900.6666666666661,135.72857142857143,112.31238816966635,Above Expected
192,2,118.91,103.83,16,15.079999999999998,942.4999999999999,141.54285714285714,84.009890997174,Below Expected
99,1,46.95,40.01,11,6.940000000000005,630.9090909090913,54.92857142857143,85.47464239271781,Below Expected
185,2,138.14,134.98,3,3.1599999999999966,1053.3333333333321,135.72857142857143,101.776655088938,Within Expected
83,1,45.9,40.56,7,5.339999999999996,762.8571428571423,40.457142857142856,113.45338983050848,Above Expected
152,2,117.82,94.18,20,23.639999999999986,1181.9999999999993,106.11428571428571,111.03123317178243,Above Expected
80,1,37.04,23.78,16,13.259999999999998,828.7499999999999,37.92857142857142,97.65725047080981,Within Expected
145,2,111.09,98.77,15,12.320000000000007,821.3333333333338,99.45714285714286,111.69635162309682,Above Expected
167,2,113.19,103.1,14,10.090000000000003,720.714285714286,120.07142857142857,94.26888756692445,Within Expected
78,1,33.54,26.84,7,6.699999999999999,957.1428571428571,36.24285714285714,92.54237288135594,Within Expected
133,2,92.5,76.58,12,15.920000000000002,1326.666666666667,87.8,105.35307517084283,Within Expected
132,2,73.9,53.02,19,20.880000000000003,1098.9473684210527,86.82857142857142,85.1102336294834,Below Expected
159,2,94.1,82.48,13,11.61999999999999,893.846153846153,112.64285714285714,83.53836398224476,Below Expected
176,2,132.63,116.93,15,15.699999999999989,1046.666666666666,128.05714285714285,103.57095046854083,Within Expected
70,1,24.39,15.27,16,9.120000000000001,570.0000000000001,29.9,81.57190635451505,Below Expected
74,1,37.49,25.7,16,11.790000000000003,736.8750000000001,33.042857142857144,113.45871162991786,Above Expected
142,2,90.11,88.23,3,1.8799999999999955,626.6666666666652,96.54285714285714,93.33678603137022,Within Expected
104,1,67.78,49.25,15,18.53,1235.3333333333335,59.57142857142857,113.77937649880097,Above Expected
117,1,76.84,71.41,4,5.430000000000007,1357.5000000000018,72.15714285714286,106.48980399920809,Within Expected
193,2,164.29,152.81,13,11.47999999999999,883.0769230769223,142.35714285714286,115.40692423482186,Above Expected
45,0,11.06,5.11,13,5.95,457.69230769230774,13.571428571428571,81.49473684210527,Below Expected
184,2,97.56,77.0,20,20.560000000000002,1028.0,134.88571428571427,72.32789663206948,Below Expected
45,0,11.07,2.43,21,8.64,411.4285714285715,13.571428571428571,81.56842105263158,Below Expected
127,2,80.61,75.14,5,5.469999999999999,1093.9999999999998,81.97142857142858,98.3391425583827,Within Expected
67,0,26.97,15.6,16,11.37,710.625,27.67142857142857,97.46515229736707,Within Expected
87,1,39.69,30.32,13,9.369999999999997,720.7692307692306,43.957142857142856,90.2924926876828,Within Expected
85,1,40.83,32.97,9,7.859999999999999,873.3333333333333,42.18571428571428,96.78631899762952,Within Expected
174,2,115.86,111.09,11,4.769999999999996,433.6363636363633,126.31428571428572,91.72359194752319,Within Expected
67,0,28.09,22.2,12,5.890000000000001,490.83333333333337,27.67142857142857,101.51264842540012,Within Expected
157,2,139.72,129.94,8,9.780000000000001,1222.5000000000002,110.78571428571429,126.11734364925853,Above Expected
137,2,77.05,55.28,21,21.769999999999996,1036.6666666666665,91.68571428571428,84.03708320349018,Below Expected
185,2,133.67,119.57,18,14.099999999999994,783.333333333333,135.72857142857143,98.48331754552152,Within Expected
158,2,136.29,126.79,17,9.499999999999986,558.8235294117638,111.71428571428571,121.99872122762147,Above Expected
180,2,131.67,120.43,13,11.23999999999998,864.6153846153832,131.48571428571427,100.14015645371579,Within Expected
96,1,53.49,37.7,15,15.79,1052.6666666666667,52.142857142857146,102.58356164383562,Within Expected
148,2,100.67,89.95,16,10.719999999999999,669.9999999999999,102.34285714285714,98.36543830262423,Within Expected
171,2,140.36,128.57,14,11.79000000000002,842.1428571428586,123.65714285714286,113.50739371534198,Above Expected
107,1,56.42,39.75,18,16.67,926.1111111111112,62.44285714285714,90.35460992907801,Within Expected
36,0,9.85,6.01,9,3.84,426.66666666666663,9.885714285714286,99.63872832369941,Within Expected
112,1,51.84,29.52,19,22.320000000000004,1174.7368421052633,67.3,77.02823179791977,Below Expected
106,1,70.76,51.58,20,19.180000000000007,959.0000000000003,61.47142857142857,115.11038810132467,Above Expected
102,1,63.24,43.73,12,19.510000000000005,1625.8333333333337,57.714285714285715,109.57425742574259,Within Expected
96,1,60.27,57.2,4,3.0700000000000003,767.5000000000001,52.142857142857146,115.58630136986301,Above Expected
119,1,75.21,61.31,15,13.899999999999991,926.6666666666661,74.1,101.49797570850203,Within Expected
48,0,14.69,7.44,17,7.249999999999999,426.47058823529403,14.942857142857143,98.30783938814531,Within Expected
119,1,80.43,69.36,14,11.070000000000007,790.7142857142862,74.1,108.5425101214575,Within Expected
108,1,53.4,48.52,5,4.8799999999999955,975.9999999999991,63.41428571428571,84.20815498986258,Below Expected
52,0,15.13,12.44,5,2.6900000000000013,538.0000000000002,17.285714285714285,87.52892561983472,Below Expected
148,2,96.21,93.66,3,2.549999999999997,849.9999999999991,102.34285714285714,94.00753768844221,Within Expected
46,0,14.08,5.01,17,9.07,533.529411764706,14.028571428571428,100.36659877800406,Within Expected
196,2,141.27,128.16,19,13.110000000000014,690.0000000000007,144.8,97.5621546961326,Within Expected
146,2,103.94,95.81,12,8.129999999999995,677.4999999999997,100.42857142857143,103.49644381223328,Within Expected
117,1,92.45,83.33,9,9.120000000000005,1013.3333333333338,72.15714285714286,128.12314393189467,Above Expected
84,1,39.73,32.76,9,6.969999999999999,774.4444444444442,41.3,96.19854721549636,Within Expected
48,0,16.35,13.9,10,2.450000000000001,245.0000000000001,14.942857142857143,109.4168260038241,Within Expected
89,1,53.4,38.54,13,14.86,1143.076923076923,45.72857142857143,116.77600749765698,Above Expected
167,2,109.77,96.01,11,13.759999999999991,1250.90909090909,120.07142857142857,91.42058298631767,Within Expected
107,1,74.0,70.38,3,3.6200000000000045,1206.666666666668,62.44285714285714,118.50835049187829,Above Expected
70,1,28.95,11.34,15,17.61,1174.0,29.9,96.8227424749164,Within Expected
33,0,7.25,6.39,3,0.8600000000000003,286.6666666666668,8.871428571428572,81.72302737520128,Below Expected
64,0,23.57,14.14,20,9.43,471.5,25.442857142857143,92.63896687254352,Within Expected
131,2,80.65,74.16,6,6.490000000000009,1081.666666666668,85.85714285714286,93.9351081530782,Within Expected
180,2,135.71,127.45,8,8.260000000000005,1032.5000000000007,131.48571428571427,103.21273359408956,Within Expected
151,2,108.05,92.24,17,15.810000000000002,930.0000000000001,105.17142857142858,102.73702798152675,Within Expected
71,1,28.28,13.38,21,14.9,709.5238095238095,30.685714285714283,92.16014897579144,Within Expected
183,2,160.83,156.45,6,4.380000000000024,730.000000000004,134.04285714285714,119.98401364169243,Above Expected
185,2,140.76,128.54,11,12.219999999999999,1110.9090909090908,135.72857142857143,103.70697821281969,Within Expected
62,0,24.07,20.48,4,3.59,897.5,24.0,100.29166666666667,Within Expected
138,2,104.84,101.25,4,3.5900000000000034,897.5000000000009,92.65714285714286,113.14831945729263,Above Expected
189,2,157.33,139.76,20,17.57000000000002,878.500000000001,139.1,113.10567936736162,Above Expected
95,1,48.61,44.75,3,3.8599999999999994,1286.6666666666665,51.214285714285715,94.91492329149233,Within Expected
152,2,109.18,101.3,6,7.88000000000001,1313.333333333335,106.11428571428571,102.88906838987614,Within Expected
181,2,128.05,123.76,4,4.290000000000006,1072.5000000000016,132.34285714285713,96.75626079447325,Within Expected
187,2,138.21,120.59,19,17.620000000000005,927.3684210526318,137.4142857142857,100.5790622725855,Within Expected
159,2,131.42,123.92,11,7.499999999999986,681.8181818181805,112.64285714285714,116.66962587190868,Above Expected
166,2,122.06,110.51,15,11.549999999999997,769.9999999999998,119.14285714285714,102.4484412470024,Within Expected
159,2,94.55,81.13,14,13.420000000000002,958.5714285714288,112.64285714285714,83.93785668991757,Below Expected
195,2,170.49,164.21,7,6.280000000000001,897.1428571428573,143.9857142857143,118.4075801170751,Above Expected
177,2,142.28,122.33,17,19.950000000000003,1173.529411764706,128.9142857142857,110.36790780141845,Above Expected
84,1,42.11,35.91,7,6.200000000000003,885.7142857142861,41.3,101.96125907990314,Within Expected
122,1,63.35,42.77,21,20.58,979.9999999999999,77.05714285714285,82.21171672228404,Below Expected
58,0,15.98,4.13,15,11.850000000000001,790.0000000000001,21.2,75.37735849056604,Below Expected
121,1,56.83,46.33,12,10.5,875.0,76.07142857142857,74.70610328638497,Below Expected
87,1,38.88,24.87,20,14.010000000000002,700.5000000000001,43.957142857142856,88.44978875528112,Below Expected
113,1,73.68,48.33,20,25.35000000000001,1267.5000000000005,68.27142857142857,107.92215944758318,Within Expected
62,0,21.15,13.74,9,7.409999999999998,823.3333333333331,24.0,88.125,Below Expected
167,2,74.29,61.07,11,13.220000000000006,1201.8181818181824,120.07142857142857,61.87150505651399,Below Expected
42,0,12.47,10.25,10,2.2200000000000006,222.00000000000006,12.2,102.21311475409837,Within Expected
75,1,35.31,30.67,5,4.640000000000001,928.0000000000001,33.82857142857143,104.37922297297297,Within Expected
119,1,79.22,76.41,3,2.8100000000000023,936.6666666666674,74.1,106.90958164642377,Within Expected
162,2,114.51,102.51,17,12.0,705.8823529411765,115.42857142857143,99.20420792079209,Within Expected
192,2,143.14,139.89,4,3.25,812.5,141.54285714285714,101.12838110617682,Within Expected
157,2,110.13,93.81,18,16.319999999999993,906.6666666666663,110.78571428571429,99.40812379110251,Within Expected
51,0,19.01,7.57,18,11.440000000000001,635.5555555555557,16.65714285714286,114.12521440823326,Above Expected
145,2,104.57,97.85,13,6.719999999999999,516.9230769230768,99.45714285714286,105.14076414823326,Within Expected
85,1,46.47,38.53,13,7.939999999999998,610.7692307692306,42.18571428571428,110.15577378936673,Above Expected
42,0,12.4,9.01,5,3.3900000000000006,678.0000000000001,12.2,101.63934426229508,Within Expected
136,2,94.51,79.04,19,15.469999999999999,814.2105263157894,90.71428571428571,104.18425196850396,Within Expected
193,2,163.2,155.05,17,8.149999999999977,479.411764705881,142.35714285714286,114.64124435524334,Above Expected
181,2,112.63,103.32,9,9.310000000000002,1034.4444444444448,132.34285714285713,85.10470639032816,Below Expected
98,1,57.1,44.24,11,12.86,1169.090909090909,54.0,105.74074074074073,Within Expected
43,0,12.21,10.0,5,2.210000000000001,442.00000000000017,12.657142857142857,96.46726862302484,Within Expected
186,2,143.87,126.46,21,17.41000000000001,829.0476190476196,136.57142857142856,105.34414225941424,Within Expected
138,2,109.8,98.26,13,11.539999999999992,887.6923076923072,92.65714285714286,118.5013876040703,Above Expected
151,2,98.69,95.24,3,3.450000000000003,1150.000000000001,105.17142857142858,93.83727248030425,Within Expected
47,0,15.69,12.08,13,3.6099999999999994,277.6923076923076,14.485714285714286,108.3136094674556,Within Expected
73,1,32.01,23.2,8,8.809999999999999,1101.2499999999998,32.25714285714285,99.23383525243578,Within Expected
53,0,17.09,15.17,4,1.92,480.0,17.914285714285715,95.3987240829346,Within Expected
41,0,10.09,4.72,10,5.37,537.0,11.814285714285713,85.4050785973398,Below Expected
136,2,111.01,96.0,15,15.010000000000005,1000.6666666666671,90.71428571428571,122.3732283464567,Above Expected
78,1,36.7,29.41,7,7.290000000000003,1041.4285714285718,36.24285714285714,101.26133228222312,Within Expected
107,1,66.57,58.11,9,8.459999999999994,939.9999999999993,62.44285714285714,106.60947151681538,Within Expected
97,1,51.66,42.54,11,9.119999999999997,829.0909090909089,53.07142857142857,97.34051144010766,Within Expected
95,1,53.67,37.99,21,15.68,746.6666666666667,51.214285714285715,104.7949790794979,Within Expected
167,2,121.4,117.78,3,3.6200000000000045,1206.666666666668,120.07142857142857,101.10648423557407,Within Expected
70,1,25.55,20.48,6,5.07,845.0000000000001,29.9,85.45150501672242,Below Expected
148,2,80.89,70.78,15,10.11,673.9999999999999,102.34285714285714,79.03824678950308,Below Expected
190,2,133.88,119.24,19,14.64,770.5263157894738,139.9142857142857,95.68715540126608,Within Expected
127,2,75.14,73.51,3,1.6299999999999955,543.3333333333318,81.97142857142858,91.66608574416173,Within Expected
186,2,125.23,110.37,20,14.86,743.0,136.57142857142856,91.69560669456068,Within Expected
126,2,65.29,60.23,6,5.060000000000009,843.333333333335,81.0,80.60493827160494,Below Expected
94,1,45.89,36.45,11,9.439999999999998,858.1818181818179,50.285714285714285,91.25852272727273,Within Expected
119,1,67.48,58.89,5,8.590000000000003,1718.0000000000007,74.1,91.06612685560054,Within Expected
132,2,84.03,80.11,3,3.9200000000000017,1306.6666666666672,86.82857142857142,96.77690029615006,Within Expected
66,0,25.41,9.37,16,16.04,1002.5,26.928571428571427,94.3607427055703,Within Expected
94,1,47.23,35.98,15,11.25,750.0,50.285714285714285,93.92329545454545,Within Expected
167,2,135.91,120.49,17,15.420000000000002,907.0588235294119,120.07142857142857,113.19095776323618,Above Expected
167,2,117.44,114.15,4,3.289999999999992,822.499999999998,120.07142857142857,97.80844735276621,Within Expected
45,0,14.78,11.75,9,3.0299999999999994,336.66666666666663,13.571428571428571,108.90526315789472,Within Expected
146,2,100.93,90.26,15,10.670000000000002,711.3333333333335,100.42857142857143,100.49928876244667,Within Expected
172,2,124.71,111.43,16,13.279999999999987,829.9999999999992,124.54285714285714,100.13420509291122,Within Expected
46,0,14.46,8.72,14,5.74,410.00000000000006,14.028571428571428,103.07535641547862,Within Expected
168,2,117.39,108.86,11,8.530000000000001,775.4545454545455,121.0,97.01652892561984,Within Expected
29,0,8.21,6.48,6,1.7300000000000004,288.33333333333337,7.614285714285714,107.82363977485932,Within Expected
123,1,82.4,67.74,18,14.66000000000001,814.444444444445,78.04285714285714,105.58301299652206,Within Expected
147,2,84.15,78.87,7,5.280000000000001,754.2857142857144,101.4,82.98816568047337,Below Expected
159,2,110.52,103.24,11,7.280000000000001,661.818181818182,112.64285714285714,98.1154090044388,Within Expected
186,2,112.25,101.68,13,10.569999999999993,813.0769230769226,136.57142857142856,82.19142259414227,Below Expected
98,1,49.93,39.2,11,10.729999999999997,975.4545454545452,54.0,92.46296296296296,Within Expected
136,2,89.77,73.29,11,16.47999999999999,1498.181818181817,90.71428571428571,98.95905511811024,Within Expected
83,1,39.38,32.05,8,7.330000000000005,916.2500000000007,40.457142857142856,97.33757062146894,Within Expected
70,1,27.6,19.68,11,7.920000000000002,720.0000000000002,29.9,92.3076923076923,Within Expected
41,0,10.39,6.03,10,4.36,436.00000000000006,11.814285714285713,87.94437726723096,Below Expected
149,2,77.6,73.39,4,4.209999999999994,1052.4999999999984,103.28571428571429,75.13139695712309,Below Expected
143,2,93.75,81.18,12,12.569999999999993,1047.4999999999995,97.51428571428572,96.13975974216231,Within Expected
27,0,7.34,6.16,5,1.1799999999999997,235.99999999999994,7.1,103.38028169014083,Within Expected
50,0,16.79,15.54,3,1.25,416.6666666666667,16.02857142857143,104.75044563279856,Within Expected
181,2,127.66,116.97,12,10.689999999999998,890.8333333333331,132.34285714285713,96.46157167530225,Within Expected
45,0,11.6,2.31,17,9.29,546.470588235294,13.571428571428571,85.47368421052632,Below Expected
121,1,58.95,56.44,3,2.510000000000005,836.6666666666683,76.07142857142857,77.49295774647888,Below Expected
122,1,79.6,60.49,20,19.109999999999992,955.4999999999995,77.05714285714285,103.29996292176493,Within Expected
148,2,84.36,80.19,4,4.170000000000002,1042.5000000000005,102.34285714285714,82.428810720268,Below Expected
177,2,116.56,96.98,20,19.58,978.9999999999999,128.9142857142857,90.41666666666667,Within Expected
33,0,8.76,4.31,12,4.45,370.83333333333337,8.871428571428572,98.743961352657,Within Expected
129,2,105.13,103.09,5,2.039999999999992,407.9999999999984,83.91428571428571,125.28260129383726,Above Expected
153,2,91.59,89.39,3,2.200000000000003,733.3333333333343,107.05714285714286,85.55244195356285,Below Expected
114,1,77.55,64.51,15,13.039999999999992,869.3333333333328,69.24285714285713,111.99711161543225,Above Expected
189,2,151.03,146.31,8,4.719999999999999,589.9999999999999,139.1,108.5765636232926,Within Expected
154,2,89.87,83.69,7,6.180000000000007,882.8571428571438,108.0,83.21296296296296,Below Expected
168,2,115.89,101.73,14,14.159999999999997,1011.4285714285711,121.0,95.77685950413223,Within Expected
74,1,33.04,28.75,7,4.289999999999999,612.8571428571428,33.042857142857144,99.99135322092519,Within Expected
148,2,120.0,116.06,8,3.9399999999999977,492.4999999999997,102.34285714285714,117.2529313232831,Above Expected
107,1,57.96,55.0,4,2.960000000000001,740.0000000000002,62.44285714285714,92.82086479066575,Within Expected
190,2,128.89,111.86,20,17.029999999999987,851.4999999999993,139.9142857142857,92.12068613436797,Within Expected
64,0,19.51,12.67,9,6.840000000000002,760.0000000000002,25.442857142857143,76.68163952835486,Below Expected
174,2,124.35,111.24,19,13.11,690.0,126.31428571428572,98.4449219633567,Within Expected
158,2,111.6,102.65,10,8.949999999999989,894.9999999999989,111.71428571428571,99.89769820971867,Within Expected
93,1,42.34,38.84,6,3.5,583.3333333333334,49.357142857142854,85.78292329956587,Below Expected
175,2,129.54,124.26,5,5.279999999999987,1055.9999999999973,127.2,101.83962264150944,Within Expected
48,0,12.49,3.9,13,8.59,660.7692307692308,14.942857142857143,83.585086042065,Below Expected
48,0,17.53,14.12,7,3.410000000000002,487.14285714285745,14.942857142857143,117.31357552581262,Above Expected
36,0,9.52,6.8,13,2.7199999999999998,209.23076923076923,9.885714285714286,96.30057803468208,Within Expected
79,1,37.1,32.13,5,4.969999999999999,993.9999999999998,37.08571428571428,100.03852080123268,Within Expected
39,0,11.92,9.11,8,2.8100000000000005,351.25000000000006,11.042857142857143,107.94307891332471,Within Expected
33,0,9.76,5.32,12,4.4399999999999995,369.99999999999994,8.871428571428572,110.01610305958131,Above Expected
134,2,86.08,61.36,19,24.72,1301.0526315789473,88.77142857142857,96.96813646604441,Within Expected
140,2,72.09,48.36,18,23.730000000000004,1318.3333333333335,94.6,76.20507399577167,Below Expected
111,1,64.18,50.12,12,14.06000000000001,1171.6666666666674,66.32857142857142,96.7607150549214,Within Expected
97,1,52.58,43.03,9,9.549999999999997,1061.1111111111109,53.07142857142857,99.07402422611037,Within Expected
195,2,139.57,131.37,11,8.199999999999989,745.4545454545444,143.9857142857143,96.93322750272844,Within Expected
86,1,51.85,41.93,16,9.920000000000002,620.0000000000001,43.07142857142857,120.38142620232173,Above Expected
178,2,120.93,110.31,12,10.620000000000005,885.0000000000003,129.77142857142857,93.1869220607662,Within Expected
43,0,13.28,7.74,16,5.539999999999999,346.24999999999994,12.657142857142857,104.92099322799098,Within Expected
108,1,71.65,57.33,17,14.320000000000007,842.352941176471,63.41428571428571,112.98715927010589,Above Expected
89,1,47.54,41.52,6,6.019999999999996,1003.3333333333327,45.72857142857143,103.961262105592,Within Expected
78,1,31.79,21.05,10,10.739999999999998,1073.9999999999998,36.24285714285714,87.71383523847064,Below Expected
190,2,157.87,150.27,10,7.599999999999994,759.9999999999994,139.9142857142857,112.8333673677762,Above Expected
48,0,13.91,10.3,13,3.6099999999999994,277.6923076923076,14.942857142857143,93.08795411089866,Within Expected
54,0,16.91,8.47,15,8.44,562.6666666666666,18.542857142857144,91.19414483821264,Within Expected
174,2,127.8,113.34,19,14.459999999999994,761.0526315789471,126.31428571428572,101.17620447862474,Within Expected
102,1,46.89,42.01,5,4.880000000000003,976.0000000000006,57.714285714285715,81.2450495049505,Below Expected
153,2,87.68,81.22,5,6.460000000000008,1292.0000000000016,107.05714285714286,81.90018681611956,Below Expected
174,2,109.54,105.74,4,3.8000000000000114,950.0000000000028,126.31428571428572,86.7201990499887,Below Expected
100,1,57.77,43.34,15,14.43,962.0,55.857142857142854,103.42455242966753,Within Expected
121,1,90.7,76.03,14,14.670000000000002,1047.8571428571431,76.07142857142857,119.23004694835682,Above Expected
162,2,137.41,129.39,10,8.02000000000001,802.000000000001,115.42857142857143,119.04331683168317,Above Expected
50,0,17.43,13.08,13,4.35,334.6153846153846,16.02857142857143,108.74331550802138,Within Expected
35,0,11.36,9.04,13,2.3200000000000003,178.46153846153848,9.5,119.57894736842105,Above Expected
148,2,83.15,70.47,12,12.680000000000007,1056.6666666666672,102.34285714285714,81.24651032942491,Below Expected
98,1,46.89,39.95,16,6.939999999999998,433.7499999999999,54.0,86.83333333333333,Below Expected
104,1,54.71,51.13,4,3.5799999999999983,894.9999999999995,59.57142857142857,91.83932853717027,Within Expected
79,1,39.8,32.42,8,7.3799999999999955,922.4999999999994,37.08571428571428,107.31895223420646,Within Expected
180,2,138.93,124.81,17,14.120000000000005,830.5882352941179,131.48571428571427,105.66166883963497,Within Expected
46,0,14.0,6.61,15,7.39,492.66666666666663,14.028571428571428,99.79633401221996,Within Expected
81,1,39.85,26.76,18,13.09,727.2222222222222,38.77142857142857,102.78187177597641,Within Expected
140,2,107.53,97.95,9,9.579999999999998,1064.4444444444443,94.6,113.66807610993659,Above Expected
91,1,41.66,36.66,6,5.0,833.3333333333334,47.5,87.70526315789473,Below Expected
182,2,139.65,111.25,20,28.400000000000006,1420.0000000000005,133.2,104.84234234234235,Within Expected
192,2,129.31,120.45,12,8.86,738.3333333333333,141.54285714285714,91.35748889786032,Within Expected
36,0,9.06,6.06,9,3.000000000000001,333.3333333333334,9.885714285714286,91.64739884393065,Within Expected
56,0,23.24,11.11,16,12.129999999999999,758.1249999999999,19.8,117.37373737373736,Above Expected
37,0,9.94,3.33,16,6.609999999999999,413.12499999999994,10.27142857142857,96.77329624478442,Within Expected
148,2,95.14,74.95,21,20.189999999999998,961.4285714285713,102.34285714285714,92.96203238414293,Within Expected
159,2,151.29,147.74,4,3.549999999999983,887.4999999999957,112.64285714285714,134.30944831959417,Above Expected
71,1,31.31,13.11,20,18.2,909.9999999999999,30.685714285714283,102.03445065176908,Within Expected
52,0,19.36,8.64,19,10.719999999999999,564.2105263157894,17.285714285714285,112.00000000000001,Above Expected
41,0,12.28,7.9,14,4.379999999999999,312.8571428571428,11.814285714285713,103.94195888754534,Within Expected
130,2,84.99,71.73,18,13.259999999999991,736.6666666666662,84.88571428571429,100.12285425782564,Within Expected
107,1,57.44,47.62,11,9.82,892.7272727272727,62.44285714285714,91.98810340883092,Within Expected
107,1,45.99,39.22,8,6.770000000000003,846.2500000000003,62.44285714285714,73.65133836650652,Below Expected
156,2,107.11,99.68,15,7.429999999999993,495.33333333333286,109.85714285714286,97.49934980494149,Within Expected
119,1,78.75,63.43,17,15.32,901.1764705882354,74.1,106.27530364372471,Within Expected
154,2,116.71,103.87,17,12.83999999999999,755.2941176470582,108.0,108.06481481481481,Within Expected
91,1,55.24,48.22,9,7.020000000000003,780.0000000000003,47.5,116.29473684210527,Above Expected
112,1,72.71,58.62,13,14.089999999999996,1083.8461538461534,67.3,108.03863298662704,Within Expected
86,1,47.81,45.89,3,1.9200000000000017,640.0000000000006,43.07142857142857,111.00165837479273,Above Expected
124,1,92.59,88.25,4,4.340000000000003,1085.000000000001,79.02857142857142,117.16015907447579,Above Expected
134,2,68.42,61.01,11,7.410000000000004,673.636363636364,88.77142857142857,77.07434824589636,Below Expected
165,2,109.59,90.75,19,18.840000000000003,991.5789473684213,118.21428571428571,92.70453172205438,Within Expected
130,2,79.06,65.01,21,14.049999999999997,669.0476190476189,84.88571428571429,93.1369909121508,Within Expected
69,0,38.2,23.0,16,15.200000000000003,950.0000000000002,29.157142857142855,131.0142087212151,Above Expected
78,1,33.78,28.52,9,5.260000000000002,584.4444444444447,36.24285714285714,93.20457232952307,Within Expected
63,0,19.71,9.98,12,9.73,810.8333333333334,24.7,79.79757085020243,Below Expected
168,2,120.57,116.29,8,4.279999999999987,534.9999999999984,121.0,99.64462809917354,Within Expected
157,2,107.34,105.19,3,2.1500000000000057,716.6666666666686,110.78571428571429,96.88974854932302,Within Expected
124,1,74.93,55.01,19,19.92000000000001,1048.4210526315794,79.02857142857142,94.81381055676069,Within Expected
156,2,111.39,95.94,16,15.450000000000003,965.6250000000002,109.85714285714286,101.39531859557866,Within Expected
45,0,15.06,10.82,11,4.24,385.4545454545455,13.571428571428571,110.96842105263158,Above Expected
94,1,51.26,39.62,18,11.64,646.6666666666667,50.285714285714285,101.93749999999999,Within Expected
112,1,63.21,59.69,9,3.520000000000003,391.1111111111115,67.3,93.92273402674593,Within Expected
31,0,7.89,4.2,9,3.6899999999999995,409.99999999999994,8.242857142857144,95.71923743500865,Within Expected
46,0,15.23,10.73,11,4.5,409.0909090909091,14.028571428571428,108.56415478615071,Within Expected
32,0,7.35,5.76,10,1.5899999999999999,158.99999999999997,8.557142857142857,85.89315525876461,Below Expected
108,1,52.45,38.1,11,14.350000000000001,1304.5454545454547,63.41428571428571,82.71006983554857,Below Expected
62,0,21.42,12.44,15,8.980000000000002,598.6666666666667,24.0,89.25,Below Expected
99,1,49.94,38.31,14,11.629999999999995,830.7142857142854,54.92857142857143,90.91807542262677,Within Expected
43,0,16.08,12.95,6,3.129999999999999,521.6666666666665,12.657142857142857,127.04288939051918,Above Expected
88,1,52.44,50.63,4,1.8099999999999952,452.4999999999988,44.84285714285714,116.94170117871934,Above Expected
85,1,38.6,32.74,6,5.859999999999999,976.6666666666665,42.18571428571428,91.50016931933628,Within Expected
124,1,61.87,53.45,7,8.419999999999995,1202.8571428571422,79.02857142857142,78.2881417208966,Below Expected
112,1,73.08,70.16,4,2.9200000000000017,730.0000000000005,67.3,108.58841010401188,Within Expected
168,2,127.76,119.13,14,8.63000000000001,616.4285714285721,121.0,105.58677685950413,Within Expected
81,1,41.95,29.87,18,12.080000000000002,671.1111111111112,38.77142857142857,108.1982313927782,Within Expected
102,1,50.91,31.11,20,19.799999999999997,989.9999999999999,57.714285714285715,88.21039603960395,Below Expected
100,1,50.54,44.32,8,6.219999999999999,777.4999999999999,55.857142857142854,90.48081841432224,Within Expected
106,1,53.01,37.12,17,15.89,934.7058823529412,61.47142857142857,86.23518475482221,Below Expected
33,0,9.05,6.16,12,2.8900000000000006,240.83333333333337,8.871428571428572,102.01288244766506,Within Expected
57,0,23.06,16.45,9,6.609999999999999,734.4444444444443,20.5,112.48780487804876,Above Expected
120,1,61.16,57.01,3,4.149999999999999,1383.3333333333328,75.08571428571427,81.45357686453578,Below Expected
164,2,122.04,107.59,19,14.450000000000003,760.5263157894739,117.28571428571429,104.05359317904994,Within Expected
194,2,165.12,156.28,9,8.840000000000003,982.2222222222225,143.17142857142858,115.33027339852325,Above Expected
127,2,98.25,90.94,10,7.310000000000002,731.0000000000002,81.97142857142858,119.8588358313001,Above Expected
114,1,51.88,33.32,16,18.560000000000002,1160.0000000000002,69.24285714285713,74.92469568805447,Below Expected
60,0,22.19,18.8,4,3.3900000000000006,847.5000000000001,22.6,98.1858407079646,Within Expected
94,1,42.53,28.62,11,13.91,1264.5454545454547,50.285714285714285,84.57670454545455,Below Expected
108,1,62.9,49.6,17,13.299999999999997,782.3529411764705,63.41428571428571,99.18900653300294,Within Expected
133,2,90.43,82.3,13,8.13000000000001,625.384615384616,87.8,102.99544419134396,Within Expected
104,1,71.85,55.13,15,16.71999999999999,1114.666666666666,59.57142857142857,120.6115107913669,Above Expected
165,2,101.34,92.27,10,9.070000000000007,907.0000000000007,118.21428571428571,85.72567975830816,Below Expected
119,1,87.99,78.55,11,9.439999999999998,858.1818181818179,74.1,118.74493927125506,Above Expected
171,2,120.16,107.07,18,13.090000000000003,727.2222222222224,123.65714285714286,97.17190388170054,Within Expected
191,2,174.05,169.05,6,5.0,833.3333333333334,140.72857142857143,123.67779920820223,Above Expected
31,0,8.07,6.91,7,1.1600000000000001,165.71428571428572,8.242857142857144,97.90294627383015,Within Expected
131,2,105.96,96.98,7,8.97999999999999,1282.8571428571413,85.85714285714286,123.41430948419301,Above Expected
81,1,37.94,25.26,16,12.679999999999996,792.4999999999998,38.77142857142857,97.85556374355194,Within Expected
161,2,149.88,139.27,12,10.609999999999985,884.1666666666654,114.5,130.89956331877727,Above Expected
73,1,31.82,29.24,3,2.580000000000002,860.0000000000007,32.25714285714285,98.64481842338354,Within Expected
31,0,8.66,7.87,9,0.79,87.77777777777779,8.242857142857144,105.06065857885613,Within Expected
167,2,93.16,85.1,11,8.060000000000002,732.7272727272729,120.07142857142857,77.5871505056514,Below Expected
32,0,10.56,9.52,4,1.040000000000001,260.0000000000002,8.557142857142857,123.40567612687813,Above Expected
191,2,177.1,154.18,21,22.919999999999987,1091.4285714285706,140.72857142857143,125.8450918688458,Above Expected
195,2,130.95,126.17,9,4.779999999999987,531.1111111111096,143.9857142857143,90.94652247246749,Within Expected
177,2,151.81,140.21,12,11.599999999999994,966.6666666666662,128.9142857142857,117.76041666666669,Above Expected
32,0,9.06,7.25,11,1.8100000000000005,164.5454545454546,8.557142857142857,105.87646076794658,Within Expected
77,1,39.42,34.38,6,5.039999999999999,839.9999999999999,35.4,111.35593220338984,Above Expected
40,0,11.14,6.63,15,4.510000000000001,300.6666666666667,11.428571428571429,97.475,Within Expected
179,2,171.86,160.86,18,11.0,611.1111111111112,130.62857142857143,131.56386701662294,Above Expected
68,0,29.83,23.73,14,6.099999999999998,435.71428571428555,28.414285714285715,104.98240321769731,Within Expected
83,1,39.5,26.97,15,12.530000000000001,835.3333333333334,40.457142857142856,97.63418079096046,Within Expected
65,0,32.91,29.15,4,3.759999999999998,939.9999999999995,26.185714285714283,125.67921440261867,Above Expected
58,0,22.09,10.37,12,11.72,976.6666666666666,21.2,104.19811320754717,Within Expected
61,0,27.06,20.79,13,6.27,482.30769230769226,23.3,116.13733905579397,Above Expected
33,0,9.6,8.79,5,0.8100000000000005,162.00000000000009,8.871428571428572,108.21256038647343,Within Expected
152,2,125.07,114.04,15,11.029999999999987,735.3333333333325,106.11428571428571,117.86348949919223,Above Expected
131,2,97.51,94.31,5,3.200000000000003,640.0000000000006,85.85714285714286,113.57237936772047,Above Expected
66,0,27.68,19.71,12,7.969999999999999,664.1666666666665,26.928571428571427,102.79045092838197,Within Expected
75,1,27.45,19.03,8,8.419999999999998,1052.4999999999998,33.82857142857143,81.14442567567566,Below Expected
176,2,107.57,94.62,15,12.949999999999989,863.3333333333326,128.05714285714285,84.00156180276662,Below Expected
140,2,104.91,97.32,9,7.590000000000003,843.3333333333337,94.6,110.8985200845666,Above Expected
73,1,32.74,21.37,12,11.370000000000001,947.5000000000001,32.25714285714285,101.49689991142606,Within Expected
30,0,6.21,5.49,4,0.7199999999999998,179.99999999999994,7.928571428571429,78.32432432432432,Below Expected
97,1,55.47,45.55,12,9.920000000000002,826.6666666666667,53.07142857142857,104.51951547779272,Within Expected
161,2,126.22,115.14,11,11.079999999999998,1007.2727272727271,114.5,110.23580786026201,Above Expected
59,0,24.51,11.82,15,12.690000000000001,846.0000000000001,21.9,111.9178082191781,Above Expected
32,0,7.55,4.64,7,2.91,415.7142857142858,8.557142857142857,88.23038397328882,Below Expected
44,0,15.96,7.89,16,8.07,504.375,13.114285714285714,121.69934640522877,Above Expected
76,1,25.0,15.18,18,9.82,545.5555555555555,34.614285714285714,72.22451506397029,Below Expected
190,2,123.45,111.4,15,12.049999999999997,803.3333333333331,139.9142857142857,88.23259138247907,Below Expected
44,0,13.35,9.27,9,4.08,453.33333333333337,13.114285714285714,101.79738562091502,Within Expected
52,0,20.63,18.03,5,2.599999999999998,519.9999999999995,17.285714285714285,119.34710743801654,Above Expected
175,2,130.95,117.77,13,13.179999999999993,1013.8461538461531,127.2,102.94811320754715,Within Expected
143,2,94.7,89.12,8,5.579999999999998,697.4999999999998,97.51428571428572,97.11397597421623,Within Expected
161,2,90.56,81.58,10,8.980000000000004,898.0000000000003,114.5,79.09170305676855,Below Expected
177,2,141.4,137.05,7,4.349999999999994,621.4285714285706,128.9142857142857,109.68528368794328,Within Expected
44,0,14.09,10.4,9,3.6899999999999995,409.99999999999994,13.114285714285714,107.44008714596951,Within Expected
110,1,67.65,62.29,16,5.3600000000000065,335.0000000000004,65.35714285714286,103.50819672131149,Within Expected
100,1,71.42,55.31,15,16.11,1074.0,55.857142857142854,127.86189258312022,Above Expected
190,2,146.58,142.65,4,3.930000000000007,982.5000000000017,139.9142857142857,104.76414131100675,Within Expected
78,1,34.41,26.92,11,7.489999999999995,680.9090909090904,36.24285714285714,94.94284588096177,Within Expected
71,1,28.41,25.87,4,2.539999999999999,634.9999999999998,30.685714285714283,92.58379888268156,Within Expected
62,0,22.69,11.19,17,11.500000000000002,676.4705882352943,24.0,94.54166666666667,Within Expected
132,2,76.02,59.05,16,16.97,1060.625,86.82857142857142,87.5518262586377,Below Expected
186,2,153.03,130.2,21,22.830000000000013,1087.1428571428576,136.57142857142856,112.05125523012553,Above Expected
49,0,14.01,4.39,18,9.620000000000001,534.4444444444445,15.4,90.97402597402598,Within Expected
123,1,92.42,86.96,8,5.460000000000008,682.500000000001,78.04285714285714,118.42211239245835,Above Expected
28,0,9.42,8.17,6,1.25,208.33333333333334,7.3,129.04109589041096,Above Expected
34,0,8.26,4.57,13,3.6899999999999995,283.8461538461538,9.185714285714287,89.9222395023328,Below Expected
81,1,31.24,21.39,13,9.849999999999998,757.6923076923075,38.77142857142857,80.57479734708917,Below Expected
59,0,26.32,14.82,12,11.5,958.3333333333334,21.9,120.18264840182648,Above Expected
79,1,31.74,15.03,20,16.71,835.5,37.08571428571428,85.58551617873653,Below Expected
138,2,106.94,100.01,8,6.929999999999993,866.2499999999991,92.65714285714286,115.41473943879123,Above Expected
61,0,23.26,17.7,9,5.560000000000002,617.7777777777779,23.3,99.8283261802575,Within Expected
156,2,97.46,85.79,18,11.669999999999987,648.3333333333327,109.85714285714286,88.7152145643693,Below Expected
185,2,140.39,128.11,18,12.279999999999973,682.2222222222207,135.72857142857143,103.43437532891274,Within Expected
98,1,41.06,32.03,11,9.030000000000001,820.909090909091,54.0,76.03703703703704,Below Expected
133,2,100.44,97.92,3,2.519999999999996,839.9999999999986,87.8,114.39635535307518,Above Expected
148,2,93.67,70.56,20,23.11,1155.5,102.34285714285714,91.52568397543273,Within Expected
65,0,22.78,14.68,11,8.100000000000001,736.3636363636365,26.185714285714283,86.99399890889254,Below Expected
63,0,26.09,19.5,11,6.59,599.0909090909091,24.7,105.62753036437246,Within Expected
151,2,99.38,91.86,9,7.519999999999996,835.5555555555552,105.17142857142858,94.49334419994567,Within Expected
187,2,137.4,109.38,21,28.02000000000001,1334.2857142857147,137.4142857142857,99.98960390893025,Within Expected
71,1,32.58,28.27,6,4.309999999999999,718.3333333333331,30.685714285714283,106.1731843575419,Within Expected
193,2,171.79,166.69,6,5.099999999999994,849.9999999999991,142.35714285714286,120.67536377320623,Above Expected
188,2,145.44,130.61,14,14.829999999999984,1059.285714285713,138.25714285714284,105.19528828270306,Within Expected
125,1,80.54,73.15,6,7.390000000000001,1231.6666666666667,80.01428571428572,100.65702553115514,Within Expected
183,2,143.7,130.03,17,13.669999999999987,804.1176470588229,134.04285714285714,107.20451881061493,Within Expected
187,2,132.92,117.65,21,15.269999999999982,727.1428571428563,137.4142857142857,96.7293897494542,Within Expected
142,2,89.64,69.42,20,20.22,1010.9999999999999,96.54285714285714,92.8499556081681,Within Expected
58,0,23.43,17.49,8,5.940000000000001,742.5000000000001,21.2,110.5188679245283,Above Expected
50,0,14.52,8.99,16,5.529999999999999,345.62499999999994,16.02857142857143,90.58823529411765,Within Expected
51,0,15.37,9.69,11,5.68,516.3636363636364,16.65714285714286,92.27272727272727,Within Expected
133,2,83.62,76.02,8,7.6000000000000085,950.000000000001,87.8,95.23917995444192,Within Expected
108,1,59.18,46.68,13,12.5,961.5384615384615,63.41428571428571,93.32282045505745,Within Expected
58,0,18.6,17.66,4,0.9400000000000013,235.0000000000003,21.2,87.73584905660378,Below Expected
47,0,13.25,6.47,18,6.78,376.6666666666667,14.485714285714286,91.46942800788955,Within Expected
154,2,89.35,77.35,14,12.0,857.1428571428571,108.0,82.73148148148147,Below Expected
83,1,42.75,31.93,15,10.82,721.3333333333334,40.457142857142856,105.66737288135593,Within Expected
154,2,89.22,68.55,17,20.67,1215.8823529411766,108.0,82.61111111111111,Below Expected
135,2,81.42,60.26,18,21.160000000000004,1175.5555555555557,89.74285714285713,90.72588347659982,Within Expected
93,1,40.04,30.54,15,9.5,633.3333333333333,49.357142857142854,81.12301013024602,Below Expected
138,2,103.65,98.97,7,4.680000000000007,668.5714285714296,92.65714285714286,111.86401480111007,Above Expected
84,1,40.87,33.75,8,7.119999999999997,889.9999999999997,41.3,98.95883777239709,Within Expected
116,1,56.61,47.8,13,8.810000000000002,677.6923076923078,71.18571428571428,79.52438290186635,Below Expected
134,2,58.21,37.64,19,20.57,1082.6315789473683,88.77142857142857,65.57289990344384,Below Expected
102,1,49.67,42.27,6,7.399999999999999,1233.3333333333333,57.714285714285715,86.06188118811882,Below Expected
185,2,150.68,143.55,7,7.1299999999999955,1018.571428571428,135.72857142857143,111.01568255973055,Above Expected
86,1,31.71,18.23,15,13.48,898.6666666666667,43.07142857142857,73.62189054726369,Below Expected
84,1,37.8,30.78,8,7.019999999999996,877.4999999999995,41.3,91.52542372881356,Within Expected
108,1,55.56,50.92,5,4.640000000000001,928.0000000000001,63.41428571428571,87.6143275512503,Below Expected
136,2,95.14,82.65,15,12.489999999999995,832.6666666666663,90.71428571428571,104.87874015748034,Within Expected
33,0,6.98,5.26,4,1.7200000000000006,430.00000000000017,8.871428571428572,78.67954911433172,Below Expected
80,1,32.35,18.29,15,14.060000000000002,937.3333333333335,37.92857142857142,85.29190207156311,Below Expected
119,1,79.38,70.31,8,9.069999999999993,1133.749999999999,74.1,107.1255060728745,Within Expected
97,1,45.73,26.83,20,18.9,945.0,53.07142857142857,86.16689098250336,Below Expected
165,2,113.5,100.6,12,12.900000000000006,1075.0000000000005,118.21428571428571,96.01208459214502,Within Expected
69,0,37.61,30.99,9,6.620000000000001,735.5555555555557,29.157142857142855,128.9906908378246,Above Expected
177,2,140.73,116.06,18,24.669999999999987,1370.5555555555547,128.9142857142857,109.16555851063829,Within Expected
74,1,36.11,25.11,19,11.0,578.9473684210526,33.042857142857144,109.28231733679203,Within Expected
157,2,91.93,78.22,12,13.710000000000008,1142.5000000000007,110.78571428571429,82.98001289490652,Below Expected
42,0,10.57,2.72,21,7.85,373.8095238095238,12.2,86.6393442622951,Below Expected
196,2,193.7,170.78,19,22.919999999999987,1206.3157894736835,144.8,133.77071823204417,Above Expected
191,2,168.78,160.98,11,7.800000000000011,709.0909090909101,140.72857142857143,119.93300172571313,Above Expected
142,2,100.2,97.02,3,3.180000000000007,1060.0000000000023,96.54285714285714,103.78810298905002,Within Expected
92,1,41.21,38.84,4,2.3699999999999974,592.4999999999993,48.42857142857143,85.09439528023599,Below Expected
187,2,131.7,121.95,13,9.749999999999986,749.9999999999989,137.4142857142857,95.84156357209689,Within Expected
158,2,91.63,82.04,13,9.58999999999999,737.6923076923068,111.71428571428571,82.02173913043478,Below Expected
94,1,55.64,36.76,20,18.880000000000003,944.0000000000002,50.285714285714285,110.64772727272727,Above Expected
96,1,45.81,41.23,5,4.580000000000005,916.000000000001,52.142857142857146,87.85479452054794,Below Expected
89,1,41.33,35.59,6,5.739999999999995,956.6666666666658,45.72857142857143,90.38113089659481,Within Expected
42,0,11.77,10.38,5,1.3899999999999988,277.9999999999998,12.2,96.47540983606558,Within Expected
55,0,17.77,15.61,4,2.16,540.0,19.17142857142857,92.69001490312966,Within Expected
44,0,11.87,1.24,21,10.629999999999999,506.1904761904762,13.114285714285714,90.5119825708061,Within Expected
156,2,104.15,100.16,6,3.990000000000009,665.0000000000015,109.85714285714286,94.80494148244473,Within Expected
162,2,129.95,114.61,12,15.33999999999999,1278.3333333333323,115.42857142857143,112.58044554455444,Above Expected
138,2,79.89,73.33,6,6.560000000000002,1093.3333333333337,92.65714285714286,86.22109158186863,Below Expected
137,2,91.81,79.5,15,12.310000000000002,820.6666666666667,91.68571428571428,100.13555624805235,Within Expected
59,0,23.82,9.41,18,14.41,800.5555555555555,21.9,108.76712328767124,Within Expected
189,2,170.03,156.72,15,13.310000000000002,887.3333333333335,139.1,122.23580158159596,Above Expected
191,2,109.62,96.57,18,13.050000000000011,725.0000000000007,140.72857142857143,77.89462998680338,Below Expected
60,0,29.46,22.69,10,6.77,676.9999999999999,22.6,130.35398230088495,Above Expected
153,2,95.54,89.53,6,6.010000000000005,1001.6666666666675,107.05714285714286,89.2420603149186,Below Expected
143,2,85.53,70.03,12,15.5,1291.6666666666667,97.51428571428572,87.71022560796953,Below Expected
97,1,60.7,57.96,3,2.740000000000002,913.3333333333339,53.07142857142857,114.37415881561239,Above Expected
194,2,128.63,115.89,17,12.739999999999995,749.411764705882,143.17142857142858,89.84334464178806,Below Expected
91,1,41.95,21.23,20,20.720000000000002,1036.0,47.5,88.31578947368422,Below Expected
117,1,77.69,62.36,15,15.329999999999998,1021.9999999999998,72.15714285714286,107.66778855672143,Within Expected
85,1,43.09,36.55,5,6.540000000000006,1308.0000000000011,42.18571428571428,102.14358279715545,Within Expected
100,1,62.59,45.74,17,16.85,991.1764705882354,55.857142857142854,112.0537084398977,Above Expected
90,1,42.26,26.88,18,15.379999999999999,854.4444444444443,46.614285714285714,90.6589028501379,Within Expected
26,0,6.59,5.62,4,0.9699999999999998,242.49999999999994,6.9,95.50724637681158,Within Expected
74,1,33.3,22.5,15,10.799999999999997,719.9999999999999,33.042857142857144,100.77821011673151,Within Expected
38,0,10.12,4.74,14,5.379999999999999,384.2857142857142,10.657142857142857,94.9597855227882,Within Expected
146,2,85.18,70.68,14,14.5,1035.7142857142858,100.42857142857143,84.81650071123757,Below Expected
51,0,16.13,13.35,6,2.7799999999999994,463.3333333333332,16.65714285714286,96.8353344768439,Within Expected
138,2,72.04,59.64,13,12.400000000000006,953.8461538461543,92.65714285714286,77.74899784150479,Below Expected
122,1,87.74,70.05,15,17.689999999999998,1179.333333333333,77.05714285714285,113.8635520949203,Above Expected
189,2,157.58,144.58,19,13.0,684.2105263157895,139.1,113.28540618260246,Above Expected
30,0,8.43,7.84,3,0.5899999999999999,196.66666666666663,7.928571428571429,106.32432432432432,Within Expected
95,1,41.13,28.72,16,12.410000000000004,775.6250000000002,51.214285714285715,80.30962343096235,Below Expected
88,1,48.38,43.81,5,4.57,914.0,44.84285714285714,107.88786237655306,Within Expected
144,2,100.59,91.69,10,8.900000000000006,890.0000000000006,98.48571428571428,102.1366405570061,Within Expected
105,1,75.06,64.83,11,10.230000000000004,930.0000000000003,60.5,124.06611570247934,Above Expected
140,2,95.67,86.95,20,8.719999999999999,435.99999999999994,94.6,101.13107822410147,Within Expected
31,0,7.36,6.25,5,1.1100000000000003,222.00000000000006,8.242857142857144,89.2894280762565,Below Expected
151,2,105.95,91.08,13,14.870000000000005,1143.8461538461543,105.17142857142858,100.74028796522683,Within Expected
151,2,115.98,102.11,19,13.870000000000005,730.0000000000002,105.17142857142858,110.27709861450691,Above Expected
53,0,18.16,11.04,12,7.120000000000001,593.3333333333334,17.914285714285715,101.37161084529505,Within Expected
100,1,56.42,44.69,13,11.730000000000004,902.3076923076926,55.857142857142854,101.0076726342711,Within Expected
146,2,98.69,91.54,6,7.1499999999999915,1191.6666666666654,100.42857142857143,98.26884779516358,Within Expected
169,2,144.9,125.69,20,19.210000000000008,960.5000000000003,121.88571428571429,118.88185654008439,Above Expected
107,1,59.98,52.77,7,7.209999999999994,1029.999999999999,62.44285714285714,96.05582246625485,Within Expected
49,0,13.38,11.72,4,1.6600000000000001,415.00000000000006,15.4,86.88311688311688,Below Expected
52,0,17.16,15.33,4,1.83,457.5,17.285714285714285,99.27272727272728,Within Expected
42,0,12.08,6.58,15,5.5,366.66666666666663,12.2,99.01639344262296,Within Expected
150,2,94.98,85.23,13,9.75,750.0,104.22857142857143,91.12664473684211,Within Expected
191,2,108.02,100.43,11,7.589999999999989,689.9999999999991,140.72857142857143,76.75768957466246,Below Expected
94,1,48.99,41.77,8,7.219999999999999,902.4999999999999,50.285714285714285,97.42329545454545,Within Expected
158,2,139.78,133.91,6,5.8700000000000045,978.333333333334,111.71428571428571,125.1227621483376,Above Expected
171,2,106.67,95.05,9,11.620000000000005,1291.1111111111115,123.65714285714286,86.26270794824399,Below Expected
166,2,106.83,98.73,11,8.099999999999994,736.3636363636359,119.14285714285714,89.66546762589928,Below Expected
195,2,150.63,134.82,19,15.810000000000002,832.1052631578949,143.9857142857143,104.61454509375929,Within Expected
88,1,36.7,17.62,15,19.080000000000002,1272.0,44.84285714285714,81.84135074864606,Below Expected
118,1,78.52,66.4,15,12.11999999999999,807.9999999999994,73.12857142857142,107.37253369798789,Within Expected
176,2,147.58,139.64,20,7.940000000000026,397.0000000000013,128.05714285714285,115.24542614904063,Above Expected
62,0,23.23,17.16,8,6.07,758.75,24.0,96.79166666666667,Within Expected
144,2,92.37,89.55,9,2.8200000000000074,313.3333333333341,98.48571428571428,93.79025239338557,Within Expected
192,2,141.78,133.59,7,8.189999999999998,1169.9999999999998,141.54285714285714,100.16754138070245,Within Expected
116,1,85.51,78.2,18,7.310000000000002,406.11111111111126,71.18571428571428,120.12241621513147,Above Expected
108,1,71.97,68.44,3,3.530000000000001,1176.666666666667,63.41428571428571,113.49177742734851,Above Expected
171,2,110.15,102.3,9,7.8500000000000085,872.2222222222231,123.65714285714286,89.07694085027727,Below Expected
82,1,45.64,37.32,10,8.32,832.0000000000001,39.614285714285714,115.21096285611252,Above Expected
33,0,9.4,6.58,9,2.8200000000000003,313.33333333333337,8.871428571428572,105.95813204508858,Within Expected
174,2,111.68,107.28,6,4.400000000000006,733.3333333333343,126.31428571428572,88.41438588554627,Below Expected
114,1,68.45,62.38,14,6.07,433.5714285714286,69.24285714285713,98.85496183206108,Within Expected
143,2,106.59,101.37,6,5.219999999999999,869.9999999999998,97.51428571428572,109.30706123644886,Within Expected
150,2,99.1,86.0,11,13.099999999999994,1190.9090909090905,104.22857142857143,95.07949561403508,Within Expected
150,2,103.44,80.91,21,22.53,1072.857142857143,104.22857142857143,99.24342105263158,Within Expected
63,0,25.4,23.79,3,1.6099999999999994,536.6666666666665,24.7,102.83400809716599,Within Expected
111,1,62.38,52.61,14,9.770000000000003,697.8571428571431,66.32857142857142,94.04695240146458,Within Expected
61,0,25.31,22.52,5,2.789999999999999,557.9999999999998,23.3,108.62660944206009,Within Expected
75,1,36.64,24.36,13,12.280000000000001,944.6153846153848,33.82857142857143,108.31081081081082,Within Expected
71,1,28.21,13.17,20,15.040000000000001,752.0,30.685714285714283,91.9320297951583,Within Expected
100,1,59.29,49.08,9,10.21,1134.4444444444446,55.857142857142854,106.1457800511509,Within Expected
152,2,115.63,99.4,16,16.22999999999999,1014.3749999999993,106.11428571428571,108.96742057081315,Within Expected
74,1,40.1,36.42,4,3.6799999999999997,919.9999999999999,33.042857142857144,121.35754431474275,Above Expected
171,2,143.04,132.07,12,10.969999999999999,914.1666666666665,123.65714285714286,115.67467652495378,Above Expected
145,2,91.57,86.64,5,4.929999999999993,985.9999999999985,99.45714285714286,92.06980752657282,Within Expected
186,2,118.26,115.91,4,2.3500000000000085,587.5000000000022,136.57142857142856,86.59205020920504,Below Expected
121,1,86.18,79.74,6,6.440000000000012,1073.3333333333353,76.07142857142857,113.28826291079814,Above Expected
140,2,88.22,74.02,21,14.200000000000003,676.1904761904764,94.6,93.25581395348837,Within Expected
98,1,48.84,41.35,7,7.490000000000002,1070.0000000000002,54.0,90.44444444444444,Within Expected
60,0,23.13,18.67,7,4.459999999999997,637.1428571428568,22.6,102.34513274336281,Within Expected
135,2,111.82,95.86,21,15.959999999999994,759.9999999999997,89.74285714285713,124.60044571792423,Above Expected
152,2,97.09,91.44,13,5.650000000000006,434.6153846153851,106.11428571428571,91.49569197630586,Within Expected
122,1,70.5,49.8,17,20.700000000000003,1217.6470588235295,77.05714285714285,91.49054505005563,Within Expected
63,0,20.63,18.88,3,1.75,583.3333333333334,24.7,83.52226720647774,Below Expected
57,0,18.07,2.07,21,16.0,761.9047619047618,20.5,88.14634146341463,Below Expected
49,0,13.39,8.24,13,5.15,396.1538461538462,15.4,86.94805194805195,Below Expected
134,2,71.84,60.46,10,11.380000000000003,1138.0000000000005,88.77142857142857,80.926939169617,Below Expected
127,2,76.09,56.54,16,19.550000000000004,1221.8750000000002,81.97142857142858,92.82502614151272,Within Expected
176,2,114.63,108.56,9,6.069999999999993,674.4444444444438,128.05714285714285,89.51472556894244,Below Expected
166,2,120.82,116.65,5,4.1699999999999875,833.9999999999975,119.14285714285714,101.40767386091127,Within Expected
74,1,29.72,17.84,20,11.879999999999999,594.0,33.042857142857144,89.94379593601383,Below Expected
95,1,52.74,40.74,10,12.0,1200.0,51.214285714285715,102.97907949790795,Within Expected
86,1,47.04,39.22,10,7.82,782.0,43.07142857142857,109.2139303482587,Within Expected
181,2,121.41,103.25,20,18.159999999999997,907.9999999999998,132.34285714285713,91.7389896373057,Within Expected
185,2,137.44,125.28,15,12.159999999999997,810.6666666666664,135.72857142857143,101.26091990316807,Within Expected
94,1,61.12,49.58,12,11.54,961.6666666666665,50.285714285714285,121.54545454545453,Above Expected
79,1,39.35,30.85,11,8.5,772.7272727272727,37.08571428571428,106.10554699537751,Within Expected
87,1,44.08,32.22,20,11.86,593.0,43.957142857142856,100.27949301267469,Within Expected
169,2,153.47,132.29,18,21.180000000000007,1176.666666666667,121.88571428571429,125.913033286451,Above Expected
49,0,18.89,14.46,10,4.43,442.99999999999994,15.4,122.66233766233768,Above Expected
162,2,103.47,92.72,12,10.75,895.8333333333334,115.42857142857143,89.63985148514851,Below Expected
124,1,89.34,71.27,13,18.070000000000007,1390.0000000000005,79.02857142857142,113.0477223427332,Above Expected
143,2,92.88,84.42,11,8.459999999999994,769.0909090909084,97.51428571428572,95.24758277175505,Within Expected
84,1,39.95,30.59,16,9.360000000000003,585.0000000000002,41.3,96.7312348668281,Within Expected
140,2,92.09,71.0,20,21.090000000000003,1054.5000000000002,94.6,97.34672304439748,Within Expected
171,2,118.14,101.21,16,16.930000000000007,1058.1250000000005,123.65714285714286,95.53835489833641,Within Expected
124,1,78.26,69.18,6,9.079999999999998,1513.333333333333,79.02857142857142,99.02747650036154,Within Expected
88,1,45.2,25.84,17,19.360000000000003,1138.8235294117649,44.84285714285714,100.7964319847085,Within Expected
191,2,121.56,106.19,15,15.370000000000005,1024.666666666667,140.72857142857143,86.37904781240483,Below Expected
140,2,107.44,90.32,14,17.120000000000005,1222.8571428571431,94.6,113.57293868921776,Above Expected
47,0,11.75,5.34,16,6.41,400.625,14.485714285714286,81.11439842209073,Below Expected
87,1,50.62,45.91,5,4.710000000000001,942.0000000000002,43.957142857142856,115.15762105947351,Above Expected
41,0,12.25,6.16,16,6.09,380.625,11.814285714285713,103.68802902055623,Within Expected
81,1,40.09,22.96,19,17.130000000000003,901.5789473684212,38.77142857142857,103.40088430361092,Within Expected
101,1,59.99,39.21,18,20.78,1154.4444444444446,56.785714285714285,105.6427672955975,Within Expected
137,2,93.71,84.93,12,8.779999999999987,731.6666666666656,91.68571428571428,102.20785291368027,Within Expected
195,2,176.02,166.58,21,9.439999999999998,449.52380952380946,143.9857142857143,122.24823891259054,Above Expected
45,0,13.31,5.27,20,8.040000000000001,402.0,13.571428571428571,98.07368421052632,Within Expected
149,2,102.89,87.12,15,15.769999999999996,1051.333333333333,103.28571428571429,99.61687413554633,Within Expected
155,2,105.63,94.88,14,10.75,767.8571428571429,108.92857142857143,96.97180327868851,Within Expected
196,2,129.08,117.87,13,11.210000000000008,862.3076923076928,144.8,89.14364640883979,Below Expected
103,1,58.3,46.56,19,11.739999999999995,617.894736842105,58.642857142857146,99.41534713763703,Within Expected
165,2,130.7,123.14,8,7.559999999999988,944.9999999999985,118.21428571428571,110.56193353474319,Above Expected
71,1,28.16,15.45,19,12.71,668.9473684210526,30.685714285714283,91.76908752327748,Within Expected
151,2,127.2,117.71,11,9.490000000000009,862.7272727272735,105.17142857142858,120.94539527302364,Above Expected
135,2,102.57,95.51,7,7.059999999999988,1008.5714285714268,89.74285714285713,114.29321872015281,Above Expected
195,2,144.05,132.3,17,11.75,691.1764705882352,143.9857142857143,100.04464728643714,Within Expected
100,1,49.43,29.94,19,19.49,1025.7894736842104,55.857142857142854,88.49360613810742,Below Expected
177,2,141.8,137.82,4,3.980000000000018,995.0000000000045,128.9142857142857,109.99556737588654,Within Expected
137,2,69.84,62.87,10,6.970000000000006,697.0000000000006,91.68571428571428,76.17326269866003,Below Expected
44,0,11.68,4.4,18,7.279999999999999,404.4444444444444,13.114285714285714,89.06318082788671,Below Expected
194,2,117.39,114.72,3,2.6700000000000017,890.0000000000006,143.17142857142858,81.99261624426262,Below Expected
61,0,23.24,16.31,11,6.93,630.0,23.3,99.74248927038626,Within Expected
170,2,118.4,114.28,4,4.1200000000000045,1030.0000000000011,122.77142857142857,96.43937630905283,Within Expected
183,2,126.38,123.15,3,3.2299999999999898,1076.6666666666633,134.04285714285714,94.28327826921027,Within Expected
66,0,25.43,14.32,15,11.11,740.6666666666666,26.928571428571427,94.43501326259948,Within Expected
85,1,37.33,22.85,15,14.479999999999997,965.3333333333331,42.18571428571428,88.48967152048765,Below Expected
131,2,92.05,82.03,21,10.019999999999996,477.142857142857,85.85714285714286,107.21297836938435,Within Expected
148,2,99.04,88.1,15,10.940000000000012,729.3333333333342,102.34285714285714,96.77275265214963,Within Expected
187,2,132.41,128.07,7,4.340000000000003,620.0000000000005,137.4142857142857,96.35824929826386,Within Expected
171,2,104.76,92.83,19,11.930000000000007,627.8947368421057,123.65714285714286,84.7181146025878,Below Expected
127,2,69.3,59.52,10,9.779999999999994,977.9999999999994,81.97142857142858,84.54165214360404,Below Expected
172,2,137.21,128.36,9,8.849999999999994,983.3333333333327,124.54285714285714,110.17091075934849,Above Expected
107,1,63.61,45.17,17,18.439999999999998,1084.705882352941,62.44285714285714,101.86913749714024,Within Expected
181,2,134.77,133.54,3,1.2300000000000182,410.0000000000061,132.34285714285713,101.83398100172714,Within Expected
157,2,99.57,86.49,11,13.079999999999998,1189.090909090909,110.78571428571429,89.87620889748548,Below Expected
138,2,84.53,64.43,18,20.099999999999994,1116.6666666666663,92.65714285714286,91.22880049337033,Within Expected
60,0,22.35,16.63,17,5.720000000000002,336.47058823529426,22.6,98.89380530973452,Within Expected
152,2,99.73,90.62,7,9.11,1301.4285714285713,106.11428571428571,93.98357565966613,Within Expected
49,0,13.62,11.4,5,2.219999999999999,443.9999999999998,15.4,88.44155844155843,Below Expected
115,1,51.46,46.84,4,4.619999999999997,1154.9999999999993,70.21428571428571,73.28992878942014,Below Expected
46,0,13.82,11.83,5,1.9900000000000002,398.0,14.028571428571428,98.5132382892057,Within Expected
94,1,54.98,42.32,19,12.659999999999997,666.315789473684,50.285714285714285,109.33522727272727,Within Expected
149,2,120.01,104.8,14,15.210000000000008,1086.428571428572,103.28571428571429,116.19225449515906,Above Expected
75,1,44.0,35.74,9,8.259999999999998,917.7777777777776,33.82857142857143,130.06756756756758,Above Expected
192,2,147.09,129.77,21,17.319999999999993,824.7619047619045,141.54285714285714,103.91905530884134,Within Expected
116,1,80.21,65.54,11,14.669999999999987,1333.6363636363624,71.18571428571428,112.67710214730083,Above Expected
170,2,158.77,155.02,4,3.75,937.5,122.77142857142857,129.32161973469866,Above Expected
159,2,116.41,95.07,19,21.340000000000003,1123.1578947368423,112.64285714285714,103.34432466708941,Within Expected
109,1,64.02,46.92,17,17.099999999999994,1005.8823529411762,64.38571428571429,99.43199467495008,Within Expected
195,2,147.93,136.55,12,11.379999999999995,948.3333333333329,143.9857142857143,102.73935906339915,Within Expected
124,1,73.94,69.19,9,4.75,527.7777777777778,79.02857142857142,93.56109906001447,Within Expected
178,2,137.55,130.37,10,7.180000000000007,718.0000000000007,129.77142857142857,105.99405548216644,Within Expected
116,1,70.66,50.93,20,19.729999999999997,986.4999999999998,71.18571428571428,99.26148906281357,Within Expected
46,0,16.2,14.91,3,1.2899999999999991,429.9999999999997,14.028571428571428,115.4786150712831,Above Expected
193,2,148.11,141.31,7,6.800000000000011,971.428571428573,142.35714285714286,104.04114400401406,Within Expected
106,1,55.7,35.7,21,20.0,952.3809523809523,61.47142857142857,90.61120148733443,Within Expected
36,0,10.06,5.95,15,4.11,274.0,9.885714285714286,101.76300578034683,Within Expected
70,1,30.1,25.63,11,4.470000000000002,406.3636363636366,29.9,100.66889632107024,Within Expected
71,1,33.86,22.77,15,11.09,739.3333333333333,30.685714285714283,110.34450651769087,Above Expected
58,0,23.69,16.98,14,6.710000000000001,479.2857142857144,21.2,111.74528301886792,Above Expected
38,0,9.86,8.08,8,1.7799999999999994,222.49999999999991,10.657142857142857,92.5201072386059,Within Expected
182,2,136.71,121.59,17,15.120000000000005,889.4117647058825,133.2,102.63513513513516,Within Expected
105,1,54.64,48.2,5,6.439999999999998,1287.9999999999995,60.5,90.31404958677686,Within Expected
123,1,68.55,55.55,12,13.0,1083.3333333333333,78.04285714285714,87.83635365183964,Below Expected
36,0,10.68,8.74,6,1.9399999999999995,323.33333333333326,9.885714285714286,108.03468208092484,Within Expected
73,1,26.51,15.94,16,10.570000000000002,660.6250000000001,32.25714285714285,82.1833480956599,Below Expected
118,1,75.99,64.93,19,11.059999999999988,582.1052631578941,73.12857142857142,103.9128736081266,Within Expected
106,1,67.3,62.86,5,4.439999999999998,887.9999999999995,61.47142857142857,109.48175691378108,Within Expected
137,2,96.97,85.96,10,11.010000000000005,1101.0000000000005,91.68571428571428,105.76347771891554,Within Expected
64,0,27.31,20.41,9,6.899999999999999,766.6666666666665,25.442857142857143,107.3385738349242,Within Expected
42,0,12.58,4.78,14,7.8,557.1428571428571,12.2,103.11475409836066,Within Expected
56,0,22.3,19.2,6,3.1000000000000014,516.666666666667,19.8,112.62626262626263,Above Expected
175,2,136.54,117.8,19,18.739999999999995,986.3157894736839,127.2,107.34276729559748,Within Expected
128,2,70.71,66.01,6,4.699999999999989,783.3333333333314,82.94285714285714,85.25146400275577,Below Expected
85,1,43.6,40.37,4,3.230000000000004,807.500000000001,42.18571428571428,103.3525228581104,Within Expected
183,2,122.18,109.27,19,12.91000000000001,679.4736842105269,134.04285714285714,91.14995204092509,Within Expected
84,1,47.25,30.82,14,16.43,1173.5714285714284,41.3,114.40677966101696,Above Expected
57,0,19.25,9.9,21,9.35,445.2380952380952,20.5,93.90243902439023,Within Expected
160,2,132.39,111.8,20,20.58999999999999,1029.4999999999993,113.57142857142857,116.5698113207547,Above Expected
185,2,124.67,119.75,5,4.920000000000002,984.0000000000003,135.72857142857143,91.85243658562257,Within Expected
98,1,55.99,47.38,13,8.61,662.3076923076923,54.0,103.68518518518519,Within Expected
88,1,44.3,24.59,18,19.709999999999997,1094.9999999999998,44.84285714285714,98.78942338324308,Within Expected
87,1,33.52,15.12,16,18.400000000000006,1150.0000000000005,43.957142857142856,76.25609359766007,Below Expected
122,1,78.3,64.37,16,13.929999999999993,870.6249999999995,77.05714285714285,101.61290322580645,Within Expected
169,2,136.64,123.2,13,13.439999999999984,1033.8461538461524,121.88571428571429,112.10501640881387,Above Expected
140,2,75.78,64.2,14,11.579999999999998,827.1428571428571,94.6,80.10570824524314,Below Expected
87,1,44.56,25.75,17,18.810000000000002,1106.4705882352944,43.957142857142856,101.37146571335718,Within Expected
74,1,33.59,31.53,4,2.0600000000000023,515.0000000000006,33.042857142857144,101.65585819282319,Within Expected
106,1,52.4,40.49,14,11.909999999999997,850.7142857142854,61.47142857142857,85.24285382291424,Below Expected
179,2,116.92,106.51,15,10.409999999999997,693.9999999999998,130.62857142857143,89.50568678915135,Below Expected
55,0,22.8,14.58,14,8.22,587.1428571428572,19.17142857142857,118.92697466467959,Above Expected
163,2,120.6,117.54,4,3.059999999999988,764.999999999997,116.35714285714286,103.646408839779,Within Expected
93,1,51.25,49.83,3,1.4200000000000017,473.3333333333339,49.357142857142854,103.83502170767005,Within Expected
133,2,94.84,78.6,17,16.24000000000001,955.2941176470594,87.8,108.01822323462416,Within Expected
43,0,13.74,12.56,5,1.1799999999999997,235.99999999999994,12.657142857142857,108.55530474040633,Within Expected
38,0,11.26,9.29,6,1.9700000000000006,328.3333333333334,10.657142857142857,105.656836461126,Within Expected
59,0,25.78,19.64,8,6.140000000000001,767.5000000000001,21.9,117.71689497716898,Above Expected
81,1,30.12,19.22,13,10.900000000000002,838.4615384615386,38.77142857142857,77.68607221812822,Below Expected
163,2,124.72,120.19,5,4.530000000000001,906.0000000000002,116.35714285714286,107.18723143032535,Within Expected
64,0,22.27,3.29,18,18.98,1054.4444444444446,25.442857142857143,87.52947782144862,Below Expected
75,1,29.78,23.54,6,6.240000000000002,1040.0000000000002,33.82857142857143,88.0320945945946,Below Expected
47,0,14.7,7.2,19,7.499999999999999,394.7368421052631,14.485714285714286,101.4792899408284,Within Expected
141,2,96.36,82.84,19,13.519999999999996,711.5789473684208,95.57142857142857,100.82511210762333,Within Expected
180,2,131.54,118.59,10,12.949999999999989,1294.9999999999989,131.48571428571427,100.04128639721861,Within Expected
105,1,54.73,44.74,11,9.989999999999995,908.1818181818178,60.5,90.46280991735537,Within Expected
170,2,118.7,99.96,17,18.74000000000001,1102.3529411764712,122.77142857142857,96.68373283686293,Within Expected
114,1,64.75,59.18,5,5.57,1114.0,69.24285714285713,93.51145038167941,Within Expected
132,2,82.47,61.46,16,21.009999999999998,1313.1249999999998,86.82857142857142,94.98025666337611,Within Expected
169,2,142.57,136.89,9,5.680000000000007,631.1111111111119,121.88571428571429,116.97022972339428,Above Expected
161,2,107.15,102.49,5,4.660000000000011,932.0000000000022,114.5,93.58078602620088,Within Expected
143,2,76.21,58.32,15,17.889999999999993,1192.6666666666663,97.51428571428572,78.15265162613535,Below Expected
45,0,12.53,6.08,13,6.449999999999999,496.15384615384613,13.571428571428571,92.32631578947368,Within Expected
134,2,61.31,56.77,4,4.539999999999999,1134.9999999999998,88.77142857142857,69.06501448342452,Below Expected
193,2,161.2,147.74,16,13.45999999999998,841.2499999999987,142.35714285714286,113.23632714500751,Above Expected
83,1,42.55,36.43,7,6.119999999999997,874.2857142857139,40.457142857142856,105.17302259887005,Within Expected
78,1,27.13,11.59,21,15.54,740.0,36.24285714285714,74.85612928655893,Below Expected
119,1,72.53,68.05,8,4.480000000000004,560.0000000000005,74.1,97.8812415654521,Within Expected
133,2,105.37,96.54,7,8.829999999999998,1261.428571428571,87.8,120.0113895216401,Above Expected
132,2,103.43,96.66,13,6.77000000000001,520.7692307692315,86.82857142857142,119.11977624218495,Above Expected
179,2,134.77,128.45,8,6.320000000000022,790.0000000000027,130.62857142857143,103.17038495188102,Within Expected
54,0,20.67,12.72,12,7.950000000000001,662.5000000000001,18.542857142857144,111.47149460708783,Above Expected
170,2,136.27,123.17,14,13.100000000000009,935.7142857142862,122.77142857142857,110.99488014894112,Above Expected
177,2,113.59,109.85,4,3.740000000000009,935.0000000000023,128.9142857142857,88.11281028368795,Below Expected
41,0,11.46,9.81,13,1.6500000000000004,126.92307692307695,11.814285714285713,97.00120918984283,Within Expected
196,2,149.31,139.98,15,9.330000000000013,622.0000000000009,144.8,103.1146408839779,Within Expected
119,1,76.46,72.16,4,4.299999999999997,1074.9999999999993,74.1,103.18488529014844,Within Expected
171,2,96.19,93.58,5,2.6099999999999994,521.9999999999999,123.65714285714286,77.78766173752311,Below Expected
186,2,117.15,112.39,7,4.760000000000005,680.0000000000007,136.57142857142856,85.77928870292888,Below Expected
86,1,31.11,24.45,13,6.66,512.3076923076924,43.07142857142857,72.22885572139303,Below Expected
89,1,46.23,43.6,6,2.6299999999999955,438.3333333333326,45.72857142857143,101.09653233364573,Within Expected
169,2,124.67,114.77,15,9.900000000000006,660.0000000000003,121.88571428571429,102.28434130332865,Within Expected
167,2,93.71,70.38,21,23.33,1110.952380952381,120.07142857142857,78.04521118381915,Below Expected
44,0,14.4,11.17,6,3.2300000000000004,538.3333333333335,13.114285714285714,109.80392156862746,Within Expected
73,1,25.9,5.9,21,20.0,952.3809523809523,32.25714285714285,80.29229406554474,Below Expected
121,1,77.36,68.33,9,9.030000000000001,1003.3333333333334,76.07142857142857,101.69389671361502,Within Expected
148,2,147.39,134.63,14,12.759999999999991,911.4285714285708,102.34285714285714,144.01591289782243,Above Expected
55,0,18.22,6.05,20,12.169999999999998,608.4999999999999,19.17142857142857,95.03725782414307,Within Expected
149,2,138.71,127.8,11,10.91000000000001,991.8181818181828,103.28571428571429,134.29737206085755,Above Expected
135,2,89.9,78.26,15,11.64,776.0,89.74285714285713,100.17510347023241,Within Expected
107,1,61.24,41.72,13,19.520000000000003,1501.5384615384617,62.44285714285714,98.07366735300846,Within Expected
140,2,88.7,82.34,6,6.359999999999999,1059.9999999999998,94.6,93.76321353065539,Within Expected
130,2,87.08,83.28,5,3.799999999999997,759.9999999999994,84.88571428571429,102.58498821945471,Within Expected
98,1,58.51,51.43,7,7.079999999999998,1011.4285714285711,54.0,108.35185185185185,Within Expected
154,2,109.4,106.64,7,2.760000000000005,394.285714285715,108.0,101.2962962962963,Within Expected
96,1,54.88,50.94,4,3.940000000000005,985.0000000000013,52.142857142857146,105.24931506849316,Within Expected
140,2,119.11,106.35,18,12.760000000000005,708.8888888888891,94.6,125.90909090909092,Above Expected
139,2,90.84,72.67,14,18.17,1297.8571428571431,93.62857142857142,97.02166615807141,Within Expected
55,0,20.77,7.61,18,13.16,731.1111111111112,19.17142857142857,108.33830104321909,Within Expected
128,2,64.61,58.41,7,6.200000000000003,885.7142857142861,82.94285714285714,77.89700310024114,Below Expected
122,1,86.19,70.92,20,15.269999999999996,763.4999999999999,77.05714285714285,111.85205784204672,Above Expected
68,0,32.73,28.16,6,4.569999999999997,761.6666666666662,28.414285714285715,115.18853695324283,Above Expected
91,1,40.56,31.6,9,8.96,995.5555555555557,47.5,85.38947368421053,Below Expected
161,2,99.85,96.3,5,3.549999999999997,709.9999999999994,114.5,87.20524017467248,Below Expected
100,1,55.79,37.46,14,18.33,1309.2857142857142,55.857142857142854,99.87979539641944,Within Expected
84,1,40.17,34.69,6,5.480000000000004,913.3333333333339,41.3,97.26392251815982,Within Expected
45,0,10.75,9.6,3,1.1500000000000004,383.3333333333335,13.571428571428571,79.21052631578948,Below Expected
155,2,107.13,91.01,20,16.11999999999999,805.9999999999995,108.92857142857143,98.34885245901638,Within Expected
82,1,37.8,28.42,19,9.379999999999995,493.68421052631555,39.614285714285714,95.42012261089073,Within Expected
153,2,90.32,80.46,7,9.86,1408.5714285714287,107.05714285714286,84.36615959434212,Below Expected
78,1,39.39,33.92,7,5.469999999999999,781.4285714285712,36.24285714285714,108.68348443042966,Within Expected
186,2,114.18,99.87,21,14.310000000000002,681.4285714285714,136.57142857142856,83.60460251046027,Below Expected
178,2,121.04,114.61,9,6.430000000000007,714.4444444444453,129.77142857142857,93.2716864817261,Within Expected
96,1,65.24,57.01,6,8.229999999999997,1371.666666666666,52.142857142857146,125.11780821917806,Above Expected
55,0,19.66,17.52,3,2.1400000000000006,713.3333333333335,19.17142857142857,102.54843517138599,Within Expected
166,2,121.86,109.63,15,12.230000000000004,815.3333333333336,119.14285714285714,102.28057553956835,Within Expected
107,1,66.47,52.73,14,13.740000000000002,981.4285714285716,62.44285714285714,106.44932509723175,Within Expected
68,0,27.46,19.64,14,7.82,558.5714285714286,28.414285714285715,96.64152840623429,Within Expected
109,1,57.96,51.23,11,6.730000000000004,611.8181818181821,64.38571428571429,90.01996893720879,Within Expected
96,1,49.26,37.53,16,11.729999999999997,733.1249999999998,52.142857142857146,94.47123287671232,Within Expected
136,2,113.7,104.98,10,8.719999999999999,871.9999999999999,90.71428571428571,125.33858267716536,Above Expected
173,2,118.98,109.87,19,9.11,479.4736842105263,125.42857142857143,94.85876993166286,Within Expected
69,0,31.34,24.17,11,7.169999999999998,651.8181818181816,29.157142857142855,107.48652621264088,Within Expected
174,2,165.73,153.37,20,12.359999999999985,617.9999999999992,126.31428571428572,131.20447862474552,Above Expected
159,2,113.14,108.6,4,4.540000000000006,1135.0000000000016,112.64285714285714,100.44134432466709,Within Expected
103,1,58.91,38.45,19,20.459999999999994,1076.8421052631577,58.642857142857146,100.45554202192449,Within Expected
144,2,91.07,79.27,14,11.799999999999997,842.8571428571427,98.48571428571428,92.47026399767914,Within Expected
86,1,46.87,25.93,15,20.939999999999998,1396.0,43.07142857142857,108.81923714759536,Within Expected
162,2,123.75,120.77,7,2.980000000000004,425.7142857142863,115.42857142857143,107.20915841584157,Within Expected
122,1,76.92,73.24,3,3.680000000000007,1226.666666666669,77.05714285714285,99.82202447163516,Within Expected
177,2,108.43,97.24,12,11.190000000000012,932.500000000001,128.9142857142857,84.11015070921987,Below Expected
101,1,50.85,45.22,6,5.630000000000003,938.3333333333338,56.785714285714285,89.54716981132076,Below Expected
83,1,39.11,14.62,21,24.490000000000002,1166.1904761904761,40.457142857142856,96.670197740113,Within Expected
33,0,8.08,5.21,9,2.87,318.8888888888889,8.871428571428572,91.07890499194846,Within Expected
148,2,103.11,89.4,15,13.709999999999994,913.9999999999995,102.34285714285714,100.749581239531,Within Expected
97,1,54.54,51.86,4,2.6799999999999997,669.9999999999999,53.07142857142857,102.7671601615074,Within Expected
157,2,108.84,94.59,17,14.25,838.2352941176471,110.78571428571429,98.24371373307544,Within Expected
93,1,49.31,27.76,21,21.55,1026.1904761904764,49.357142857142854,99.90448625180899,Within Expected
172,2,124.72,118.37,7,6.349999999999994,907.1428571428563,124.54285714285714,100.14223445744437,Within Expected
192,2,159.35,153.53,10,5.819999999999993,581.9999999999993,141.54285714285714,112.58074283407346,Above Expected
85,1,37.77,35.29,3,2.480000000000004,826.666666666668,42.18571428571428,89.53267863189977,Below Expected
122,1,65.16,43.24,21,21.919999999999995,1043.8095238095236,77.05714285714285,84.56062291434928,Below Expected
132,2,75.95,68.5,8,7.450000000000003,931.2500000000003,86.82857142857142,87.47120763409018,Below Expected
131,2,86.98,71.8,16,15.180000000000007,948.7500000000005,85.85714285714286,101.30782029950083,Within Expected
108,1,57.11,53.46,4,3.6499999999999986,912.4999999999997,63.41428571428571,90.05857175039424,Within Expected
123,1,91.81,83.25,10,8.560000000000002,856.0000000000002,78.04285714285714,117.64049057294528,Above Expected
99,1,49.39,39.07,14,10.32,737.1428571428572,54.92857142857143,89.91677503250976,Below Expected
142,2,85.8,73.14,13,12.659999999999997,973.8461538461536,96.54285714285714,88.87244746966557,Below Expected
163,2,125.08,116.67,9,8.409999999999997,934.4444444444441,116.35714285714286,107.49662369551871,Within Expected
168,2,128.34,121.35,7,6.990000000000009,998.5714285714299,121.0,106.06611570247935,Within Expected
107,1,65.97,50.71,17,15.259999999999998,897.6470588235293,62.44285714285714,105.64859299931366,Within Expected
114,1,82.32,67.85,20,14.469999999999999,723.4999999999999,69.24285714285713,118.88590880957295,Above Expected
51,0,14.2,9.69,11,4.51,410.0,16.65714285714286,85.24871355060033,Below Expected
183,2,129.48,114.86,15,14.61999999999999,974.6666666666661,134.04285714285714,96.59597143770648,Within Expected
146,2,89.05,68.07,21,20.980000000000004,999.0476190476192,100.42857142857143,88.66998577524893,Below Expected
130,2,69.85,65.02,8,4.829999999999998,603.7499999999998,84.88571428571429,82.2871087176035,Below Expected
119,1,73.44,63.98,10,9.46,946.0000000000001,74.1,99.10931174089069,Within Expected
191,2,146.26,142.93,4,3.329999999999984,832.499999999996,140.72857142857143,103.93056542482996,Within Expected
88,1,50.53,47.69,4,2.8400000000000034,710.0000000000009,44.84285714285714,112.68238292449826,Above Expected
132,2,106.84,81.42,18,25.42,1412.2222222222222,86.82857142857142,123.04705495228696,Above Expected
116,1,74.78,52.92,21,21.86,1040.952380952381,71.18571428571428,105.04916716837246,Within Expected
111,1,58.37,48.21,15,10.159999999999997,677.3333333333331,66.32857142857142,88.00129226793022,Below Expected
133,2,94.24,76.87,12,17.36999999999999,1447.499999999999,87.8,107.33485193621868,Within Expected
40,0,10.16,5.33,10,4.83,483.0,11.428571428571429,88.9,Below Expected
92,1,56.33,44.19,18,12.14,674.4444444444445,48.42857142857143,116.31563421828908,Above Expected
97,1,65.59,54.17,17,11.420000000000002,671.764705882353,53.07142857142857,123.58815612382234,Above Expected
87,1,41.89,22.44,19,19.45,1023.6842105263157,43.957142857142856,95.29736756581086,Within Expected
182,2,121.39,93.29,20,28.099999999999994,1404.9999999999998,133.2,91.13363363363364,Within Expected
58,0,19.64,10.91,10,8.73,873.0,21.2,92.64150943396227,Within Expected
123,1,74.23,71.69,3,2.5400000000000063,846.6666666666688,78.04285714285714,95.1144060040271,Within Expected
146,2,87.45,81.29,5,6.159999999999997,1231.9999999999993,100.42857142857143,87.07681365576101,Below Expected
119,1,68.1,55.7,13,12.399999999999991,953.8461538461532,74.1,91.90283400809717,Within Expected
107,1,49.09,45.81,4,3.280000000000001,820.0000000000002,62.44285714285714,78.61587737359872,Below Expected
189,2,157.63,141.31,21,16.319999999999993,777.1428571428568,139.1,113.32135154565061,Above Expected
100,1,57.42,49.62,7,7.800000000000004,1114.285714285715,55.857142857142854,102.79795396419438,Within Expected
55,0,22.67,17.1,10,5.57,557.0,19.17142857142857,118.24888226527572,Above Expected
75,1,31.21,24.21,9,7.0,777.7777777777778,33.82857142857143,92.25929054054053,Within Expected
194,2,133.5,113.12,20,20.379999999999995,1018.9999999999997,143.17142857142858,93.24486130512871,Within Expected
91,1,39.27,35.0,4,4.270000000000003,1067.5000000000007,47.5,82.67368421052632,Below Expected
107,1,54.02,46.21,7,7.810000000000002,1115.714285714286,62.44285714285714,86.51109585907115,Below Expected
32,0,7.75,6.06,9,1.6900000000000004,187.77777777777783,8.557142857142857,90.56761268781302,Within Expected
146,2,107.79,89.31,18,18.480000000000004,1026.6666666666667,100.42857142857143,107.33001422475108,Within Expected
124,1,80.97,71.34,9,9.629999999999995,1069.9999999999993,79.02857142857142,102.45661605206074,Within Expected
65,0,27.41,24.05,4,3.3599999999999994,839.9999999999999,26.185714285714283,104.67539552645937,Within Expected
33,0,7.93,4.46,12,3.4699999999999998,289.16666666666663,8.871428571428572,89.38808373590982,Below Expected
53,0,20.87,16.76,21,4.109999999999999,195.71428571428567,17.914285714285715,116.49920255183413,Above Expected
85,1,39.48,23.59,17,15.889999999999997,934.7058823529411,42.18571428571428,93.58618354216051,Within Expected
81,1,36.6,27.25,19,9.350000000000001,492.1052631578948,38.77142857142857,94.39941046425939,Within Expected
138,2,99.98,78.3,20,21.680000000000007,1084.0000000000002,92.65714285714286,107.9031760715387,Within Expected
71,1,28.63,26.3,4,2.3299999999999983,582.4999999999995,30.685714285714283,93.30074487895718,Within Expected
70,1,23.23,20.13,4,3.1000000000000014,775.0000000000003,29.9,77.6923076923077,Below Expected
56,0,13.85,6.17,17,7.68,451.7647058823529,19.8,69.94949494949495,Below Expected
42,0,13.52,11.21,7,2.3099999999999987,329.9999999999998,12.2,110.81967213114754,Above Expected
117,1,57.02,50.82,8,6.200000000000003,775.0000000000003,72.15714285714286,79.02197584636706,Below Expected
164,2,113.96,110.55,4,3.4099999999999966,852.4999999999991,117.28571428571429,97.16443361753959,Within Expected
89,1,49.84,44.49,11,5.350000000000001,486.3636363636365,45.72857142857143,108.99094033114653,Within Expected
166,2,132.77,121.56,12,11.210000000000008,934.1666666666673,119.14285714285714,111.43764988009595,Above Expected
87,1,50.83,37.19,18,13.64,757.7777777777778,43.957142857142856,115.6353591160221,Above Expected
110,1,70.16,63.29,9,6.869999999999997,763.333333333333,65.35714285714286,107.34863387978142,Within Expected
45,0,11.74,6.5,10,5.24,524.0,13.571428571428571,86.50526315789475,Below Expected
55,0,18.65,8.07,19,10.579999999999998,556.8421052631578,19.17142857142857,97.28017883755588,Within Expected
145,2,113.41,93.04,16,20.36999999999999,1273.1249999999993,99.45714285714286,114.02901465096235,Above Expected
39,0,9.95,8.94,3,1.0099999999999998,336.66666666666663,11.042857142857143,90.10349288486415,Within Expected
96,1,51.99,35.26,20,16.730000000000004,836.5000000000002,52.142857142857146,99.7068493150685,Within Expected
111,1,76.08,61.52,16,14.559999999999995,909.9999999999997,66.32857142857142,114.70170148610812,Above Expected
51,0,16.88,10.53,14,6.35,453.57142857142856,16.65714285714286,101.33790737564321,Within Expected
195,2,137.11,129.15,10,7.960000000000008,796.0000000000008,143.9857142857143,95.22472467506698,Within Expected
59,0,18.71,14.32,9,4.390000000000001,487.7777777777779,21.9,85.43378995433791,Below Expected
51,0,17.77,11.96,19,5.809999999999999,305.78947368421046,16.65714285714286,106.68096054888507,Within Expected
95,1,56.81,39.52,18,17.29,960.5555555555555,51.214285714285715,110.9260808926081,Above Expected
45,0,11.21,6.63,11,4.580000000000001,416.36363636363643,13.571428571428571,82.60000000000001,Below Expected
121,1,70.75,60.64,9,10.11,1123.3333333333333,76.07142857142857,93.00469483568075,Within Expected
196,2,176.8,166.09,13,10.710000000000008,823.8461538461545,144.8,122.09944751381214,Above Expected
167,2,107.34,98.8,12,8.540000000000006,711.6666666666672,120.07142857142857,89.39678762641286,Below Expected
130,2,77.2,60.92,19,16.28,856.8421052631579,84.88571428571429,90.94580949175362,Within Expected
156,2,101.48,91.62,10,9.86,986.0,109.85714285714286,92.37451235370612,Within Expected
148,2,101.69,84.91,15,16.78,1118.6666666666667,102.34285714285714,99.36208821887213,Within Expected
151,2,100.03,93.05,7,6.980000000000004,997.1428571428577,105.17142857142858,95.11138277641945,Within Expected
103,1,57.16,52.14,5,5.019999999999996,1003.9999999999991,58.642857142857146,97.47137637028014,Within Expected
59,0,27.5,23.03,9,4.469999999999999,496.6666666666665,21.9,125.57077625570776,Above Expected
44,0,11.0,6.76,11,4.24,385.4545454545455,13.114285714285714,83.87799564270153,Below Expected
95,1,45.0,31.46,20,13.54,676.9999999999999,51.214285714285715,87.86610878661088,Below Expected
84,1,41.74,36.77,4,4.969999999999999,1242.4999999999998,41.3,101.06537530266344,Within Expected
169,2,114.64,111.37,11,3.269999999999996,297.2727272727269,121.88571428571429,94.05532114392874,Within Expected
174,2,121.96,118.16,7,3.799999999999997,542.8571428571424,126.31428571428572,96.55281610495362,Within Expected
163,2,119.74,105.16,17,14.579999999999998,857.6470588235293,116.35714285714286,102.90730509515038,Within Expected
174,2,158.46,155.74,3,2.719999999999999,906.6666666666663,126.31428571428572,125.4489934403981,Above Expected
152,2,92.4,82.87,10,9.530000000000001,953.0000000000001,106.11428571428571,87.07592891760906,Below Expected
179,2,161.22,149.23,12,11.990000000000009,999.1666666666674,130.62857142857143,123.41863517060368,Above Expected
42,0,12.53,10.46,4,2.0699999999999985,517.4999999999997,12.2,102.70491803278689,Within Expected
87,1,45.38,32.56,19,12.82,674.7368421052632,43.957142857142856,103.23691907702309,Within Expected
87,1,44.2,38.95,8,5.25,656.25,43.957142857142856,100.55248618784532,Within Expected
87,1,49.58,39.08,21,10.5,500.0,43.957142857142856,112.79168020799479,Above Expected
78,1,38.91,30.59,9,8.319999999999997,924.4444444444441,36.24285714285714,107.35908553409539,Within Expected
52,0,18.32,9.51,16,8.81,550.625,17.285714285714285,105.98347107438018,Within Expected
32,0,9.9,8.02,6,1.8800000000000008,313.3333333333335,8.557142857142857,115.69282136894824,Above Expected
120,1,73.76,58.28,20,15.480000000000004,774.0000000000002,75.08571428571427,98.23439878234402,Within Expected
82,1,42.13,30.68,12,11.450000000000003,954.166666666667,39.614285714285714,106.35052289938696,Within Expected
178,2,134.63,123.9,11,10.72999999999999,975.4545454545446,129.77142857142857,103.74394539850287,Within Expected
188,2,162.54,150.75,12,11.789999999999992,982.4999999999993,138.25714285714284,117.56354618722878,Above Expected
164,2,134.46,120.79,17,13.670000000000002,804.1176470588236,117.28571428571429,114.64311814859927,Above Expected
57,0,22.88,19.81,7,3.0700000000000003,438.5714285714286,20.5,111.60975609756096,Above Expected
166,2,110.02,102.69,9,7.329999999999998,814.4444444444443,119.14285714285714,92.34292565947241,Within Expected
148,2,112.19,104.08,7,8.11,1158.5714285714287,102.34285714285714,109.62171970965942,Within Expected
130,2,84.18,61.95,21,22.230000000000004,1058.5714285714287,84.88571428571429,99.1686300908785,Within Expected
89,1,39.36,22.26,20,17.099999999999998,854.9999999999999,45.72857142857143,86.0731021555764,Below Expected
77,1,35.19,19.94,17,15.249999999999996,897.0588235294116,35.4,99.40677966101694,Within Expected
119,1,71.85,45.35,17,26.499999999999993,1558.8235294117642,74.1,96.96356275303644,Within Expected
76,1,39.17,32.82,12,6.350000000000001,529.1666666666667,34.614285714285714,113.16137020222865,Above Expected
143,2,88.96,77.39,8,11.569999999999993,1446.249999999999,97.51428571428572,91.22765895106943,Within Expected
136,2,90.35,80.27,13,10.079999999999998,775.3846153846152,90.71428571428571,99.5984251968504,Within Expected
61,0,23.07,9.06,19,14.01,737.3684210526316,23.3,99.01287553648068,Within Expected
53,0,16.57,6.72,21,9.850000000000001,469.0476190476191,17.914285714285715,92.49601275917065,Within Expected
37,0,12.4,7.79,14,4.61,329.2857142857143,10.27142857142857,120.72322670375524,Above Expected
50,0,19.51,5.11,18,14.400000000000002,800.0000000000001,16.02857142857143,121.72014260249556,Above Expected
114,1,76.02,58.03,18,17.989999999999995,999.4444444444441,69.24285714285713,109.78749742108522,Within Expected
118,1,76.42,55.52,16,20.9,1306.25,73.12857142857142,104.50087907794492,Within Expected
113,1,51.81,36.29,14,15.520000000000003,1108.5714285714287,68.27142857142857,75.88826114249844,Below Expected
102,1,45.92,37.12,16,8.800000000000004,550.0000000000002,57.714285714285715,79.56435643564357,Below Expected
154,2,122.85,117.93,5,4.9199999999999875,983.9999999999975,108.0,113.75,Above Expected
135,2,98.31,84.99,9,13.320000000000007,1480.000000000001,89.74285714285713,109.54632282712512,Within Expected
75,1,35.42,28.54,13,6.880000000000003,529.2307692307694,33.82857142857143,104.70439189189189,Within Expected
108,1,75.24,61.11,15,14.129999999999995,941.9999999999998,63.41428571428571,118.64834422167154,Above Expected
131,2,85.61,77.5,8,8.11,1013.7499999999999,85.85714285714286,99.71214642262895,Within Expected
67,0,32.47,20.65,20,11.82,591.0,27.67142857142857,117.34124935467216,Above Expected
120,1,76.04,73.78,3,2.260000000000005,753.3333333333351,75.08571428571427,101.2709284627093,Within Expected
151,2,115.65,104.28,15,11.370000000000005,758.0000000000003,105.17142857142858,109.96332518337408,Within Expected
162,2,139.99,135.15,5,4.840000000000003,968.0000000000007,115.42857142857143,121.27846534653466,Above Expected
50,0,17.63,13.24,8,4.389999999999999,548.7499999999999,16.02857142857143,109.99108734402851,Within Expected
93,1,50.45,38.35,8,12.100000000000001,1512.5000000000002,49.357142857142854,102.21418234442838,Within Expected
178,2,123.24,108.94,16,14.299999999999997,893.7499999999998,129.77142857142857,94.9669749009247,Within Expected
114,1,87.35,72.84,15,14.509999999999991,967.3333333333327,69.24285714285713,126.15019599752426,Above Expected
155,2,114.39,110.68,4,3.7099999999999937,927.4999999999984,108.92857142857143,105.01377049180327,Within Expected
90,1,49.21,39.32,9,9.89,1098.888888888889,46.614285714285714,105.56849524977014,Within Expected
53,0,16.66,12.62,8,4.040000000000001,505.0000000000001,17.914285714285715,92.99840510366826,Within Expected
188,2,158.35,136.53,17,21.819999999999993,1283.5294117647056,138.25714285714284,114.532961355652,Above Expected
41,0,14.68,9.37,12,5.3100000000000005,442.50000000000006,11.814285714285713,124.25634824667473,Above Expected
66,0,27.34,20.52,8,6.82,852.5,26.928571428571427,101.52785145888595,Within Expected
78,1,33.98,22.32,16,11.659999999999997,728.7499999999998,36.24285714285714,93.75640520299567,Within Expected
137,2,89.33,77.78,11,11.549999999999997,1049.9999999999998,91.68571428571428,97.43066375818012,Within Expected
194,2,135.33,126.12,19,9.210000000000008,484.7368421052636,143.17142857142858,94.52304929155858,Within Expected
57,0,22.68,17.76,9,4.919999999999998,546.6666666666664,20.5,110.63414634146342,Above Expected
52,0,15.7,6.04,19,9.66,508.421052631579,17.285714285714285,90.82644628099173,Within Expected
59,0,19.94,15.66,5,4.280000000000001,856.0000000000002,21.9,91.05022831050229,Within Expected
195,2,155.96,136.18,16,19.78,1236.25,143.9857142857143,108.31630122035915,Within Expected
53,0,17.42,12.9,9,4.520000000000001,502.22222222222234,17.914285714285715,97.24082934609251,Within Expected
88,1,37.49,27.36,10,10.130000000000003,1013.0000000000003,44.84285714285714,83.60305829882128,Below Expected
156,2,120.54,107.15,11,13.39,1217.2727272727273,109.85714285714286,109.72431729518857,Within Expected
115,1,81.08,58.88,17,22.199999999999996,1305.8823529411764,70.21428571428571,115.47507629704985,Above Expected
178,2,136.12,124.89,11,11.230000000000004,1020.9090909090912,129.77142857142857,104.89211800968737,Within Expected
133,2,104.19,92.37,14,11.819999999999993,844.2857142857138,87.8,118.66742596810933,Above Expected
165,2,108.08,98.31,10,9.769999999999996,976.9999999999997,118.21428571428571,91.42719033232629,Within Expected
153,2,119.2,104.41,17,14.790000000000006,870.0000000000003,107.05714285714286,111.34240725914064,Above Expected
144,2,101.72,97.83,5,3.8900000000000006,778.0000000000001,98.48571428571428,103.28401508558167,Within Expected
53,0,19.64,16.39,5,3.25,650.0,17.914285714285715,109.63317384370018,Within Expected
130,2,102.53,92.3,19,10.230000000000004,538.4210526315792,84.88571428571429,120.78593066307641,Above Expected
43,0,12.98,4.41,18,8.57,476.11111111111114,12.657142857142857,102.5507900677201,Within Expected
171,2,125.9,109.79,15,16.11,1074.0,123.65714285714286,101.8137707948244,Within Expected
79,1,38.39,26.23,14,12.16,868.5714285714286,37.08571428571428,103.5169491525424,Within Expected
154,2,86.36,74.9,9,11.459999999999994,1273.3333333333326,108.0,79.96296296296296,Below Expected
118,1,76.79,66.63,15,10.16000000000001,677.333333333334,73.12857142857142,105.0068372729049,Within Expected
52,0,14.86,4.65,14,10.209999999999999,729.2857142857142,17.285714285714285,85.96694214876032,Below Expected
34,0,11.01,9.03,8,1.9800000000000004,247.50000000000006,9.185714285714287,119.86003110419905,Above Expected
50,0,15.94,10.76,13,5.18,398.4615384615384,16.02857142857143,99.44741532976828,Within Expected
59,0,26.85,25.14,3,1.7100000000000009,570.0000000000002,21.9,122.60273972602742,Above Expected
70,1,36.29,24.42,15,11.869999999999997,791.3333333333331,29.9,121.37123745819397,Above Expected
101,1,61.29,36.71,21,24.58,1170.4761904761904,56.785714285714285,107.93207547169811,Within Expected
50,0,17.35,15.24,3,2.110000000000001,703.3333333333337,16.02857142857143,108.24420677361854,Within Expected
113,1,72.45,65.93,8,6.519999999999996,814.9999999999995,68.27142857142857,106.120527306968,Within Expected
67,0,21.85,17.11,7,4.740000000000002,677.1428571428573,27.67142857142857,78.96231285493032,Below Expected
192,2,139.69,136.41,7,3.280000000000001,468.5714285714287,141.54285714285714,98.69095680258376,Within Expected
126,2,74.33,68.83,4,5.5,1375.0,81.0,91.76543209876543,Within Expected
105,1,67.92,53.98,21,13.940000000000005,663.8095238095241,60.5,112.26446280991735,Above Expected
133,2,106.13,83.15,19,22.97999999999999,1209.4736842105258,87.8,120.87699316628702,Above Expected
46,0,15.55,9.6,20,5.950000000000001,297.50000000000006,14.028571428571428,110.84521384928718,Above Expected
157,2,84.37,64.91,21,19.460000000000008,926.6666666666671,110.78571428571429,76.15602836879432,Below Expected
158,2,98.43,81.72,18,16.710000000000008,928.3333333333338,111.71428571428571,88.10869565217392,Below Expected
176,2,119.03,116.37,4,2.6599999999999966,664.9999999999991,128.05714285714285,92.95069165551094,Within Expected
77,1,32.44,27.92,6,4.519999999999996,753.3333333333327,35.4,91.63841807909604,Within Expected
173,2,131.36,115.26,11,16.10000000000001,1463.6363636363644,125.42857142857143,104.72892938496582,Within Expected
59,0,21.42,17.76,5,3.66,732.0,21.9,97.8082191780822,Within Expected
142,2,112.93,108.39,4,4.540000000000006,1135.0000000000016,96.54285714285714,116.97395679195029,Above Expected
100,1,59.22,52.91,8,6.310000000000002,788.7500000000002,55.857142857142854,106.02046035805628,Within Expected
77,1,36.28,24.1,14,12.18,870.0,35.4,102.4858757062147,Within Expected
133,2,79.62,71.55,9,8.070000000000007,896.6666666666675,87.8,90.68337129840548,Within Expected
50,0,19.88,17.55,4,2.3299999999999983,582.4999999999995,16.02857142857143,124.02852049910874,Above Expected
56,0,17.39,7.52,12,9.870000000000001,822.5000000000001,19.8,87.82828282828284,Below Expected
101,1,33.55,24.1,8,9.449999999999996,1181.2499999999995,56.785714285714285,59.0817610062893,Below Expected
53,0,13.03,5.95,11,7.079999999999999,643.6363636363635,17.914285714285715,72.73524720893143,Below Expected
90,1,38.95,22.85,12,16.1,1341.6666666666667,46.614285714285714,83.55807539074472,Below Expected
175,2,120.04,116.41,5,3.6300000000000097,726.0000000000019,127.2,94.37106918238995,Within Expected
103,1,57.82,52.41,5,5.410000000000004,1082.0000000000007,58.642857142857146,98.59683313032886,Within Expected
31,0,7.85,5.81,8,2.04,255.0,8.242857142857144,95.23396880415943,Within Expected
56,0,23.48,14.07,17,9.41,553.529411764706,19.8,118.58585858585859,Above Expected
29,0,6.86,5.53,5,1.33,266.0,7.614285714285714,90.093808630394,Within Expected
46,0,12.51,1.86,21,10.65,507.1428571428571,14.028571428571428,89.17515274949083,Below Expected
63,0,27.53,19.56,12,7.970000000000002,664.1666666666669,24.7,111.45748987854252,Above Expected
47,0,12.05,5.42,19,6.630000000000001,348.94736842105266,14.485714285714286,83.1854043392505,Below Expected
80,1,36.65,19.68,21,16.97,808.0952380952381,37.92857142857142,96.62900188323918,Within Expected
161,2,91.15,81.52,17,9.63000000000001,566.4705882352947,114.5,79.60698689956332,Below Expected
146,2,95.07,90.53,5,4.539999999999992,907.9999999999984,100.42857142857143,94.66429587482217,Within Expected
62,0,21.08,15.19,10,5.889999999999999,588.9999999999999,24.0,87.83333333333333,Below Expected
48,0,15.6,8.24,18,7.359999999999999,408.88888888888886,14.942857142857143,104.39770554493309,Within Expected
134,2,108.32,91.53,17,16.789999999999992,987.6470588235289,88.77142857142857,122.02124235597039,Above Expected
79,1,28.36,20.7,14,7.66,547.1428571428571,37.08571428571428,76.47149460708783,Below Expected
147,2,98.22,82.61,18,15.61,867.2222222222222,101.4,96.86390532544378,Within Expected
86,1,46.74,39.16,9,7.580000000000005,842.2222222222229,43.07142857142857,108.51741293532339,Within Expected
149,2,99.19,85.7,17,13.489999999999995,793.5294117647056,103.28571428571429,96.03457814661134,Within Expected
32,0,9.41,7.53,8,1.88,235.0,8.557142857142857,109.96661101836393,Within Expected
117,1,68.13,62.13,5,5.999999999999993,1199.9999999999986,72.15714285714286,94.41892694515937,Within Expected
144,2,118.04,110.59,9,7.450000000000003,827.777777777778,98.48571428571428,119.85494633014217,Above Expected
99,1,69.23,61.82,11,7.410000000000004,673.636363636364,54.92857142857143,126.03641092327697,Above Expected
191,2,159.24,149.54,19,9.700000000000017,510.5263157894746,140.72857142857143,113.15399451832302,Above Expected
64,0,20.35,18.22,3,2.1300000000000026,710.0000000000009,25.442857142857143,79.9831555306008,Below Expected
158,2,110.62,98.97,14,11.650000000000006,832.1428571428576,111.71428571428571,99.02046035805627,Within Expected
110,1,52.36,41.36,9,11.0,1222.2222222222224,65.35714285714286,80.11366120218578,Below Expected
139,2,71.0,62.06,12,8.939999999999998,744.9999999999998,93.62857142857142,75.83155324992373,Below Expected
176,2,101.9,94.67,8,7.230000000000004,903.7500000000005,128.05714285714285,79.57385095939313,Below Expected
76,1,35.7,22.7,11,13.000000000000004,1181.8181818181822,34.614285714285714,103.13660751134957,Within Expected
170,2,115.22,108.13,9,7.090000000000003,787.7777777777782,122.77142857142857,93.84919711426576,Within Expected
94,1,55.16,51.29,6,3.8699999999999974,644.9999999999995,50.285714285714285,109.69318181818181,Within Expected
67,0,24.41,14.78,11,9.63,875.4545454545455,27.67142857142857,88.21373257614869,Below Expected
65,0,27.54,18.43,14,9.11,650.7142857142857,26.185714285714283,105.17184942716857,Within Expected
135,2,95.36,86.51,8,8.849999999999994,1106.2499999999993,89.74285714285713,106.25915313594399,Within Expected
151,2,114.88,110.73,4,4.1499999999999915,1037.499999999998,105.17142857142858,109.23118717739743,Within Expected
67,0,25.51,17.5,11,8.010000000000002,728.1818181818184,27.67142857142857,92.18895198760971,Within Expected
150,2,137.34,114.56,20,22.78,1139.0,104.22857142857143,131.76809210526318,Above Expected
181,2,140.02,134.03,7,5.990000000000009,855.714285714287,132.34285714285713,105.80094991364423,Within Expected
50,0,18.56,13.25,12,5.309999999999999,442.4999999999999,16.02857142857143,115.79322638146168,Above Expected
96,1,53.65,50.51,4,3.1400000000000006,785.0000000000001,52.142857142857146,102.8904109589041,Within Expected
74,1,26.51,21.88,15,4.630000000000003,308.6666666666668,33.042857142857144,80.22913964548206,Below Expected
76,1,32.34,25.81,9,6.530000000000005,725.5555555555561,34.614285714285714,93.42963268675197,Within Expected
114,1,75.51,59.33,14,16.180000000000007,1155.7142857142862,69.24285714285713,109.05095935630288,Within Expected
85,1,45.34,32.66,16,12.680000000000007,792.5000000000005,42.18571428571428,107.4771418896038,Within Expected
181,2,129.27,124.9,4,4.3700000000000045,1092.5000000000011,132.34285714285713,97.67810880829018,Within Expected
106,1,71.87,58.65,18,13.220000000000006,734.4444444444448,61.47142857142857,116.91610504299328,Above Expected
80,1,31.52,22.11,11,9.41,855.4545454545455,37.92857142857142,83.10357815442562,Below Expected
96,1,50.81,34.06,19,16.75,881.578947368421,52.142857142857146,97.44383561643836,Within Expected
121,1,70.38,56.3,15,14.079999999999998,938.6666666666665,76.07142857142857,92.51830985915493,Within Expected
53,0,22.5,12.95,17,9.55,561.7647058823529,17.914285714285715,125.5980861244019,Above Expected
71,1,27.84,18.24,18,9.600000000000001,533.3333333333335,30.685714285714283,90.72625698324023,Within Expected
147,2,104.73,89.04,13,15.689999999999998,1206.9230769230767,101.4,103.28402366863905,Within Expected
172,2,123.05,117.56,9,5.489999999999995,609.9999999999994,124.54285714285714,98.80133058040835,Within Expected
189,2,112.96,102.84,13,10.11999999999999,778.4615384615378,139.1,81.2077641984184,Below Expected
87,1,39.05,32.98,9,6.07,674.4444444444445,43.957142857142856,88.83652908677283,Below Expected
92,1,47.27,34.51,12,12.760000000000005,1063.3333333333337,48.42857142857143,97.60766961651917,Within Expected
145,2,67.08,51.42,16,15.659999999999997,978.7499999999998,99.45714285714286,67.44613616776788,Below Expected
51,0,16.24,6.26,18,9.979999999999999,554.4444444444445,16.65714285714286,97.49571183533446,Within Expected
158,2,122.54,109.5,15,13.040000000000006,869.3333333333337,111.71428571428571,109.690537084399,Within Expected
76,1,41.99,26.84,15,15.150000000000002,1010.0000000000002,34.614285714285714,121.3082955014445,Above Expected
168,2,110.53,98.85,15,11.680000000000007,778.6666666666672,121.0,91.34710743801652,Within Expected
184,2,125.2,116.06,11,9.14,830.9090909090909,134.88571428571427,92.81931794111419,Within Expected
175,2,135.66,132.56,6,3.0999999999999943,516.6666666666657,127.2,106.65094339622641,Within Expected
118,1,79.39,49.26,21,30.130000000000003,1434.7619047619048,73.12857142857142,108.56221918343427,Within Expected
170,2,109.46,104.22,8,5.239999999999995,654.9999999999993,122.77142857142857,89.15755178031183,Below Expected
129,2,97.73,85.59,11,12.14,1103.6363636363637,83.91428571428571,116.46407899216888,Above Expected
143,2,102.11,96.85,4,5.260000000000005,1315.0000000000014,97.51428571428572,104.71286258423673,Within Expected
183,2,157.23,145.86,11,11.369999999999976,1033.6363636363615,134.04285714285714,117.29830544601938,Above Expected
49,0,13.78,3.27,16,10.51,656.875,15.4,89.48051948051948,Below Expected
124,1,59.54,37.05,20,22.490000000000002,1124.5,79.02857142857142,75.33984092552423,Below Expected
171,2,122.36,103.87,18,18.489999999999995,1027.222222222222,123.65714285714286,98.95101663585952,Within Expected
189,2,130.7,127.49,7,3.2099999999999937,458.5714285714277,139.1,93.96117900790799,Within Expected
147,2,120.34,117.38,18,2.960000000000008,164.44444444444488,101.4,118.67850098619328,Above Expected
93,1,45.93,27.41,18,18.52,1028.888888888889,49.357142857142854,93.05643994211289,Within Expected
183,2,120.74,111.93,12,8.809999999999988,734.1666666666656,134.04285714285714,90.07566876265585,Within Expected
56,0,19.78,16.14,10,3.6400000000000006,364.00000000000006,19.8,99.8989898989899,Within Expected
59,0,19.69,6.55,18,13.14,730.0,21.9,89.90867579908677,Below Expected
84,1,50.69,40.14,15,10.549999999999997,703.3333333333331,41.3,122.73607748184018,Above Expected
84,1,38.44,24.0,18,14.439999999999998,802.2222222222221,41.3,93.07506053268764,Within Expected
80,1,35.75,29.14,9,6.609999999999999,734.4444444444443,37.92857142857142,94.25612052730699,Within Expected
138,2,81.26,58.68,20,22.580000000000005,1129.0000000000002,92.65714285714286,87.69966080789393,Below Expected
163,2,102.7,98.7,8,4.0,500.0,116.35714285714286,88.26273787599754,Below Expected
128,2,80.71,62.56,19,18.14999999999999,955.2631578947364,82.94285714285714,97.30795728556666,Within Expected
106,1,49.65,32.64,19,17.009999999999998,895.2631578947368,61.47142857142857,80.76923076923077,Below Expected
39,0,9.22,3.74,12,5.48,456.66666666666674,11.042857142857143,83.49288486416559,Below Expected
85,1,49.86,41.56,10,8.299999999999997,829.9999999999998,42.18571428571428,118.1916694886556,Above Expected
178,2,135.76,124.35,16,11.409999999999997,713.1249999999998,129.77142857142857,104.61470717745487,Within Expected
152,2,95.3,84.39,10,10.909999999999997,1090.9999999999998,106.11428571428571,89.80883144857297,Below Expected
106,1,50.28,43.72,9,6.560000000000002,728.8888888888891,61.47142857142857,81.79409714152918,Below Expected
100,1,49.7,47.11,3,2.5900000000000034,863.3333333333345,55.857142857142854,88.9769820971867,Below Expected
64,0,29.59,24.72,8,4.870000000000001,608.7500000000001,25.442857142857143,116.29983155530601,Above Expected
39,0,11.53,10.12,4,1.4100000000000001,352.50000000000006,11.042857142857143,104.41138421733504,Within Expected
102,1,50.99,43.42,9,7.57,841.1111111111111,57.714285714285715,88.34900990099011,Below Expected
105,1,68.94,61.43,11,7.509999999999998,682.7272727272725,60.5,113.9504132231405,Above Expected
61,0,25.8,19.29,11,6.510000000000002,591.8181818181819,23.3,110.72961373390558,Above Expected
145,2,96.48,86.86,10,9.620000000000005,962.0000000000005,99.45714285714286,97.00660729675381,Within Expected
180,2,149.89,147.26,5,2.6299999999999955,525.9999999999991,131.48571428571427,113.99717514124295,Above Expected
165,2,133.33,117.8,18,15.530000000000015,862.7777777777786,118.21428571428571,112.7867069486405,Above Expected
189,2,155.58,137.09,20,18.49000000000001,924.5000000000005,139.1,111.84759166067579,Above Expected
105,1,69.52,61.85,13,7.669999999999995,589.9999999999997,60.5,114.90909090909089,Above Expected
170,2,108.79,99.1,10,9.690000000000012,969.0000000000011,122.77142857142857,88.61182220153596,Below Expected
93,1,32.95,26.08,13,6.8700000000000045,528.4615384615388,49.357142857142854,66.75832127351666,Below Expected
152,2,93.37,88.64,5,4.730000000000004,946.0000000000008,106.11428571428571,87.99003769520732,Below Expected
39,0,9.05,6.78,4,2.2700000000000005,567.5000000000001,11.042857142857143,81.95342820181114,Below Expected
98,1,57.33,43.57,13,13.759999999999998,1058.4615384615383,54.0,106.16666666666666,Within Expected
168,2,110.27,97.73,19,12.539999999999992,659.9999999999995,121.0,91.13223140495867,Within Expected
179,2,113.61,110.38,4,3.230000000000004,807.500000000001,130.62857142857143,86.97178477690288,Below Expected
177,2,151.19,144.66,9,6.530000000000001,725.5555555555558,128.9142857142857,117.2794769503546,Above Expected
60,0,23.72,14.79,14,8.93,637.8571428571428,22.6,104.95575221238937,Within Expected
98,1,55.45,48.77,7,6.68,954.2857142857143,54.0,102.68518518518519,Within Expected
139,2,98.01,93.44,4,4.570000000000007,1142.5000000000018,93.62857142857142,104.67958498626795,Within Expected
168,2,114.27,101.92,20,12.349999999999994,617.4999999999998,121.0,94.43801652892562,Within Expected
108,1,46.05,34.76,15,11.29,752.6666666666666,63.41428571428571,72.61770669069611,Below Expected
178,2,149.99,136.82,16,13.170000000000016,823.125000000001,129.77142857142857,115.58014090708939,Above Expected
28,0,7.65,7.11,5,0.54,108.00000000000001,7.3,104.7945205479452,Within Expected
145,2,111.67,108.45,6,3.219999999999999,536.6666666666665,99.45714285714286,112.27951738006321,Above Expected
134,2,104.31,95.28,21,9.030000000000001,430.00000000000006,88.77142857142857,117.50402317347923,Above Expected
106,1,68.29,64.77,4,3.5200000000000102,880.0000000000025,61.47142857142857,111.09226121310715,Above Expected
64,0,28.28,20.76,9,7.52,835.5555555555555,25.442857142857143,111.15103874227962,Above Expected
174,2,111.5,98.63,16,12.870000000000005,804.3750000000002,126.31428571428572,88.27188418909748,Below Expected
100,1,52.71,38.84,12,13.869999999999997,1155.833333333333,55.857142857142854,94.36572890025576,Within Expected
168,2,107.64,100.94,10,6.700000000000003,670.0000000000002,121.0,88.95867768595042,Below Expected
180,2,152.36,135.08,18,17.28,960.0000000000001,131.48571428571427,115.8757062146893,Above Expected
46,0,11.78,10.52,3,1.2599999999999998,419.99999999999994,14.028571428571428,83.97148676171079,Below Expected
186,2,119.49,113.02,7,6.469999999999999,924.2857142857141,136.57142857142856,87.49267782426779,Below Expected
60,0,24.63,19.13,6,5.5,916.6666666666666,22.6,108.98230088495575,Within Expected
37,0,9.97,5.09,13,4.880000000000001,375.3846153846154,10.27142857142857,97.06536856745481,Within Expected
55,0,20.54,9.65,18,10.889999999999999,605.0,19.17142857142857,107.13859910581223,Within Expected
79,1,33.76,28.7,9,5.059999999999999,562.2222222222221,37.08571428571428,91.03235747303545,Within Expected
90,1,44.27,33.97,8,10.300000000000004,1287.5000000000005,46.614285714285714,94.97088568801718,Within Expected
104,1,66.99,61.84,5,5.1499999999999915,1029.9999999999982,59.57142857142857,112.45323741007194,Above Expected
116,1,75.98,59.31,21,16.67,793.8095238095239,71.18571428571428,106.73489865542847,Within Expected
110,1,58.02,46.5,16,11.520000000000003,720.0000000000002,65.35714285714286,88.77377049180328,Below Expected
71,1,27.33,13.46,16,13.869999999999997,866.8749999999999,30.685714285714283,89.06424581005587,Below Expected
45,0,14.35,5.53,20,8.82,441.0,13.571428571428571,105.73684210526315,Within Expected
147,2,98.86,87.4,16,11.459999999999994,716.2499999999997,101.4,97.49506903353057,Within Expected
170,2,92.51,88.28,4,4.230000000000004,1057.500000000001,122.77142857142857,75.3514079590412,Below Expected
156,2,110.47,103.2,7,7.269999999999996,1038.571428571428,109.85714285714286,100.55786736020806,Within Expected
157,2,139.41,136.94,3,2.469999999999999,823.3333333333329,110.78571428571429,125.83752417794969,Above Expected
91,1,60.46,53.78,7,6.68,954.2857142857143,47.5,127.2842105263158,Above Expected
53,0,22.97,17.55,15,5.419999999999998,361.3333333333332,17.914285714285715,128.22169059011165,Above Expected
71,1,26.08,17.53,12,8.549999999999997,712.4999999999998,30.685714285714283,84.99068901303538,Below Expected
114,1,69.47,60.86,9,8.61,956.6666666666665,69.24285714285713,100.32803796162577,Within Expected
53,0,12.49,1.46,17,11.030000000000001,648.8235294117648,17.914285714285715,69.72089314194577,Below Expected
119,1,98.84,94.62,5,4.219999999999999,843.9999999999998,74.1,133.38731443994604,Above Expected
135,2,90.96,86.99,6,3.969999999999999,661.6666666666665,89.74285714285713,101.35625596943649,Within Expected
35,0,8.28,5.35,12,2.9299999999999997,244.16666666666663,9.5,87.1578947368421,Below Expected
52,0,17.76,11.68,11,6.080000000000002,552.7272727272729,17.285714285714285,102.74380165289259,Within Expected
114,1,77.99,64.34,19,13.649999999999991,718.4210526315785,69.24285714285713,112.6325562203425,Above Expected
149,2,100.4,97.7,3,2.700000000000003,900.0000000000009,103.28571428571429,97.20608575380359,Within Expected
65,0,25.1,23.5,4,1.6000000000000014,400.00000000000034,26.185714285714283,95.85379159847245,Within Expected
158,2,115.89,103.15,13,12.739999999999995,979.9999999999997,111.71428571428571,103.7378516624041,Within Expected
193,2,186.98,181.14,5,5.840000000000003,1168.0000000000007,142.35714285714286,131.3457099849473,Above Expected
76,1,28.45,25.32,3,3.129999999999999,1043.333333333333,34.614285714285714,82.19149814279818,Below Expected
125,1,95.4,81.5,16,13.900000000000006,868.7500000000003,80.01428571428572,119.22870915907873,Above Expected
104,1,45.8,26.36,20,19.439999999999998,971.9999999999999,59.57142857142857,76.88249400479617,Below Expected
66,0,24.2,8.35,18,15.85,880.5555555555555,26.928571428571427,89.86737400530504,Below Expected
144,2,109.05,102.47,7,6.579999999999998,939.9999999999998,98.48571428571428,110.72671888598782,Above Expected
42,0,10.12,8.93,4,1.1899999999999995,297.4999999999999,12.2,82.95081967213115,Below Expected
120,1,91.61,81.81,9,9.799999999999997,1088.8888888888887,75.08571428571427,122.0072298325723,Above Expected
116,1,85.09,82.34,3,2.75,916.6666666666666,71.18571428571428,119.53241019466185,Above Expected
77,1,35.43,24.16,13,11.27,866.9230769230769,35.4,100.08474576271186,Within Expected
105,1,61.52,59.91,3,1.6100000000000065,536.6666666666688,60.5,101.68595041322315,Within Expected
49,0,15.09,9.63,12,5.459999999999999,454.9999999999999,15.4,97.98701298701299,Within Expected
84,1,41.84,30.54,11,11.300000000000004,1027.2727272727275,41.3,101.30750605326877,Within Expected
41,0,14.05,9.81,11,4.24,385.4545454545455,11.814285714285713,118.92382103990329,Above Expected
109,1,58.02,52.56,7,5.460000000000001,780.0000000000001,64.38571428571429,90.11315731084979,Within Expected
195,2,159.47,143.32,17,16.150000000000006,950.0000000000003,143.9857142857143,110.75404305982734,Above Expected
159,2,98.52,90.72,7,7.799999999999997,1114.2857142857138,112.64285714285714,87.46227013316424,Below Expected
59,0,22.92,11.93,15,10.990000000000002,732.6666666666667,21.9,104.65753424657535,Within Expected
97,1,61.84,57.62,4,4.220000000000006,1055.0000000000016,53.07142857142857,116.52220726783311,Above Expected
178,2,139.66,134.09,5,5.569999999999993,1113.9999999999986,129.77142857142857,107.61999119330692,Within Expected
196,2,169.08,158.72,12,10.360000000000014,863.3333333333345,144.8,116.76795580110497,Above Expected
129,2,74.67,59.92,10,14.75,1475.0,83.91428571428571,88.98365679264556,Below Expected
81,1,38.75,23.78,20,14.969999999999999,748.5,38.77142857142857,99.94473102431834,Within Expected
35,0,10.6,7.08,10,3.5199999999999996,352.0,9.5,111.57894736842104,Above Expected
173,2,115.2,104.98,10,10.219999999999999,1021.9999999999998,125.42857142857143,91.84510250569477,Within Expected
94,1,53.43,28.98,20,24.45,1222.5,50.285714285714285,106.2528409090909,Within Expected
120,1,84.87,55.36,19,29.510000000000005,1553.1578947368423,75.08571428571427,113.03082191780824,Above Expected
108,1,69.79,64.81,4,4.980000000000004,1245.000000000001,63.41428571428571,110.05406623113316,Above Expected
140,2,97.56,90.06,8,7.5,937.5,94.6,103.12896405919662,Within Expected
71,1,34.63,20.45,20,14.180000000000003,709.0000000000002,30.685714285714283,112.85381750465551,Above Expected
123,1,82.49,68.92,14,13.569999999999993,969.2857142857138,78.04285714285714,105.69833424858135,Within Expected
108,1,60.04,50.28,18,9.759999999999998,542.2222222222222,63.41428571428571,94.67898175264699,Within Expected
124,1,69.62,56.56,18,13.060000000000002,725.5555555555558,79.02857142857142,88.09472161966741,Below Expected
196,2,158.49,151.02,14,7.469999999999999,533.5714285714284,144.8,109.45441988950276,Within Expected
62,0,20.04,18.17,3,1.8699999999999974,623.3333333333325,24.0,83.5,Below Expected
120,1,72.16,53.02,17,19.139999999999993,1125.8823529411761,75.08571428571427,96.10350076103502,Within Expected
150,2,102.1,97.45,12,4.6499999999999915,387.4999999999993,104.22857142857143,97.9577850877193,Within Expected
175,2,158.27,148.92,12,9.350000000000023,779.1666666666686,127.2,124.42610062893083,Above Expected
84,1,36.88,33.72,3,3.1600000000000037,1053.3333333333346,41.3,89.29782082324456,Below Expected
71,1,29.22,20.58,13,8.64,664.6153846153846,30.685714285714283,95.22346368715084,Within Expected
170,2,103.12,100.31,5,2.8100000000000023,562.0000000000005,122.77142857142857,83.99348382592507,Below Expected
136,2,91.13,77.69,12,13.439999999999998,1119.9999999999998,90.71428571428571,100.45826771653543,Within Expected
103,1,50.91,23.33,21,27.58,1313.3333333333333,58.642857142857146,86.8136419001218,Below Expected
66,0,29.37,24.88,5,4.490000000000002,898.0000000000003,26.928571428571427,109.06631299734748,Within Expected
179,2,134.69,126.45,12,8.239999999999995,686.6666666666662,130.62857142857143,103.10914260717409,Within Expected
77,1,34.53,19.21,19,15.32,806.3157894736842,35.4,97.54237288135594,Within Expected
145,2,73.54,53.52,16,20.020000000000003,1251.2500000000002,99.45714285714286,73.94139615053147,Below Expected
53,0,16.58,12.66,6,3.919999999999998,653.333333333333,17.914285714285715,92.55183413078149,Within Expected
56,0,17.22,4.65,16,12.569999999999999,785.6249999999999,19.8,86.96969696969697,Below Expected
54,0,22.32,13.28,19,9.040000000000001,475.7894736842106,18.542857142857144,120.36979969183359,Above Expected
158,2,117.34,113.21,4,4.13000000000001,1032.5000000000025,111.71428571428571,105.03580562659846,Within Expected
92,1,51.32,36.98,16,14.340000000000003,896.2500000000002,48.42857142857143,105.97050147492627,Within Expected
169,2,135.58,133.73,5,1.8500000000000227,370.00000000000455,121.88571428571429,111.23534927332398,Above Expected
141,2,86.82,76.09,9,10.72999999999999,1192.2222222222213,95.57142857142857,90.84304932735425,Within Expected
87,1,54.67,47.91,12,6.760000000000005,563.3333333333338,43.957142857142856,124.37114072148196,Above Expected
111,1,46.92,35.95,16,10.969999999999999,685.6249999999999,66.32857142857142,70.7387465001077,Below Expected
126,2,96.43,79.15,14,17.28,1234.2857142857144,81.0,119.0493827160494,Above Expected
135,2,98.66,84.5,11,14.159999999999997,1287.2727272727268,89.74285714285713,109.93632601082459,Within Expected
52,0,16.06,6.64,20,9.419999999999998,470.99999999999994,17.285714285714285,92.9090909090909,Within Expected
55,0,22.19,11.47,21,10.72,510.47619047619054,19.17142857142857,115.7451564828614,Above Expected
100,1,59.52,50.71,7,8.810000000000002,1258.571428571429,55.857142857142854,106.55754475703326,Within Expected
191,2,163.89,158.27,12,5.619999999999976,468.3333333333313,140.72857142857143,116.45822759110749,Above Expected
87,1,41.41,32.02,18,9.389999999999993,521.6666666666663,43.957142857142856,94.20539486512837,Within Expected
147,2,103.25,90.85,17,12.400000000000006,729.4117647058827,101.4,101.82445759368836,Within Expected
188,2,124.86,114.34,21,10.519999999999996,500.9523809523808,138.25714285714284,90.30998140111595,Within Expected
59,0,22.74,15.55,20,7.189999999999998,359.4999999999999,21.9,103.83561643835617,Within Expected
45,0,13.79,10.78,8,3.01,376.25,13.571428571428571,101.61052631578946,Within Expected
121,1,89.33,68.27,20,21.060000000000002,1053.0000000000002,76.07142857142857,117.42910798122065,Above Expected
65,0,27.81,12.78,20,15.03,751.5,26.185714285714283,106.20294599018003,Within Expected
106,1,62.73,49.68,11,13.049999999999997,1186.363636363636,61.47142857142857,102.0474087845689,Within Expected
157,2,138.67,126.86,10,11.809999999999988,1180.9999999999986,110.78571428571429,125.16956802063184,Above Expected
82,1,37.12,31.31,6,5.809999999999999,968.3333333333331,39.614285714285714,93.7035701406419,Within Expected
77,1,34.86,28.17,11,6.689999999999998,608.1818181818179,35.4,98.47457627118644,Within Expected
123,1,68.66,60.03,7,8.629999999999995,1232.8571428571422,78.04285714285714,87.97730184880102,Below Expected
123,1,84.79,78.06,11,6.730000000000004,611.8181818181821,78.04285714285714,108.64543291231925,Within Expected
115,1,58.53,50.99,6,7.539999999999999,1256.6666666666665,70.21428571428571,83.3591047812818,Below Expected
186,2,135.02,131.32,4,3.700000000000017,925.0000000000043,136.57142857142856,98.8640167364017,Within Expected
94,1,42.44,25.5,18,16.939999999999998,941.111111111111,50.285714285714285,84.39772727272728,Below Expected
94,1,59.06,46.89,14,12.170000000000002,869.2857142857144,50.285714285714285,117.44886363636364,Above Expected
73,1,31.15,17.2,16,13.95,871.875,32.25714285714285,96.56775907883083,Within Expected
187,2,102.72,99.44,4,3.280000000000001,820.0000000000002,137.4142857142857,74.75205322798628,Below Expected
173,2,129.23,125.28,4,3.9499999999999886,987.4999999999972,125.42857142857143,103.03075170842824,Within Expected
76,1,41.74,40.46,5,1.2800000000000011,256.0000000000002,34.614285714285714,120.58605035080478,Above Expected
192,2,144.63,132.23,14,12.400000000000006,885.7142857142861,141.54285714285714,102.18106580540977,Within Expected
195,2,129.34,107.1,19,22.24000000000001,1170.526315789474,143.9857142857143,89.82835598769718,Below Expected
133,2,90.2,68.96,15,21.24000000000001,1416.0000000000007,87.8,102.73348519362186,Within Expected
68,0,29.66,12.27,20,17.39,869.5,28.414285714285715,104.38411261940675,Within Expected
174,2,120.8,106.32,18,14.480000000000004,804.4444444444447,126.31428571428572,95.63447183895046,Within Expected
41,0,11.8,10.37,5,1.4300000000000015,286.0000000000003,11.814285714285713,99.87908101571948,Within Expected
111,1,41.71,33.67,6,8.04,1339.9999999999998,66.32857142857142,62.8839112642688,Below Expected
103,1,58.7,40.58,19,18.120000000000005,953.6842105263161,58.642857142857146,100.09744214372715,Within Expected
95,1,52.37,48.78,4,3.5899999999999963,897.4999999999991,51.214285714285715,102.25662482566247,Within Expected
166,2,108.09,85.69,21,22.400000000000006,1066.666666666667,119.14285714285714,90.72302158273382,Within Expected
65,0,31.93,30.23,3,1.6999999999999993,566.6666666666664,26.185714285714283,121.936715766503,Above Expected
62,0,24.94,18.88,9,6.060000000000002,673.3333333333336,24.0,103.91666666666669,Within Expected
176,2,139.79,129.71,17,10.079999999999984,592.9411764705873,128.05714285714285,109.16220437304776,Within Expected
50,0,14.51,6.98,19,7.529999999999999,396.31578947368416,16.02857142857143,90.5258467023173,Within Expected
108,1,58.84,34.72,18,24.120000000000005,1340.0000000000002,63.41428571428571,92.78666366298717,Within Expected
124,1,82.78,63.44,20,19.340000000000003,967.0000000000002,79.02857142857142,104.74692697035431,Within Expected
158,2,75.96,69.15,10,6.809999999999988,680.9999999999989,111.71428571428571,67.99488491048594,Below Expected
90,1,34.68,32.78,8,1.8999999999999986,237.49999999999983,46.614285714285714,74.39779344161815,Below Expected
86,1,44.96,37.3,8,7.660000000000004,957.5000000000005,43.07142857142857,104.38474295190714,Within Expected
108,1,61.75,47.02,14,14.729999999999997,1052.1428571428569,63.41428571428571,97.37553503041227,Within Expected
180,2,153.47,143.84,9,9.629999999999995,1069.9999999999993,131.48571428571427,116.71990438939592,Above Expected
129,2,83.38,77.4,6,5.97999999999999,996.6666666666649,83.91428571428571,99.36329588014982,Within Expected
71,1,25.19,7.95,17,17.240000000000002,1014.1176470588235,30.685714285714283,82.0903165735568,Below Expected
117,1,80.32,57.68,20,22.639999999999993,1131.9999999999998,72.15714285714286,111.3126113640863,Above Expected
78,1,29.18,19.68,10,9.5,950.0,36.24285714285714,80.51241623965313,Below Expected
122,1,79.96,67.95,8,12.009999999999991,1501.2499999999989,77.05714285714285,103.76714868372265,Within Expected
181,2,126.93,108.67,20,18.260000000000005,913.0000000000002,132.34285714285713,95.90997409326427,Within Expected
171,2,119.88,109.65,9,10.22999999999999,1136.6666666666656,123.65714285714286,96.94547134935304,Within Expected
115,1,64.93,51.62,12,13.31000000000001,1109.1666666666674,70.21428571428571,92.4740590030519,Within Expected
128,2,82.06,77.33,5,4.730000000000004,946.0000000000008,82.94285714285714,98.93558387874613,Within Expected
149,2,114.07,95.69,20,18.379999999999995,918.9999999999998,103.28571428571429,110.44121715076069,Above Expected
183,2,133.43,119.92,17,13.510000000000005,794.7058823529414,134.04285714285714,99.54279015240328,Within Expected
185,2,144.58,136.72,7,7.860000000000014,1122.8571428571447,135.72857142857143,106.52141879802126,Within Expected
82,1,46.06,32.4,16,13.660000000000004,853.7500000000002,39.614285714285714,116.27118644067798,Above Expected
179,2,98.21,88.37,8,9.83999999999999,1229.9999999999986,130.62857142857143,75.18263342082238,Below Expected
121,1,94.5,75.81,15,18.689999999999998,1245.9999999999998,76.07142857142857,124.22535211267606,Above Expected
36,0,11.84,8.78,9,3.0600000000000005,340.00000000000006,9.885714285714286,119.76878612716762,Above Expected
183,2,143.49,128.37,18,15.120000000000005,840.0000000000003,134.04285714285714,107.04785249920067,Within Expected
159,2,122.98,110.38,17,12.600000000000009,741.1764705882358,112.64285714285714,109.17691819911224,Within Expected
145,2,117.58,106.19,17,11.39,670.0,99.45714285714286,118.22177535191037,Above Expected
163,2,134.03,125.2,12,8.829999999999998,735.8333333333333,116.35714285714286,115.18845917740946,Above Expected
45,0,10.07,4.12,16,5.95,371.875,13.571428571428571,74.2,Below Expected
89,1,41.19,31.45,12,9.739999999999998,811.6666666666665,45.72857142857143,90.07497656982193,Within Expected
162,2,132.03,124.15,7,7.8799999999999955,1125.714285714285,115.42857142857143,114.38242574257427,Above Expected
157,2,119.42,107.51,10,11.909999999999997,1190.9999999999995,110.78571428571429,107.79368149580915,Within Expected
132,2,82.58,76.42,9,6.159999999999997,684.4444444444441,86.82857142857142,95.1069430733794,Within Expected
61,0,25.27,19.12,13,6.149999999999999,473.0769230769229,23.3,108.45493562231758,Within Expected
92,1,52.58,36.59,21,15.989999999999995,761.4285714285712,48.42857142857143,108.57227138643066,Within Expected
122,1,64.15,53.68,17,10.470000000000006,615.8823529411768,77.05714285714285,83.24990730441233,Below Expected
132,2,101.6,98.43,5,3.1699999999999875,633.9999999999975,86.82857142857142,117.01217505758474,Above Expected
44,0,12.8,6.68,14,6.120000000000001,437.1428571428572,13.114285714285714,97.60348583877997,Within Expected
144,2,108.4,99.78,7,8.620000000000005,1231.428571428572,98.48571428571428,110.06672468813463,Above Expected
147,2,108.12,92.85,12,15.27000000000001,1272.500000000001,101.4,106.62721893491126,Within Expected
196,2,137.02,124.62,16,12.400000000000006,775.0000000000003,144.8,94.62707182320442,Within Expected
128,2,102.54,97.28,5,5.260000000000005,1052.000000000001,82.94285714285714,123.62728212194283,Above Expected
155,2,97.04,77.9,21,19.14,911.4285714285714,108.92857142857143,89.08590163934427,Below Expected
143,2,95.09,90.64,4,4.450000000000003,1112.5000000000007,97.51428571428572,97.51391737474363,Within Expected
85,1,45.72,31.08,13,14.64,1126.1538461538462,42.18571428571428,108.37792075855064,Within Expected
79,1,25.24,21.36,5,3.879999999999999,775.9999999999998,37.08571428571428,68.05855161787365,Below Expected
105,1,65.78,47.57,19,18.21,958.421052631579,60.5,108.72727272727273,Within Expected
125,1,76.56,57.65,19,18.910000000000004,995.2631578947371,80.01428571428572,95.68291376539904,Within Expected
69,0,25.47,16.69,16,8.779999999999998,548.7499999999999,29.157142857142855,87.35423811856933,Below Expected
50,0,17.25,12.4,8,4.85,606.25,16.02857142857143,107.62032085561498,Within Expected
81,1,41.75,35.27,7,6.479999999999997,925.7142857142853,38.77142857142857,107.68238761974945,Within Expected
196,2,143.27,140.36,3,2.9099999999999966,969.9999999999989,144.8,98.94337016574586,Within Expected
61,0,26.29,7.83,21,18.46,879.047619047619,23.3,112.83261802575106,Above Expected
86,1,39.16,18.04,21,21.119999999999997,1005.7142857142856,43.07142857142857,90.91873963515754,Within Expected
188,2,155.14,145.12,14,10.019999999999982,715.7142857142844,138.25714285714284,112.21120066129366,Above Expected
185,2,143.06,134.8,9,8.259999999999991,917.7777777777768,135.72857142857143,105.40153668034944,Within Expected
107,1,74.7,54.65,17,20.050000000000004,1179.4117647058827,62.44285714285714,119.62937542896364,Above Expected
101,1,63.51,53.84,10,9.669999999999995,966.9999999999994,56.785714285714285,111.84150943396227,Above Expected
116,1,83.74,67.23,13,16.50999999999999,1269.9999999999993,71.18571428571428,117.63596227172386,Above Expected
141,2,101.95,83.32,14,18.63000000000001,1330.7142857142865,95.57142857142857,106.67414050822124,Within Expected
164,2,147.62,127.36,19,20.260000000000005,1066.3157894736846,117.28571428571429,125.86358099878197,Above Expected
127,2,92.18,87.63,7,4.550000000000011,650.0000000000016,81.97142857142858,112.45381666085746,Above Expected
126,2,86.19,80.98,6,5.209999999999994,868.3333333333323,81.0,106.40740740740739,Within Expected
151,2,79.26,67.94,14,11.320000000000007,808.571428571429,105.17142857142858,75.36267318663407,Below Expected
168,2,136.87,120.24,21,16.63000000000001,791.9047619047624,121.0,113.11570247933884,Above Expected
73,1,31.58,18.2,16,13.379999999999999,836.2499999999999,32.25714285714285,97.9007971656333,Within Expected
42,0,12.22,10.16,5,2.0600000000000005,412.0000000000001,12.2,100.16393442622953,Within Expected
156,2,105.18,94.72,15,10.460000000000008,697.3333333333339,109.85714285714286,95.74252275682706,Within Expected
169,2,123.17,110.81,17,12.36,727.0588235294117,121.88571428571429,101.05368026254102,Within Expected
170,2,143.59,135.99,8,7.599999999999994,949.9999999999993,122.77142857142857,116.95717942750757,Above Expected
161,2,131.08,118.73,13,12.350000000000009,950.0000000000006,114.5,114.48034934497817,Above Expected
111,1,47.56,44.27,4,3.289999999999999,822.4999999999998,66.32857142857142,71.70363988800345,Below Expected
61,0,27.95,19.11,11,8.84,803.6363636363636,23.3,119.95708154506437,Above Expected
133,2,78.09,67.32,16,10.77000000000001,673.1250000000007,87.8,88.94077448747153,Below Expected
195,2,149.96,138.59,15,11.370000000000005,758.0000000000003,143.9857142857143,104.14922115289215,Within Expected
50,0,16.22,6.55,12,9.669999999999998,805.8333333333331,16.02857142857143,101.19429590017826,Within Expected
123,1,90.91,86.24,5,4.670000000000002,934.0000000000003,78.04285714285714,116.48727805235217,Above Expected
54,0,20.29,12.66,13,7.629999999999999,586.9230769230769,18.542857142857144,109.42218798151,Within Expected
130,2,99.47,93.32,6,6.150000000000006,1025.000000000001,84.88571428571429,117.18108381016492,Above Expected
102,1,63.62,54.26,7,9.36,1337.1428571428569,57.714285714285715,110.23267326732673,Above Expected
125,1,68.1,55.93,9,12.169999999999995,1352.2222222222215,80.01428571428572,85.10980182110336,Below Expected
185,2,159.85,153.96,8,5.889999999999986,736.2499999999983,135.72857142857143,117.77181349331649,Above Expected
77,1,40.75,21.49,20,19.26,963.0000000000001,35.4,115.11299435028248,Above Expected
63,0,27.01,22.79,7,4.220000000000002,602.8571428571432,24.7,109.35222672064779,Within Expected
94,1,51.48,39.04,14,12.439999999999998,888.5714285714284,50.285714285714285,102.375,Within Expected
92,1,38.68,32.45,8,6.229999999999997,778.7499999999997,48.42857142857143,79.87020648967551,Below Expected
35,0,9.04,5.27,10,3.7699999999999996,376.99999999999994,9.5,95.1578947368421,Within Expected
108,1,57.56,36.41,17,21.150000000000006,1244.1176470588239,63.41428571428571,90.76819103401668,Within Expected
142,2,105.94,98.43,10,7.509999999999991,750.9999999999991,96.54285714285714,109.73364900858242,Within Expected
37,0,11.1,5.85,11,5.25,477.2727272727273,10.27142857142857,108.06675938803896,Within Expected
175,2,99.33,96.49,4,2.8400000000000034,710.0000000000009,127.2,78.08962264150942,Below Expected
168,2,105.52,82.3,18,23.22,1290.0,121.0,87.20661157024793,Below Expected
32,0,9.15,6.59,9,2.5600000000000005,284.4444444444445,8.557142857142857,106.92821368948249,Within Expected
139,2,91.71,84.01,10,7.699999999999989,769.9999999999989,93.62857142857142,97.95086969789442,Within Expected
122,1,83.7,80.63,5,3.0700000000000074,614.0000000000015,77.05714285714285,108.62068965517241,Within Expected
132,2,94.46,84.35,10,10.11,1010.9999999999999,86.82857142857142,108.78907535373479,Within Expected
152,2,143.13,141.52,5,1.6099999999999852,321.99999999999704,106.11428571428571,134.88287560581583,Above Expected
174,2,128.98,121.26,10,7.719999999999985,771.9999999999984,126.31428571428572,102.11038226645555,Within Expected
118,1,79.37,71.03,8,8.340000000000003,1042.5000000000005,73.12857142857142,108.53487009181481,Within Expected
39,0,12.02,7.78,12,4.239999999999999,353.33333333333326,11.042857142857143,108.84864165588614,Within Expected
166,2,136.35,114.68,16,21.669999999999987,1354.3749999999993,119.14285714285714,114.44244604316548,Above Expected
86,1,44.46,35.67,10,8.79,878.9999999999999,43.07142857142857,103.22388059701493,Within Expected
161,2,108.55,98.23,9,10.319999999999993,1146.6666666666658,114.5,94.80349344978166,Within Expected
166,2,147.98,125.5,20,22.47999999999999,1123.9999999999995,119.14285714285714,124.20383693045562,Above Expected
166,2,123.96,118.42,5,5.539999999999992,1107.9999999999984,119.14285714285714,104.04316546762588,Within Expected
168,2,97.45,80.81,14,16.64,1188.5714285714287,121.0,80.53719008264463,Below Expected
135,2,125.81,116.99,10,8.820000000000007,882.0000000000008,89.74285714285713,140.1894301177969,Above Expected
58,0,19.58,15.35,8,4.229999999999999,528.7499999999999,21.2,92.35849056603773,Within Expected
50,0,12.05,2.65,19,9.4,494.7368421052632,16.02857142857143,75.1782531194296,Below Expected
97,1,43.42,34.31,11,9.11,828.1818181818181,53.07142857142857,81.814266487214,Below Expected
193,2,151.1,139.34,17,11.759999999999991,691.7647058823524,142.35714285714286,106.14149523331659,Within Expected
84,1,49.06,42.11,9,6.950000000000003,772.2222222222226,41.3,118.78934624697337,Above Expected
165,2,128.33,117.63,9,10.700000000000017,1188.888888888891,118.21428571428571,108.5570996978852,Within Expected
113,1,73.06,51.77,20,21.29,1064.5,68.27142857142857,107.01401966938691,Within Expected
192,2,130.06,115.36,17,14.700000000000003,864.7058823529413,141.54285714285714,91.8873637464675,Within Expected
53,0,19.81,15.3,10,4.509999999999998,450.9999999999998,17.914285714285715,110.58213716108452,Above Expected
125,1,82.07,78.8,4,3.269999999999996,817.499999999999,80.01428571428572,102.56918407427244,Within Expected
39,0,12.12,10.36,7,1.7599999999999998,251.4285714285714,11.042857142857143,109.75420439844761,Within Expected
33,0,9.61,7.69,5,1.919999999999999,383.9999999999998,8.871428571428572,108.32528180354267,Within Expected
47,0,17.16,15.29,5,1.870000000000001,374.0000000000002,14.485714285714286,118.46153846153847,Above Expected
98,1,56.83,42.97,15,13.86,923.9999999999999,54.0,105.24074074074075,Within Expected
82,1,46.55,43.92,3,2.6299999999999955,876.6666666666652,39.614285714285714,117.50811395600431,Above Expected
139,2,81.05,64.32,15,16.730000000000004,1115.3333333333335,93.62857142857142,86.56545620994814,Below Expected
136,2,105.02,91.67,14,13.349999999999994,953.5714285714282,90.71428571428571,115.77007874015747,Above Expected
56,0,19.32,15.06,6,4.26,710.0,19.8,97.57575757575758,Within Expected
123,1,70.04,57.41,14,12.63000000000001,902.1428571428578,78.04285714285714,89.74556104704375,Below Expected
133,2,65.85,52.51,12,13.339999999999996,1111.6666666666663,87.8,75.0,Below Expected
88,1,51.61,36.98,15,14.630000000000003,975.3333333333335,44.84285714285714,115.09079324625677,Above Expected
39,0,11.76,10.21,6,1.549999999999999,258.33333333333314,11.042857142857143,106.49417852522637,Within Expected
72,1,33.85,22.99,17,10.860000000000003,638.8235294117649,31.47142857142857,107.55787562414889,Within Expected
133,2,61.26,40.08,18,21.18,1176.6666666666667,87.8,69.77220956719817,Below Expected
141,2,89.38,81.93,10,7.449999999999989,744.9999999999989,95.57142857142857,93.52167414050821,Within Expected
57,0,21.16,14.67,11,6.49,590.0,20.5,103.21951219512195,Within Expected
66,0,24.21,11.87,18,12.340000000000002,685.5555555555557,26.928571428571427,89.90450928381964,Below Expected
76,1,32.42,16.7,14,15.720000000000002,1122.857142857143,34.614285714285714,93.66075113495668,Within Expected
44,0,10.27,7.91,6,2.3599999999999994,393.33333333333326,13.114285714285714,78.3115468409586,Below Expected
38,0,15.45,12.33,10,3.119999999999999,311.99999999999994,10.657142857142857,144.97319034852546,Above Expected
161,2,115.11,99.07,18,16.040000000000006,891.1111111111114,114.5,100.53275109170305,Within Expected
83,1,42.35,35.67,7,6.68,954.2857142857143,40.457142857142856,104.6786723163842,Within Expected
181,2,126.01,111.35,20,14.66000000000001,733.0000000000006,132.34285714285713,95.21481001727116,Within Expected
66,0,32.13,27.52,4,4.610000000000003,1152.5000000000007,26.928571428571427,119.31564986737402,Above Expected
70,1,27.56,25.4,4,2.16,540.0,29.9,92.17391304347827,Within Expected
150,2,113.69,107.34,6,6.349999999999994,1058.3333333333323,104.22857142857143,109.07757675438596,Within Expected
160,2,133.65,131.1,3,2.5500000000000114,850.0000000000038,113.57142857142857,117.67924528301887,Above Expected
148,2,86.15,83.54,7,2.6099999999999994,372.8571428571428,102.34285714285714,84.17783361250699,Below Expected
28,0,6.71,5.24,6,1.4699999999999998,244.99999999999997,7.3,91.91780821917808,Within Expected
65,0,25.82,17.61,11,8.21,746.3636363636365,26.185714285714283,98.60338243316967,Within Expected
177,2,101.84,96.33,8,5.510000000000005,688.7500000000007,128.9142857142857,78.9982269503546,Below Expected
56,0,19.71,4.62,19,15.09,794.2105263157895,19.8,99.54545454545455,Within Expected
81,1,38.27,33.05,6,5.220000000000006,870.000000000001,38.77142857142857,98.70670596904938,Within Expected
94,1,52.8,48.22,4,4.579999999999998,1144.9999999999995,50.285714285714285,105.0,Within Expected
121,1,75.57,72.49,4,3.0799999999999983,769.9999999999995,76.07142857142857,99.34084507042253,Within Expected
91,1,42.85,39.06,5,3.789999999999999,757.9999999999998,47.5,90.21052631578948,Within Expected
62,0,23.35,6.06,20,17.290000000000003,864.5000000000001,24.0,97.29166666666667,Within Expected
75,1,35.54,27.29,12,8.25,687.5,33.82857142857143,105.05912162162161,Within Expected
66,0,29.05,24.31,6,4.740000000000002,790.0000000000003,26.928571428571427,107.87798408488065,Within Expected
46,0,16.07,6.3,19,9.77,514.2105263157895,14.028571428571428,114.55193482688391,Above Expected
87,1,50.86,43.07,9,7.789999999999999,865.5555555555554,43.957142857142856,115.70360740981475,Above Expected
105,1,46.41,34.72,12,11.689999999999998,974.1666666666665,60.5,76.7107438016529,Below Expected
113,1,61.32,53.03,13,8.29,637.6923076923076,68.27142857142857,89.8179535467671,Below Expected
54,0,15.3,7.41,11,7.890000000000001,717.2727272727273,18.542857142857144,82.5115562403698,Below Expected
175,2,114.93,98.69,14,16.24000000000001,1160.0000000000007,127.2,90.35377358490567,Within Expected
88,1,53.4,48.41,5,4.990000000000002,998.0000000000005,44.84285714285714,119.08251035361582,Above Expected
141,2,98.62,96.23,3,2.3900000000000006,796.6666666666669,95.57142857142857,103.1898355754858,Within Expected
189,2,142.8,129.72,16,13.080000000000013,817.5000000000008,139.1,102.65995686556435,Within Expected
52,0,18.97,10.22,21,8.749999999999998,416.6666666666666,17.285714285714285,109.74380165289257,Within Expected
179,2,129.96,125.84,7,4.1200000000000045,588.5714285714292,130.62857142857143,99.48818897637796,Within Expected
39,0,10.48,6.71,9,3.7700000000000005,418.8888888888889,11.042857142857143,94.90297542043984,Within Expected
188,2,131.11,113.71,18,17.40000000000002,966.6666666666678,138.25714285714284,94.83054350072331,Within Expected
136,2,102.36,94.35,6,8.010000000000005,1335.000000000001,90.71428571428571,112.83779527559057,Above Expected
46,0,13.21,11.86,5,1.3500000000000014,270.0000000000003,14.028571428571428,94.16496945010184,Within Expected
162,2,93.57,86.11,7,7.459999999999994,1065.7142857142846,115.42857142857143,81.06311881188118,Below Expected
106,1,71.79,60.06,11,11.730000000000004,1066.3636363636367,61.47142857142857,116.78596328143158,Above Expected
134,2,86.59,78.53,8,8.060000000000002,1007.5000000000002,88.77142857142857,97.54264563887996,Within Expected
26,0,8.22,7.48,4,0.7400000000000002,185.00000000000006,6.9,119.1304347826087,Above Expected
40,0,10.66,4.08,16,6.58,411.25,11.428571428571429,93.27499999999999,Within Expected
121,1,78.48,66.86,15,11.620000000000005,774.666666666667,76.07142857142857,103.1661971830986,Within Expected
176,2,107.31,91.09,16,16.22,1013.7499999999999,128.05714285714285,83.79852744310577,Below Expected
139,2,89.48,70.41,16,19.070000000000007,1191.8750000000005,93.62857142857142,95.56911809581936,Within Expected
139,2,81.71,80.15,4,1.559999999999988,389.99999999999704,93.62857142857142,87.27036924015869,Below Expected
153,2,109.85,87.61,20,22.239999999999995,1111.9999999999995,107.05714285714286,102.60875366960234,Within Expected
108,1,48.85,44.43,6,4.420000000000002,736.666666666667,63.41428571428571,77.03311556656905,Below Expected
192,2,179.96,162.94,20,17.02000000000001,851.0000000000006,141.54285714285714,127.14170367379896,Above Expected
78,1,41.43,37.16,6,4.270000000000003,711.6666666666672,36.24285714285714,114.31217973985022,Above Expected
59,0,22.62,9.82,17,12.8,752.9411764705882,21.9,103.28767123287672,Within Expected
46,0,15.93,9.34,12,6.59,549.1666666666667,14.028571428571428,113.55397148676172,Above Expected
159,2,123.76,108.36,15,15.400000000000006,1026.666666666667,112.64285714285714,109.86937222574508,Within Expected
37,0,11.47,9.63,5,1.8399999999999999,368.0,10.27142857142857,111.6689847009736,Above Expected
136,2,78.51,56.41,20,22.10000000000001,1105.0000000000005,90.71428571428571,86.5464566929134,Below Expected
193,2,172.41,168.81,9,3.5999999999999943,399.9999999999994,142.35714285714286,121.11088810837931,Above Expected
123,1,88.19,70.77,18,17.42,967.7777777777778,78.04285714285714,113.00201354567088,Above Expected
141,2,87.03,80.44,7,6.590000000000003,941.4285714285719,95.57142857142857,91.0627802690583,Within Expected
93,1,44.02,35.65,10,8.370000000000005,837.0000000000005,49.357142857142854,89.18668596237337,Below Expected
90,1,44.97,37.64,7,7.329999999999998,1047.1428571428569,46.614285714285714,96.47257125344775,Within Expected
133,2,86.61,80.44,11,6.170000000000002,560.909090909091,87.8,98.64464692482916,Within Expected
181,2,116.45,105.17,9,11.280000000000001,1253.3333333333335,132.34285714285713,87.99114853195165,Below Expected
94,1,51.95,35.27,16,16.68,1042.5,50.285714285714285,103.3096590909091,Within Expected
151,2,109.44,96.13,15,13.310000000000002,887.3333333333335,105.17142857142858,104.05867970660145,Within Expected
178,2,133.18,116.98,19,16.200000000000003,852.6315789473686,129.77142857142857,102.62659621312199,Within Expected
118,1,83.89,71.08,12,12.810000000000002,1067.5000000000002,73.12857142857142,114.71576479781208,Above Expected
172,2,117.33,109.55,8,7.780000000000001,972.5000000000001,124.54285714285714,94.20853406744666,Within Expected
140,2,103.39,83.05,14,20.340000000000003,1452.8571428571431,94.6,109.29175475687106,Within Expected
101,1,66.09,62.43,7,3.6600000000000037,522.8571428571433,56.785714285714285,116.38490566037736,Above Expected
64,0,28.37,22.37,6,6.0,1000.0,25.442857142857143,111.50477259966311,Above Expected
95,1,53.12,35.37,15,17.75,1183.3333333333333,51.214285714285715,103.72105997210599,Within Expected
134,2,89.24,73.58,17,15.659999999999997,921.176470588235,88.77142857142857,100.52784036047633,Within Expected
31,0,7.63,6.12,6,1.5099999999999998,251.66666666666666,8.242857142857144,92.56499133448872,Within Expected
105,1,72.2,56.45,18,15.75,875.0,60.5,119.33884297520663,Above Expected
186,2,86.49,69.08,15,17.409999999999997,1160.6666666666665,136.57142857142856,63.32949790794979,Below Expected
59,0,23.27,16.95,9,6.32,702.2222222222223,21.9,106.25570776255708,Within Expected
49,0,13.64,6.83,13,6.8100000000000005,523.8461538461538,15.4,88.57142857142857,Below Expected
134,2,91.45,82.29,12,9.159999999999997,763.333333333333,88.77142857142857,103.0173801094303,Within Expected
187,2,164.01,155.73,11,8.280000000000001,752.7272727272727,137.4142857142857,119.35440274456803,Above Expected
150,2,138.49,114.95,20,23.540000000000006,1177.0000000000002,104.22857142857143,132.87143640350877,Above Expected
36,0,12.0,9.82,11,2.1799999999999997,198.18181818181816,9.885714285714286,121.38728323699422,Above Expected
176,2,155.87,145.65,13,10.219999999999999,786.1538461538461,128.05714285714285,121.719098616689,Above Expected
100,1,62.88,56.81,8,6.07,758.75,55.857142857142854,112.57289002557546,Above Expected
137,2,98.44,95.55,5,2.8900000000000006,578.0000000000001,91.68571428571428,107.3667809286382,Within Expected
67,0,32.06,21.99,18,10.070000000000004,559.4444444444447,27.67142857142857,115.85957666494579,Above Expected
41,0,10.72,7.19,13,3.5300000000000002,271.53846153846155,11.814285714285713,90.73760580411125,Within Expected
157,2,125.61,121.1,7,4.510000000000005,644.285714285715,110.78571428571429,113.38104448742745,Above Expected
112,1,62.64,46.03,17,16.61,977.0588235294117,67.3,93.07578008915304,Within Expected
128,2,73.37,58.36,18,15.010000000000005,833.8888888888891,82.94285714285714,88.45849121598349,Below Expected
195,2,160.92,154.48,6,6.439999999999998,1073.333333333333,143.9857142857143,111.7610874094652,Above Expected
106,1,48.22,42.32,8,5.899999999999999,737.4999999999998,61.47142857142857,78.44294678131536,Below Expected
111,1,81.6,73.13,9,8.469999999999999,941.111111111111,66.32857142857142,123.02390695670901,Above Expected
140,2,82.29,59.85,17,22.440000000000005,1320.0000000000002,94.6,86.98731501057082,Below Expected
72,1,39.5,36.54,4,2.960000000000001,740.0000000000002,31.47142857142857,125.51066727190194,Above Expected
188,2,106.21,97.57,11,8.64,785.4545454545455,138.25714285714284,76.8206240958876,Below Expected
184,2,129.3,126.72,3,2.5800000000000125,860.0000000000042,134.88571428571427,95.85892819317942,Within Expected
156,2,118.69,97.89,21,20.799999999999997,990.4761904761903,109.85714285714286,108.04031209362807,Within Expected
86,1,37.94,27.86,10,10.079999999999998,1007.9999999999998,43.07142857142857,88.08623548922057,Below Expected
95,1,42.09,37.84,6,4.25,708.3333333333334,51.214285714285715,82.18410041841004,Below Expected
166,2,126.55,111.02,16,15.530000000000001,970.6250000000001,119.14285714285714,106.21702637889688,Within Expected
112,1,48.87,35.67,10,13.199999999999996,1319.9999999999995,67.3,72.6151560178306,Below Expected
170,2,131.59,119.7,12,11.89,990.8333333333334,122.77142857142857,107.18291831510356,Within Expected
163,2,124.19,109.11,16,15.079999999999998,942.4999999999999,116.35714285714286,106.731737262124,Within Expected
123,1,83.05,66.88,17,16.17,951.1764705882354,78.04285714285714,106.41588870583927,Within Expected
60,0,22.07,13.65,9,8.42,935.5555555555555,22.6,97.65486725663717,Within Expected
98,1,54.66,48.03,6,6.6299999999999955,1104.9999999999993,54.0,101.22222222222221,Within Expected
138,2,89.58,80.11,14,9.469999999999999,676.4285714285713,92.65714285714286,96.67900092506937,Within Expected
95,1,45.81,32.22,14,13.590000000000003,970.714285714286,51.214285714285715,89.44769874476988,Below Expected
45,0,12.73,8.41,11,4.32,392.72727272727275,13.571428571428571,93.80000000000001,Within Expected
137,2,104.71,88.92,16,15.789999999999992,986.8749999999995,91.68571428571428,114.20535992521035,Above Expected
161,2,97.77,92.99,5,4.780000000000001,956.0000000000002,114.5,85.3886462882096,Below Expected
166,2,120.36,95.46,20,24.900000000000006,1245.0000000000002,119.14285714285714,101.02158273381295,Within Expected
124,1,91.1,70.62,20,20.47999999999999,1023.9999999999995,79.02857142857142,115.27476500361533,Above Expected
133,2,77.88,58.0,19,19.879999999999995,1046.315789473684,87.8,88.70159453302962,Below Expected
62,0,16.05,9.73,18,6.32,351.11111111111114,24.0,66.875,Below Expected
166,2,124.21,104.92,17,19.289999999999992,1134.7058823529408,119.14285714285714,104.25299760191847,Within Expected
120,1,59.12,42.25,15,16.869999999999997,1124.6666666666665,75.08571428571427,78.73668188736683,Below Expected
55,0,21.38,14.02,15,7.359999999999999,490.66666666666663,19.17142857142857,111.52011922503726,Above Expected
79,1,34.91,31.29,4,3.6199999999999974,904.9999999999993,37.08571428571428,94.13328197226502,Within Expected
119,1,74.26,70.96,4,3.3000000000000114,825.0000000000028,74.1,100.21592442645075,Within Expected
159,2,134.34,126.68,5,7.659999999999997,1531.9999999999993,112.64285714285714,119.26188966391884,Above Expected
57,0,23.23,12.89,20,10.34,517.0,20.5,113.31707317073172,Above Expected
77,1,33.79,22.41,21,11.379999999999999,541.9047619047619,35.4,95.45197740112995,Within Expected
153,2,108.3,99.32,7,8.980000000000004,1282.8571428571433,107.05714285714286,101.16092874299439,Within Expected
94,1,51.49,47.31,6,4.18,696.6666666666666,50.285714285714285,102.39488636363636,Within Expected
106,1,62.16,47.95,18,14.209999999999994,789.4444444444441,61.47142857142857,101.1201487334418,Within Expected
129,2,80.18,68.29,13,11.89,914.6153846153846,83.91428571428571,95.54988083077973,Within Expected
53,0,15.85,9.02,20,6.83,341.5,17.914285714285715,88.47687400318979,Below Expected
184,2,118.56,101.74,20,16.820000000000007,841.0000000000005,134.88571428571427,87.89663206947682,Below Expected
37,0,8.46,6.87,8,1.5900000000000007,198.75000000000009,10.27142857142857,82.3643949930459,Below Expected
128,2,94.77,76.51,15,18.25999999999999,1217.3333333333328,82.94285714285714,114.25938684119876,Above Expected
132,2,102.91,92.75,12,10.159999999999997,846.6666666666664,86.82857142857142,118.52089503126028,Above Expected
176,2,119.86,108.28,16,11.579999999999998,723.7499999999999,128.05714285714285,93.59883980365909,Within Expected
133,2,92.74,78.02,13,14.719999999999999,1132.3076923076922,87.8,105.626423690205,Within Expected
113,1,77.4,59.33,16,18.070000000000007,1129.3750000000005,68.27142857142857,113.37099811676083,Above Expected
103,1,63.09,47.61,13,15.480000000000004,1190.769230769231,58.642857142857146,107.58343483556638,Within Expected
108,1,57.4,44.15,15,13.25,883.3333333333333,63.41428571428571,90.51588195539536,Within Expected
79,1,38.68,19.85,19,18.83,991.0526315789473,37.08571428571428,104.2989214175655,Within Expected
83,1,42.98,33.53,9,9.449999999999996,1049.9999999999995,40.457142857142856,106.23587570621469,Within Expected
174,2,101.62,86.84,17,14.780000000000001,869.4117647058824,126.31428571428572,80.45012440624294,Below Expected
155,2,110.76,90.66,16,20.10000000000001,1256.2500000000005,108.92857142857143,101.68131147540984,Within Expected
51,0,15.85,4.39,19,11.46,603.1578947368421,16.65714285714286,95.15437392795883,Within Expected
63,0,24.01,11.79,17,12.220000000000002,718.8235294117649,24.7,97.20647773279353,Within Expected
182,2,143.85,141.16,4,2.6899999999999977,672.4999999999994,133.2,107.9954954954955,Within Expected
138,2,103.13,96.93,6,6.199999999999989,1033.3333333333314,92.65714285714286,111.30280604378662,Above Expected
27,0,7.16,6.52,3,0.6400000000000006,213.3333333333335,7.1,100.84507042253522,Within Expected
165,2,104.37,91.49,15,12.88000000000001,858.6666666666673,118.21428571428571,88.28882175226586,Below Expected
193,2,142.89,134.32,9,8.569999999999993,952.2222222222214,142.35714285714286,100.37431008529853,Within Expected
125,1,89.6,76.56,10,13.039999999999992,1303.999999999999,80.01428571428572,111.98000357079093,Above Expected
31,0,7.18,6.25,3,0.9299999999999997,309.9999999999999,8.242857142857144,87.105719237435,Below Expected
87,1,46.52,32.29,19,14.230000000000004,748.9473684210528,43.957142857142856,105.83035424114398,Within Expected
75,1,32.46,22.3,16,10.16,635.0,33.82857142857143,95.95439189189189,Within Expected
161,2,100.01,88.97,10,11.040000000000006,1104.0000000000005,114.5,87.34497816593887,Below Expected
94,1,49.56,42.44,8,7.1200000000000045,890.0000000000006,50.285714285714285,98.55681818181819,Within Expected
87,1,38.17,33.22,4,4.950000000000003,1237.5000000000007,43.957142857142856,86.83457913552162,Below Expected
145,2,81.05,77.49,3,3.5600000000000023,1186.6666666666674,99.45714285714286,81.49238724504453,Below Expected
59,0,23.54,9.22,16,14.319999999999999,894.9999999999999,21.9,107.48858447488585,Within Expected
160,2,130.66,119.63,10,11.030000000000001,1103.0000000000002,113.57142857142857,115.04654088050314,Above Expected
96,1,38.02,30.75,10,7.270000000000003,727.0000000000003,52.142857142857146,72.9150684931507,Below Expected
120,1,84.78,72.07,10,12.710000000000008,1271.000000000001,75.08571428571427,112.9109589041096,Above Expected
48,0,17.32,10.44,19,6.880000000000001,362.10526315789474,14.942857142857143,115.90822179732314,Above Expected
145,2,81.57,74.25,7,7.319999999999993,1045.7142857142846,99.45714285714286,82.01522550991093,Below Expected
55,0,16.91,11.25,8,5.66,707.5,19.17142857142857,88.20417287630403,Below Expected
98,1,61.24,56.53,5,4.710000000000001,942.0000000000002,54.0,113.4074074074074,Above Expected
174,2,120.43,114.03,8,6.400000000000006,800.0000000000007,126.31428571428572,95.34155168513911,Within Expected
183,2,165.56,156.66,14,8.900000000000006,635.7142857142861,134.04285714285714,123.51273579878503,Above Expected
47,0,13.33,9.23,15,4.1,273.3333333333333,14.485714285714286,92.02169625246547,Within Expected
88,1,42.53,19.01,20,23.52,1176.0,44.84285714285714,94.84230646702773,Within Expected
161,2,102.29,82.34,18,19.950000000000003,1108.3333333333335,114.5,89.33624454148472,Below Expected
175,2,125.75,121.91,4,3.8400000000000034,960.0000000000009,127.2,98.86006289308176,Within Expected
50,0,16.59,10.82,19,5.77,303.6842105263158,16.02857142857143,103.50267379679143,Within Expected
45,0,15.58,6.31,18,9.27,515.0,13.571428571428571,114.80000000000001,Above Expected
123,1,79.3,68.61,11,10.689999999999998,971.8181818181815,78.04285714285714,101.61083653670144,Within Expected
125,1,86.43,57.09,21,29.340000000000003,1397.1428571428573,80.01428571428572,108.01821103374398,Within Expected
105,1,58.8,44.12,18,14.68,815.5555555555555,60.5,97.19008264462809,Within Expected
99,1,63.07,51.97,11,11.100000000000001,1009.0909090909092,54.92857142857143,114.8218465539662,Above Expected
172,2,131.31,125.42,10,5.890000000000001,589.0000000000001,124.54285714285714,105.43358568479009,Within Expected
154,2,103.35,97.67,6,5.679999999999993,946.6666666666654,108.0,95.69444444444444,Within Expected
57,0,18.24,14.44,10,3.799999999999999,379.9999999999999,20.5,88.97560975609755,Below Expected
157,2,91.03,72.2,16,18.83,1176.875,110.78571428571429,82.16763378465505,Below Expected
136,2,101.17,89.79,15,11.379999999999995,758.6666666666664,90.71428571428571,111.52598425196851,Above Expected
93,1,63.6,57.28,7,6.32,902.8571428571429,49.357142857142854,128.85672937771346,Above Expected
58,0,21.16,10.7,13,10.46,804.6153846153848,21.2,99.81132075471699,Within Expected
96,1,40.11,32.19,11,7.920000000000002,720.0000000000002,52.142857142857146,76.92328767123287,Below Expected
91,1,52.28,43.07,10,9.21,921.0,47.5,110.06315789473685,Above Expected
69,0,31.27,25.94,5,5.329999999999998,1065.9999999999995,29.157142857142855,107.24644781969623,Within Expected
144,2,110.51,80.93,21,29.58,1408.5714285714287,98.48571428571428,112.20916739193503,Above Expected
73,1,31.92,26.32,6,5.600000000000001,933.3333333333336,32.25714285714285,98.95482728077947,Within Expected
48,0,16.0,13.7,5,2.3000000000000007,460.0000000000001,14.942857142857143,107.07456978967495,Within Expected
114,1,62.38,47.84,17,14.54,855.2941176470588,69.24285714285713,90.08871466886735,Within Expected
140,2,86.98,84.49,5,2.490000000000009,498.0000000000018,94.6,91.94503171247358,Within Expected
116,1,67.15,59.0,9,8.150000000000006,905.5555555555562,71.18571428571428,94.3307244631748,Within Expected
88,1,44.94,40.71,6,4.229999999999997,704.9999999999995,44.84285714285714,100.21662949984072,Within Expected
169,2,118.72,116.03,4,2.6899999999999977,672.4999999999994,121.88571428571429,97.40271917487108,Within Expected
80,1,35.76,21.5,16,14.259999999999998,891.2499999999999,37.92857142857142,94.28248587570623,Within Expected
172,2,124.1,109.71,13,14.39,1106.923076923077,124.54285714285714,99.64441385638906,Within Expected
127,2,70.01,43.39,17,26.620000000000005,1565.8823529411768,81.97142857142858,85.40780759846636,Below Expected
91,1,41.67,37.95,4,3.719999999999999,929.9999999999998,47.5,87.72631578947369,Below Expected
165,2,125.65,113.6,12,12.050000000000011,1004.1666666666675,118.21428571428571,106.29003021148038,Within Expected
75,1,37.86,21.33,18,16.53,918.3333333333335,33.82857142857143,111.91722972972973,Above Expected
166,2,91.63,81.22,20,10.409999999999997,520.4999999999999,119.14285714285714,76.90767386091127,Below Expected
192,2,136.97,124.23,19,12.739999999999995,670.5263157894734,141.54285714285714,96.76927735163504,Within Expected
26,0,7.11,6.52,4,0.5900000000000007,147.5000000000002,6.9,103.04347826086956,Within Expected
148,2,84.27,67.21,21,17.060000000000002,812.3809523809525,102.34285714285714,82.34087102177554,Below Expected
122,1,86.06,66.59,18,19.47,1081.6666666666665,77.05714285714285,111.68335187245088,Above Expected
162,2,137.23,129.3,9,7.929999999999978,881.1111111111087,115.42857142857143,118.88737623762376,Above Expected
36,0,10.04,6.47,14,3.5699999999999994,254.99999999999994,9.885714285714286,101.56069364161849,Within Expected
143,2,72.82,54.72,14,18.099999999999994,1292.8571428571424,97.51428571428572,74.67623791385877,Below Expected
86,1,45.11,26.7,19,18.41,968.9473684210527,43.07142857142857,104.7330016583748,Within Expected
44,0,15.28,10.89,13,4.389999999999999,337.6923076923076,13.114285714285714,116.51416122004356,Above Expected
122,1,78.55,67.04,18,11.509999999999991,639.4444444444439,77.05714285714285,101.93733778272154,Within Expected
84,1,42.7,33.72,9,8.980000000000004,997.7777777777782,41.3,103.38983050847459,Within Expected
79,1,35.46,30.75,7,4.710000000000001,672.8571428571429,37.08571428571428,95.61633281972266,Within Expected
45,0,12.48,9.29,10,3.1900000000000013,319.0000000000001,13.571428571428571,91.9578947368421,Within Expected
85,1,32.1,11.6,19,20.5,1078.9473684210527,42.18571428571428,76.09210971892992,Below Expected
172,2,104.65,95.24,9,9.41000000000001,1045.5555555555568,124.54285714285714,84.02729983941272,Below Expected
114,1,57.61,50.48,10,7.130000000000003,713.0000000000003,69.24285714285713,83.19991747472665,Below Expected
172,2,136.54,131.38,5,5.159999999999997,1031.9999999999993,124.54285714285714,109.63294333562743,Within Expected
130,2,89.95,73.07,18,16.88000000000001,937.7777777777783,84.88571428571429,105.96600471221811,Within Expected
87,1,49.45,35.11,16,14.340000000000003,896.2500000000002,43.957142857142856,112.49593760155999,Above Expected
190,2,119.95,110.51,13,9.439999999999998,726.153846153846,139.9142857142857,85.73105983255054,Below Expected
133,2,84.6,66.13,20,18.47,923.5,87.8,96.35535307517084,Within Expected
149,2,105.93,98.24,11,7.690000000000012,699.0909090909103,103.28571428571429,102.56016597510373,Within Expected
69,0,25.39,17.76,11,7.629999999999999,693.6363636363635,29.157142857142855,87.0798628123469,Below Expected
134,2,92.99,84.96,9,8.030000000000001,892.2222222222224,88.77142857142857,104.75217251367879,Within Expected
154,2,97.84,83.51,20,14.329999999999998,716.4999999999999,108.0,90.5925925925926,Within Expected
67,0,31.62,19.81,13,11.810000000000002,908.4615384615387,27.67142857142857,114.2694889003614,Above Expected
77,1,34.09,19.2,17,14.890000000000004,875.8823529411767,35.4,96.29943502824861,Within Expected
40,0,11.08,5.09,12,5.99,499.1666666666667,11.428571428571429,96.95,Within Expected
153,2,118.93,103.42,13,15.510000000000005,1193.0769230769233,107.05714285714286,111.09020549773152,Above Expected
100,1,55.65,45.15,12,10.5,875.0,55.857142857142854,99.62915601023018,Within Expected
163,2,134.32,108.48,21,25.83999999999999,1230.4761904761901,116.35714285714286,115.43769183548187,Above Expected
68,0,26.69,21.08,9,5.610000000000003,623.3333333333336,28.414285714285715,93.93162393162393,Within Expected
120,1,76.59,63.37,11,13.220000000000006,1201.8181818181824,75.08571428571427,102.00342465753427,Within Expected
54,0,18.1,12.76,8,5.340000000000002,667.5000000000002,18.542857142857144,97.61171032357473,Within Expected
71,1,29.93,27.07,3,2.8599999999999994,953.3333333333331,30.685714285714283,97.53724394785847,Within Expected
187,2,124.55,112.42,14,12.129999999999995,866.4285714285711,137.4142857142857,90.63831999168312,Within Expected
142,2,127.98,123.96,3,4.02000000000001,1340.0000000000034,96.54285714285714,132.56288842852913,Above Expected
53,0,15.43,1.32,19,14.11,742.6315789473684,17.914285714285715,86.13237639553428,Below Expected
47,0,14.54,7.01,19,7.529999999999999,396.31578947368416,14.485714285714286,100.37475345167653,Within Expected
191,2,134.77,128.83,10,5.939999999999998,593.9999999999998,140.72857142857143,95.76591209014315,Within Expected
93,1,39.75,35.96,4,3.789999999999999,947.4999999999998,49.357142857142854,80.53545586107091,Below Expected
125,1,69.88,58.92,10,10.959999999999994,1095.9999999999993,80.01428571428572,87.33440457061238,Below Expected
184,2,140.97,125.92,15,15.049999999999997,1003.3333333333331,134.88571428571427,104.51069688625292,Within Expected
91,1,55.73,40.33,15,15.399999999999999,1026.6666666666665,47.5,117.32631578947368,Above Expected
171,2,153.24,140.19,19,13.050000000000011,686.8421052631585,123.65714285714286,123.92329020332717,Above Expected
188,2,184.13,172.79,12,11.340000000000003,945.0000000000002,138.25714285714284,133.17937590411245,Above Expected
179,2,136.35,128.43,8,7.9199999999999875,989.9999999999984,130.62857142857143,104.3799212598425,Within Expected
191,2,131.46,124.11,13,7.3500000000000085,565.384615384616,140.72857142857143,93.41386661252665,Within Expected
65,0,23.53,11.32,13,12.21,939.2307692307693,26.185714285714283,89.85815602836881,Below Expected
43,0,12.91,7.47,10,5.44,544.0,12.657142857142857,101.9977426636569,Within Expected
129,2,99.42,84.4,18,15.019999999999996,834.4444444444442,83.91428571428571,118.47803881511747,Above Expected
141,2,109.87,90.66,16,19.210000000000008,1200.6250000000005,95.57142857142857,114.96113602391631,Above Expected
93,1,41.69,35.42,6,6.269999999999996,1044.9999999999993,49.357142857142854,84.46599131693199,Below Expected
150,2,102.19,88.4,17,13.789999999999992,811.1764705882348,104.22857142857143,98.04413377192982,Within Expected
162,2,100.61,89.03,14,11.579999999999998,827.1428571428571,115.42857142857143,87.1621287128713,Below Expected
160,2,128.96,116.42,12,12.540000000000006,1045.0000000000007,113.57142857142857,113.54968553459119,Above Expected
130,2,72.62,58.45,18,14.170000000000002,787.2222222222223,84.88571428571429,85.55031975765736,Below Expected
189,2,142.62,135.27,9,7.349999999999994,816.666666666666,139.1,102.53055355859095,Within Expected
123,1,84.99,71.2,19,13.789999999999992,725.7894736842101,78.04285714285714,108.90170236133991,Within Expected
195,2,156.08,147.41,10,8.670000000000016,867.0000000000016,143.9857142857143,108.39964282170851,Within Expected
61,0,25.58,19.04,12,6.539999999999999,544.9999999999999,23.3,109.78540772532187,Within Expected
94,1,51.62,46.97,7,4.649999999999999,664.285714285714,50.285714285714285,102.6534090909091,Within Expected
169,2,147.09,142.35,7,4.740000000000009,677.1428571428585,121.88571428571429,120.67862165963432,Above Expected
105,1,67.34,48.92,18,18.42,1023.3333333333335,60.5,111.30578512396694,Above Expected
156,2,80.2,77.32,3,2.8800000000000097,960.0000000000032,109.85714285714286,73.0039011703511,Below Expected
118,1,83.11,79.49,3,3.6200000000000045,1206.666666666668,73.12857142857142,113.64915022465327,Above Expected
94,1,39.85,26.47,11,13.380000000000003,1216.3636363636365,50.285714285714285,79.2471590909091,Below Expected
72,1,25.55,15.97,19,9.58,504.2105263157894,31.47142857142857,81.18474807081253,Below Expected
137,2,93.13,72.43,15,20.69999999999999,1379.9999999999993,91.68571428571428,101.57525708943595,Within Expected
162,2,121.22,103.79,19,17.429999999999993,917.3684210526312,115.42857142857143,105.01732673267325,Within Expected
167,2,147.54,129.41,16,18.129999999999995,1133.1249999999998,120.07142857142857,122.87685901249257,Above Expected
157,2,118.58,108.35,18,10.230000000000004,568.3333333333336,110.78571428571429,107.03546099290779,Within Expected
175,2,140.77,128.26,15,12.51000000000002,834.0000000000013,127.2,110.6682389937107,Above Expected
44,0,11.73,8.93,5,2.8000000000000007,560.0000000000001,13.114285714285714,89.44444444444444,Below Expected
115,1,68.12,53.47,16,14.650000000000006,915.6250000000003,70.21428571428571,97.01729399796542,Within Expected
112,1,76.45,64.45,21,12.0,571.4285714285714,67.3,113.5958395245171,Above Expected
132,2,92.43,79.12,13,13.310000000000002,1023.846153846154,86.82857142857142,106.4511352418559,Within Expected
127,2,72.85,69.99,13,2.8599999999999994,219.99999999999994,81.97142857142858,88.87242941791564,Below Expected
78,1,26.96,24.88,3,2.080000000000002,693.3333333333339,36.24285714285714,74.38707134410723,Below Expected
79,1,31.46,13.16,17,18.3,1076.4705882352941,37.08571428571428,84.83050847457628,Below Expected
73,1,33.25,20.97,14,12.280000000000001,877.1428571428572,32.25714285714285,103.07794508414527,Within Expected
150,2,106.71,98.03,14,8.679999999999993,619.9999999999994,104.22857142857143,102.38075657894737,Within Expected
94,1,42.01,25.58,19,16.43,864.7368421052631,50.285714285714285,83.54261363636364,Below Expected
167,2,118.94,115.68,5,3.259999999999991,651.9999999999982,120.07142857142857,99.05770374776918,Within Expected
68,0,25.85,20.6,7,5.25,750.0,28.414285714285715,90.97536450477627,Within Expected
87,1,33.66,27.93,8,5.729999999999997,716.2499999999997,43.957142857142856,76.57458563535911,Below Expected
134,2,98.45,91.01,11,7.439999999999998,676.3636363636361,88.77142857142857,110.90280012874156,Above Expected
106,1,57.9,39.57,15,18.33,1222.0,61.47142857142857,94.1900999302812,Within Expected
74,1,27.54,12.86,17,14.68,863.5294117647059,33.042857142857144,83.34630350194551,Below Expected
194,2,147.2,139.91,11,7.289999999999992,662.7272727272721,143.17142857142858,102.81380961883855,Within Expected
175,2,130.26,115.27,18,14.989999999999995,832.7777777777775,127.2,102.40566037735847,Within Expected
106,1,61.44,52.76,9,8.68,964.4444444444445,61.47142857142857,99.94887287938647,Within Expected
81,1,36.25,28.65,13,7.600000000000001,584.6153846153848,38.77142857142857,93.49668386145909,Within Expected
182,2,160.16,158.29,5,1.8700000000000045,374.0000000000009,133.2,120.24024024024025,Above Expected
120,1,75.43,67.83,9,7.6000000000000085,844.4444444444455,75.08571428571427,100.45852359208527,Within Expected
77,1,39.56,31.21,9,8.350000000000001,927.7777777777779,35.4,111.75141242937853,Above Expected
100,1,58.07,38.24,16,19.83,1239.375,55.857142857142854,103.9616368286445,Within Expected
144,2,77.13,72.64,4,4.489999999999995,1122.4999999999986,98.48571428571428,78.31592689295039,Below Expected
